datetime,timestamp,fundingRate,symbol,info
2025-05-12 08:00:00,1747036800000,0.0001,BTC/USDT:USDT,"{'formulaType': 'withRate', 'fundingRate': '0.0001', 'fundingTime': '1747036800000', 'instId': 'BTC-USDT-SWAP', 'instType': 'SWAP', 'method': 'current_period', 'realizedRate': '0.0001'}"
2025-05-12 08:00:00,1747036800000,0.0001,BTC/USDT:USDT,"{'formulaType': 'withRate', 'fundingRate': '0.0001', 'fundingTime': '1747036800000', 'instId': 'BTC-USDT-SWAP', 'instType': 'SWAP', 'method': 'current_period', 'realizedRate': '0.0001'}"
2025-05-12 08:00:00,1747036800000,0.0001,BTC/USDT:USDT,"{'formulaType': 'withRate', 'fundingRate': '0.0001', 'fundingTime': '1747036800000', 'instId': 'BTC-USDT-SWAP', 'instType': 'SWAP', 'method': 'current_period', 'realizedRate': '0.0001'}"
2025-05-12 08:00:00,1747036800000,0.0001,BTC/USDT:USDT,"{'formulaType': 'withRate', 'fundingRate': '0.0001', 'fundingTime': '1747036800000', 'instId': 'BTC-USDT-SWAP', 'instType': 'SWAP', 'method': 'current_period', 'realizedRate': '0.0001'}"
2025-05-12 08:00:00,1747036800000,0.0001,BTC/USDT:USDT,"{'formulaType': 'withRate', 'fundingRate': '0.0001', 'fundingTime': '1747036800000', 'instId': 'BTC-USDT-SWAP', 'instType': 'SWAP', 'method': 'current_period', 'realizedRate': '0.0001'}"
2025-05-12 08:00:00,1747036800000,0.0001,BTC/USDT:USDT,"{'formulaType': 'withRate', 'fundingRate': '0.0001', 'fundingTime': '1747036800000', 'instId': 'BTC-USDT-SWAP', 'instType': 'SWAP', 'method': 'current_period', 'realizedRate': '0.0001'}"
2025-05-12 08:00:00,1747036800000,0.0001,BTC/USDT:USDT,"{'formulaType': 'withRate', 'fundingRate': '0.0001', 'fundingTime': '1747036800000', 'instId': 'BTC-USDT-SWAP', 'instType': 'SWAP', 'method': 'current_period', 'realizedRate': '0.0001'}"
2025-05-12 08:00:00,1747036800000,0.0001,BTC/USDT:USDT,"{'formulaType': 'withRate', 'fundingRate': '0.0001', 'fundingTime': '1747036800000', 'instId': 'BTC-USDT-SWAP', 'instType': 'SWAP', 'method': 'current_period', 'realizedRate': '0.0001'}"
2025-05-12 08:00:00,1747036800000,0.0001,BTC/USDT:USDT,"{'formulaType': 'withRate', 'fundingRate': '0.0001', 'fundingTime': '1747036800000', 'instId': 'BTC-USDT-SWAP', 'instType': 'SWAP', 'method': 'current_period', 'realizedRate': '0.0001'}"
2025-05-12 08:00:00,1747036800000,0.0001,BTC/USDT:USDT,"{'formulaType': 'withRate', 'fundingRate': '0.0001', 'fundingTime': '1747036800000', 'instId': 'BTC-USDT-SWAP', 'instType': 'SWAP', 'method': 'current_period', 'realizedRate': '0.0001'}"
2025-05-12 08:00:00,1747036800000,0.0001,BTC/USDT:USDT,"{'formulaType': 'withRate', 'fundingRate': '0.0001', 'fundingTime': '1747036800000', 'instId': 'BTC-USDT-SWAP', 'instType': 'SWAP', 'method': 'current_period', 'realizedRate': '0.0001'}"
2025-05-12 08:00:00,1747036800000,0.0001,BTC/USDT:USDT,"{'formulaType': 'withRate', 'fundingRate': '0.0001', 'fundingTime': '1747036800000', 'instId': 'BTC-USDT-SWAP', 'instType': 'SWAP', 'method': 'current_period', 'realizedRate': '0.0001'}"
2025-05-12 08:00:00,1747036800000,0.0001,BTC/USDT:USDT,"{'formulaType': 'withRate', 'fundingRate': '0.0001', 'fundingTime': '1747036800000', 'instId': 'BTC-USDT-SWAP', 'instType': 'SWAP', 'method': 'current_period', 'realizedRate': '0.0001'}"
2025-05-12 08:00:00,1747036800000,0.0001,BTC/USDT:USDT,"{'formulaType': 'withRate', 'fundingRate': '0.0001', 'fundingTime': '1747036800000', 'instId': 'BTC-USDT-SWAP', 'instType': 'SWAP', 'method': 'current_period', 'realizedRate': '0.0001'}"
2025-05-12 08:00:00,1747036800000,0.0001,BTC/USDT:USDT,"{'formulaType': 'withRate', 'fundingRate': '0.0001', 'fundingTime': '1747036800000', 'instId': 'BTC-USDT-SWAP', 'instType': 'SWAP', 'method': 'current_period', 'realizedRate': '0.0001'}"
2025-05-12 08:00:00,1747036800000,0.0001,BTC/USDT:USDT,"{'formulaType': 'withRate', 'fundingRate': '0.0001', 'fundingTime': '1747036800000', 'instId': 'BTC-USDT-SWAP', 'instType': 'SWAP', 'method': 'current_period', 'realizedRate': '0.0001'}"
2025-05-12 08:00:00,1747036800000,0.0001,BTC/USDT:USDT,"{'formulaType': 'withRate', 'fundingRate': '0.0001', 'fundingTime': '1747036800000', 'instId': 'BTC-USDT-SWAP', 'instType': 'SWAP', 'method': 'current_period', 'realizedRate': '0.0001'}"
2025-05-12 08:00:00,1747036800000,0.0001,BTC/USDT:USDT,"{'formulaType': 'withRate', 'fundingRate': '0.0001', 'fundingTime': '1747036800000', 'instId': 'BTC-USDT-SWAP', 'instType': 'SWAP', 'method': 'current_period', 'realizedRate': '0.0001'}"
2025-05-12 08:00:00,1747036800000,0.0001,BTC/USDT:USDT,"{'formulaType': 'withRate', 'fundingRate': '0.0001', 'fundingTime': '1747036800000', 'instId': 'BTC-USDT-SWAP', 'instType': 'SWAP', 'method': 'current_period', 'realizedRate': '0.0001'}"
2025-05-12 08:00:00,1747036800000,0.0001,BTC/USDT:USDT,"{'formulaType': 'withRate', 'fundingRate': '0.0001', 'fundingTime': '1747036800000', 'instId': 'BTC-USDT-SWAP', 'instType': 'SWAP', 'method': 'current_period', 'realizedRate': '0.0001'}"
2025-05-12 08:00:00,1747036800000,0.0001,BTC/USDT:USDT,"{'formulaType': 'withRate', 'fundingRate': '0.0001', 'fundingTime': '1747036800000', 'instId': 'BTC-USDT-SWAP', 'instType': 'SWAP', 'method': 'current_period', 'realizedRate': '0.0001'}"
2025-05-12 08:00:00,1747036800000,0.0001,BTC/USDT:USDT,"{'formulaType': 'withRate', 'fundingRate': '0.0001', 'fundingTime': '1747036800000', 'instId': 'BTC-USDT-SWAP', 'instType': 'SWAP', 'method': 'current_period', 'realizedRate': '0.0001'}"
2025-05-12 08:00:00,1747036800000,0.0001,BTC/USDT:USDT,"{'formulaType': 'withRate', 'fundingRate': '0.0001', 'fundingTime': '1747036800000', 'instId': 'BTC-USDT-SWAP', 'instType': 'SWAP', 'method': 'current_period', 'realizedRate': '0.0001'}"
2025-05-12 08:00:00,1747036800000,0.0001,BTC/USDT:USDT,"{'formulaType': 'withRate', 'fundingRate': '0.0001', 'fundingTime': '1747036800000', 'instId': 'BTC-USDT-SWAP', 'instType': 'SWAP', 'method': 'current_period', 'realizedRate': '0.0001'}"
2025-05-12 08:00:00,1747036800000,0.0001,BTC/USDT:USDT,"{'formulaType': 'withRate', 'fundingRate': '0.0001', 'fundingTime': '1747036800000', 'instId': 'BTC-USDT-SWAP', 'instType': 'SWAP', 'method': 'current_period', 'realizedRate': '0.0001'}"
2025-05-12 08:00:00,1747036800000,0.0001,BTC/USDT:USDT,"{'formulaType': 'withRate', 'fundingRate': '0.0001', 'fundingTime': '1747036800000', 'instId': 'BTC-USDT-SWAP', 'instType': 'SWAP', 'method': 'current_period', 'realizedRate': '0.0001'}"
2025-05-12 08:00:00,1747036800000,0.0001,BTC/USDT:USDT,"{'formulaType': 'withRate', 'fundingRate': '0.0001', 'fundingTime': '1747036800000', 'instId': 'BTC-USDT-SWAP', 'instType': 'SWAP', 'method': 'current_period', 'realizedRate': '0.0001'}"
2025-05-12 08:00:00,1747036800000,0.0001,BTC/USDT:USDT,"{'formulaType': 'withRate', 'fundingRate': '0.0001', 'fundingTime': '1747036800000', 'instId': 'BTC-USDT-SWAP', 'instType': 'SWAP', 'method': 'current_period', 'realizedRate': '0.0001'}"
2025-05-12 08:00:00,1747036800000,0.0001,BTC/USDT:USDT,"{'formulaType': 'withRate', 'fundingRate': '0.0001', 'fundingTime': '1747036800000', 'instId': 'BTC-USDT-SWAP', 'instType': 'SWAP', 'method': 'current_period', 'realizedRate': '0.0001'}"
2025-05-12 08:00:00,1747036800000,0.0001,BTC/USDT:USDT,"{'formulaType': 'withRate', 'fundingRate': '0.0001', 'fundingTime': '1747036800000', 'instId': 'BTC-USDT-SWAP', 'instType': 'SWAP', 'method': 'current_period', 'realizedRate': '0.0001'}"
2025-05-12 08:00:00,1747036800000,0.0001,BTC/USDT:USDT,"{'formulaType': 'withRate', 'fundingRate': '0.0001', 'fundingTime': '1747036800000', 'instId': 'BTC-USDT-SWAP', 'instType': 'SWAP', 'method': 'current_period', 'realizedRate': '0.0001'}"
2025-05-12 08:00:00,1747036800000,0.0001,BTC/USDT:USDT,"{'formulaType': 'withRate', 'fundingRate': '0.0001', 'fundingTime': '1747036800000', 'instId': 'BTC-USDT-SWAP', 'instType': 'SWAP', 'method': 'current_period', 'realizedRate': '0.0001'}"
2025-05-12 08:00:00,1747036800000,0.0001,BTC/USDT:USDT,"{'formulaType': 'withRate', 'fundingRate': '0.0001', 'fundingTime': '1747036800000', 'instId': 'BTC-USDT-SWAP', 'instType': 'SWAP', 'method': 'current_period', 'realizedRate': '0.0001'}"
2025-05-12 08:00:00,1747036800000,0.0001,BTC/USDT:USDT,"{'formulaType': 'withRate', 'fundingRate': '0.0001', 'fundingTime': '1747036800000', 'instId': 'BTC-USDT-SWAP', 'instType': 'SWAP', 'method': 'current_period', 'realizedRate': '0.0001'}"
2025-05-12 08:00:00,1747036800000,0.0001,BTC/USDT:USDT,"{'formulaType': 'withRate', 'fundingRate': '0.0001', 'fundingTime': '1747036800000', 'instId': 'BTC-USDT-SWAP', 'instType': 'SWAP', 'method': 'current_period', 'realizedRate': '0.0001'}"
2025-05-12 08:00:00,1747036800000,0.0001,BTC/USDT:USDT,"{'formulaType': 'withRate', 'fundingRate': '0.0001', 'fundingTime': '1747036800000', 'instId': 'BTC-USDT-SWAP', 'instType': 'SWAP', 'method': 'current_period', 'realizedRate': '0.0001'}"
2025-05-12 08:00:00,1747036800000,0.0001,BTC/USDT:USDT,"{'formulaType': 'withRate', 'fundingRate': '0.0001', 'fundingTime': '1747036800000', 'instId': 'BTC-USDT-SWAP', 'instType': 'SWAP', 'method': 'current_period', 'realizedRate': '0.0001'}"
2025-05-12 16:00:00,1747065600000,8.07735089841e-05,BTC/USDT:USDT,"{'formulaType': 'withRate', 'fundingRate': '0.0000807735089841', 'fundingTime': '1747065600000', 'instId': 'BTC-USDT-SWAP', 'instType': 'SWAP', 'method': 'current_period', 'realizedRate': '0.0000807735089841'}"
2025-05-12 16:00:00,1747065600000,8.07735089841e-05,BTC/USDT:USDT,"{'formulaType': 'withRate', 'fundingRate': '0.0000807735089841', 'fundingTime': '1747065600000', 'instId': 'BTC-USDT-SWAP', 'instType': 'SWAP', 'method': 'current_period', 'realizedRate': '0.0000807735089841'}"
2025-05-12 16:00:00,1747065600000,8.07735089841e-05,BTC/USDT:USDT,"{'formulaType': 'withRate', 'fundingRate': '0.0000807735089841', 'fundingTime': '1747065600000', 'instId': 'BTC-USDT-SWAP', 'instType': 'SWAP', 'method': 'current_period', 'realizedRate': '0.0000807735089841'}"
2025-05-12 16:00:00,1747065600000,8.07735089841e-05,BTC/USDT:USDT,"{'formulaType': 'withRate', 'fundingRate': '0.0000807735089841', 'fundingTime': '1747065600000', 'instId': 'BTC-USDT-SWAP', 'instType': 'SWAP', 'method': 'current_period', 'realizedRate': '0.0000807735089841'}"
2025-05-12 16:00:00,1747065600000,8.07735089841e-05,BTC/USDT:USDT,"{'formulaType': 'withRate', 'fundingRate': '0.0000807735089841', 'fundingTime': '1747065600000', 'instId': 'BTC-USDT-SWAP', 'instType': 'SWAP', 'method': 'current_period', 'realizedRate': '0.0000807735089841'}"
2025-05-12 16:00:00,1747065600000,8.07735089841e-05,BTC/USDT:USDT,"{'formulaType': 'withRate', 'fundingRate': '0.0000807735089841', 'fundingTime': '1747065600000', 'instId': 'BTC-USDT-SWAP', 'instType': 'SWAP', 'method': 'current_period', 'realizedRate': '0.0000807735089841'}"
2025-05-12 16:00:00,1747065600000,8.07735089841e-05,BTC/USDT:USDT,"{'formulaType': 'withRate', 'fundingRate': '0.0000807735089841', 'fundingTime': '1747065600000', 'instId': 'BTC-USDT-SWAP', 'instType': 'SWAP', 'method': 'current_period', 'realizedRate': '0.0000807735089841'}"
2025-05-12 16:00:00,1747065600000,8.07735089841e-05,BTC/USDT:USDT,"{'formulaType': 'withRate', 'fundingRate': '0.0000807735089841', 'fundingTime': '1747065600000', 'instId': 'BTC-USDT-SWAP', 'instType': 'SWAP', 'method': 'current_period', 'realizedRate': '0.0000807735089841'}"
2025-05-12 16:00:00,1747065600000,8.07735089841e-05,BTC/USDT:USDT,"{'formulaType': 'withRate', 'fundingRate': '0.0000807735089841', 'fundingTime': '1747065600000', 'instId': 'BTC-USDT-SWAP', 'instType': 'SWAP', 'method': 'current_period', 'realizedRate': '0.0000807735089841'}"
2025-05-12 16:00:00,1747065600000,8.07735089841e-05,BTC/USDT:USDT,"{'formulaType': 'withRate', 'fundingRate': '0.0000807735089841', 'fundingTime': '1747065600000', 'instId': 'BTC-USDT-SWAP', 'instType': 'SWAP', 'method': 'current_period', 'realizedRate': '0.0000807735089841'}"
2025-05-12 16:00:00,1747065600000,8.07735089841e-05,BTC/USDT:USDT,"{'formulaType': 'withRate', 'fundingRate': '0.0000807735089841', 'fundingTime': '1747065600000', 'instId': 'BTC-USDT-SWAP', 'instType': 'SWAP', 'method': 'current_period', 'realizedRate': '0.0000807735089841'}"
2025-05-12 16:00:00,1747065600000,8.07735089841e-05,BTC/USDT:USDT,"{'formulaType': 'withRate', 'fundingRate': '0.0000807735089841', 'fundingTime': '1747065600000', 'instId': 'BTC-USDT-SWAP', 'instType': 'SWAP', 'method': 'current_period', 'realizedRate': '0.0000807735089841'}"
2025-05-12 16:00:00,1747065600000,8.07735089841e-05,BTC/USDT:USDT,"{'formulaType': 'withRate', 'fundingRate': '0.0000807735089841', 'fundingTime': '1747065600000', 'instId': 'BTC-USDT-SWAP', 'instType': 'SWAP', 'method': 'current_period', 'realizedRate': '0.0000807735089841'}"
2025-05-12 16:00:00,1747065600000,8.07735089841e-05,BTC/USDT:USDT,"{'formulaType': 'withRate', 'fundingRate': '0.0000807735089841', 'fundingTime': '1747065600000', 'instId': 'BTC-USDT-SWAP', 'instType': 'SWAP', 'method': 'current_period', 'realizedRate': '0.0000807735089841'}"
2025-05-12 16:00:00,1747065600000,8.07735089841e-05,BTC/USDT:USDT,"{'formulaType': 'withRate', 'fundingRate': '0.0000807735089841', 'fundingTime': '1747065600000', 'instId': 'BTC-USDT-SWAP', 'instType': 'SWAP', 'method': 'current_period', 'realizedRate': '0.0000807735089841'}"
2025-05-12 16:00:00,1747065600000,8.07735089841e-05,BTC/USDT:USDT,"{'formulaType': 'withRate', 'fundingRate': '0.0000807735089841', 'fundingTime': '1747065600000', 'instId': 'BTC-USDT-SWAP', 'instType': 'SWAP', 'method': 'current_period', 'realizedRate': '0.0000807735089841'}"
2025-05-12 16:00:00,1747065600000,8.07735089841e-05,BTC/USDT:USDT,"{'formulaType': 'withRate', 'fundingRate': '0.0000807735089841', 'fundingTime': '1747065600000', 'instId': 'BTC-USDT-SWAP', 'instType': 'SWAP', 'method': 'current_period', 'realizedRate': '0.0000807735089841'}"
2025-05-12 16:00:00,1747065600000,8.07735089841e-05,BTC/USDT:USDT,"{'formulaType': 'withRate', 'fundingRate': '0.0000807735089841', 'fundingTime': '1747065600000', 'instId': 'BTC-USDT-SWAP', 'instType': 'SWAP', 'method': 'current_period', 'realizedRate': '0.0000807735089841'}"
2025-05-12 16:00:00,1747065600000,8.07735089841e-05,BTC/USDT:USDT,"{'formulaType': 'withRate', 'fundingRate': '0.0000807735089841', 'fundingTime': '1747065600000', 'instId': 'BTC-USDT-SWAP', 'instType': 'SWAP', 'method': 'current_period', 'realizedRate': '0.0000807735089841'}"
2025-05-12 16:00:00,1747065600000,8.07735089841e-05,BTC/USDT:USDT,"{'formulaType': 'withRate', 'fundingRate': '0.0000807735089841', 'fundingTime': '1747065600000', 'instId': 'BTC-USDT-SWAP', 'instType': 'SWAP', 'method': 'current_period', 'realizedRate': '0.0000807735089841'}"
2025-05-12 16:00:00,1747065600000,8.07735089841e-05,BTC/USDT:USDT,"{'formulaType': 'withRate', 'fundingRate': '0.0000807735089841', 'fundingTime': '1747065600000', 'instId': 'BTC-USDT-SWAP', 'instType': 'SWAP', 'method': 'current_period', 'realizedRate': '0.0000807735089841'}"
2025-05-12 16:00:00,1747065600000,8.07735089841e-05,BTC/USDT:USDT,"{'formulaType': 'withRate', 'fundingRate': '0.0000807735089841', 'fundingTime': '1747065600000', 'instId': 'BTC-USDT-SWAP', 'instType': 'SWAP', 'method': 'current_period', 'realizedRate': '0.0000807735089841'}"
2025-05-12 16:00:00,1747065600000,8.07735089841e-05,BTC/USDT:USDT,"{'formulaType': 'withRate', 'fundingRate': '0.0000807735089841', 'fundingTime': '1747065600000', 'instId': 'BTC-USDT-SWAP', 'instType': 'SWAP', 'method': 'current_period', 'realizedRate': '0.0000807735089841'}"
2025-05-12 16:00:00,1747065600000,8.07735089841e-05,BTC/USDT:USDT,"{'formulaType': 'withRate', 'fundingRate': '0.0000807735089841', 'fundingTime': '1747065600000', 'instId': 'BTC-USDT-SWAP', 'instType': 'SWAP', 'method': 'current_period', 'realizedRate': '0.0000807735089841'}"
2025-05-12 16:00:00,1747065600000,8.07735089841e-05,BTC/USDT:USDT,"{'formulaType': 'withRate', 'fundingRate': '0.0000807735089841', 'fundingTime': '1747065600000', 'instId': 'BTC-USDT-SWAP', 'instType': 'SWAP', 'method': 'current_period', 'realizedRate': '0.0000807735089841'}"
2025-05-12 16:00:00,1747065600000,8.07735089841e-05,BTC/USDT:USDT,"{'formulaType': 'withRate', 'fundingRate': '0.0000807735089841', 'fundingTime': '1747065600000', 'instId': 'BTC-USDT-SWAP', 'instType': 'SWAP', 'method': 'current_period', 'realizedRate': '0.0000807735089841'}"
2025-05-12 16:00:00,1747065600000,8.07735089841e-05,BTC/USDT:USDT,"{'formulaType': 'withRate', 'fundingRate': '0.0000807735089841', 'fundingTime': '1747065600000', 'instId': 'BTC-USDT-SWAP', 'instType': 'SWAP', 'method': 'current_period', 'realizedRate': '0.0000807735089841'}"
2025-05-12 16:00:00,1747065600000,8.07735089841e-05,BTC/USDT:USDT,"{'formulaType': 'withRate', 'fundingRate': '0.0000807735089841', 'fundingTime': '1747065600000', 'instId': 'BTC-USDT-SWAP', 'instType': 'SWAP', 'method': 'current_period', 'realizedRate': '0.0000807735089841'}"
2025-05-12 16:00:00,1747065600000,8.07735089841e-05,BTC/USDT:USDT,"{'formulaType': 'withRate', 'fundingRate': '0.0000807735089841', 'fundingTime': '1747065600000', 'instId': 'BTC-USDT-SWAP', 'instType': 'SWAP', 'method': 'current_period', 'realizedRate': '0.0000807735089841'}"
2025-05-12 16:00:00,1747065600000,8.07735089841e-05,BTC/USDT:USDT,"{'formulaType': 'withRate', 'fundingRate': '0.0000807735089841', 'fundingTime': '1747065600000', 'instId': 'BTC-USDT-SWAP', 'instType': 'SWAP', 'method': 'current_period', 'realizedRate': '0.0000807735089841'}"
2025-05-12 16:00:00,1747065600000,8.07735089841e-05,BTC/USDT:USDT,"{'formulaType': 'withRate', 'fundingRate': '0.0000807735089841', 'fundingTime': '1747065600000', 'instId': 'BTC-USDT-SWAP', 'instType': 'SWAP', 'method': 'current_period', 'realizedRate': '0.0000807735089841'}"
2025-05-12 16:00:00,1747065600000,8.07735089841e-05,BTC/USDT:USDT,"{'formulaType': 'withRate', 'fundingRate': '0.0000807735089841', 'fundingTime': '1747065600000', 'instId': 'BTC-USDT-SWAP', 'instType': 'SWAP', 'method': 'current_period', 'realizedRate': '0.0000807735089841'}"
2025-05-12 16:00:00,1747065600000,8.07735089841e-05,BTC/USDT:USDT,"{'formulaType': 'withRate', 'fundingRate': '0.0000807735089841', 'fundingTime': '1747065600000', 'instId': 'BTC-USDT-SWAP', 'instType': 'SWAP', 'method': 'current_period', 'realizedRate': '0.0000807735089841'}"
2025-05-12 16:00:00,1747065600000,8.07735089841e-05,BTC/USDT:USDT,"{'formulaType': 'withRate', 'fundingRate': '0.0000807735089841', 'fundingTime': '1747065600000', 'instId': 'BTC-USDT-SWAP', 'instType': 'SWAP', 'method': 'current_period', 'realizedRate': '0.0000807735089841'}"
2025-05-12 16:00:00,1747065600000,8.07735089841e-05,BTC/USDT:USDT,"{'formulaType': 'withRate', 'fundingRate': '0.0000807735089841', 'fundingTime': '1747065600000', 'instId': 'BTC-USDT-SWAP', 'instType': 'SWAP', 'method': 'current_period', 'realizedRate': '0.0000807735089841'}"
2025-05-12 16:00:00,1747065600000,8.07735089841e-05,BTC/USDT:USDT,"{'formulaType': 'withRate', 'fundingRate': '0.0000807735089841', 'fundingTime': '1747065600000', 'instId': 'BTC-USDT-SWAP', 'instType': 'SWAP', 'method': 'current_period', 'realizedRate': '0.0000807735089841'}"
2025-05-12 16:00:00,1747065600000,8.07735089841e-05,BTC/USDT:USDT,"{'formulaType': 'withRate', 'fundingRate': '0.0000807735089841', 'fundingTime': '1747065600000', 'instId': 'BTC-USDT-SWAP', 'instType': 'SWAP', 'method': 'current_period', 'realizedRate': '0.0000807735089841'}"
2025-05-13 00:00:00,1747094400000,7.85974223231e-05,BTC/USDT:USDT,"{'formulaType': 'withRate', 'fundingRate': '0.0000785974223231', 'fundingTime': '1747094400000', 'instId': 'BTC-USDT-SWAP', 'instType': 'SWAP', 'method': 'current_period', 'realizedRate': '0.0000785974223231'}"
2025-05-13 00:00:00,1747094400000,7.85974223231e-05,BTC/USDT:USDT,"{'formulaType': 'withRate', 'fundingRate': '0.0000785974223231', 'fundingTime': '1747094400000', 'instId': 'BTC-USDT-SWAP', 'instType': 'SWAP', 'method': 'current_period', 'realizedRate': '0.0000785974223231'}"
2025-05-13 00:00:00,1747094400000,7.85974223231e-05,BTC/USDT:USDT,"{'formulaType': 'withRate', 'fundingRate': '0.0000785974223231', 'fundingTime': '1747094400000', 'instId': 'BTC-USDT-SWAP', 'instType': 'SWAP', 'method': 'current_period', 'realizedRate': '0.0000785974223231'}"
2025-05-13 00:00:00,1747094400000,7.85974223231e-05,BTC/USDT:USDT,"{'formulaType': 'withRate', 'fundingRate': '0.0000785974223231', 'fundingTime': '1747094400000', 'instId': 'BTC-USDT-SWAP', 'instType': 'SWAP', 'method': 'current_period', 'realizedRate': '0.0000785974223231'}"
2025-05-13 00:00:00,1747094400000,7.85974223231e-05,BTC/USDT:USDT,"{'formulaType': 'withRate', 'fundingRate': '0.0000785974223231', 'fundingTime': '1747094400000', 'instId': 'BTC-USDT-SWAP', 'instType': 'SWAP', 'method': 'current_period', 'realizedRate': '0.0000785974223231'}"
2025-05-13 00:00:00,1747094400000,7.85974223231e-05,BTC/USDT:USDT,"{'formulaType': 'withRate', 'fundingRate': '0.0000785974223231', 'fundingTime': '1747094400000', 'instId': 'BTC-USDT-SWAP', 'instType': 'SWAP', 'method': 'current_period', 'realizedRate': '0.0000785974223231'}"
2025-05-13 00:00:00,1747094400000,7.85974223231e-05,BTC/USDT:USDT,"{'formulaType': 'withRate', 'fundingRate': '0.0000785974223231', 'fundingTime': '1747094400000', 'instId': 'BTC-USDT-SWAP', 'instType': 'SWAP', 'method': 'current_period', 'realizedRate': '0.0000785974223231'}"
2025-05-13 00:00:00,1747094400000,7.85974223231e-05,BTC/USDT:USDT,"{'formulaType': 'withRate', 'fundingRate': '0.0000785974223231', 'fundingTime': '1747094400000', 'instId': 'BTC-USDT-SWAP', 'instType': 'SWAP', 'method': 'current_period', 'realizedRate': '0.0000785974223231'}"
2025-05-13 00:00:00,1747094400000,7.85974223231e-05,BTC/USDT:USDT,"{'formulaType': 'withRate', 'fundingRate': '0.0000785974223231', 'fundingTime': '1747094400000', 'instId': 'BTC-USDT-SWAP', 'instType': 'SWAP', 'method': 'current_period', 'realizedRate': '0.0000785974223231'}"
2025-05-13 00:00:00,1747094400000,7.85974223231e-05,BTC/USDT:USDT,"{'formulaType': 'withRate', 'fundingRate': '0.0000785974223231', 'fundingTime': '1747094400000', 'instId': 'BTC-USDT-SWAP', 'instType': 'SWAP', 'method': 'current_period', 'realizedRate': '0.0000785974223231'}"
2025-05-13 00:00:00,1747094400000,7.85974223231e-05,BTC/USDT:USDT,"{'formulaType': 'withRate', 'fundingRate': '0.0000785974223231', 'fundingTime': '1747094400000', 'instId': 'BTC-USDT-SWAP', 'instType': 'SWAP', 'method': 'current_period', 'realizedRate': '0.0000785974223231'}"
2025-05-13 00:00:00,1747094400000,7.85974223231e-05,BTC/USDT:USDT,"{'formulaType': 'withRate', 'fundingRate': '0.0000785974223231', 'fundingTime': '1747094400000', 'instId': 'BTC-USDT-SWAP', 'instType': 'SWAP', 'method': 'current_period', 'realizedRate': '0.0000785974223231'}"
2025-05-13 00:00:00,1747094400000,7.85974223231e-05,BTC/USDT:USDT,"{'formulaType': 'withRate', 'fundingRate': '0.0000785974223231', 'fundingTime': '1747094400000', 'instId': 'BTC-USDT-SWAP', 'instType': 'SWAP', 'method': 'current_period', 'realizedRate': '0.0000785974223231'}"
2025-05-13 00:00:00,1747094400000,7.85974223231e-05,BTC/USDT:USDT,"{'formulaType': 'withRate', 'fundingRate': '0.0000785974223231', 'fundingTime': '1747094400000', 'instId': 'BTC-USDT-SWAP', 'instType': 'SWAP', 'method': 'current_period', 'realizedRate': '0.0000785974223231'}"
2025-05-13 00:00:00,1747094400000,7.85974223231e-05,BTC/USDT:USDT,"{'formulaType': 'withRate', 'fundingRate': '0.0000785974223231', 'fundingTime': '1747094400000', 'instId': 'BTC-USDT-SWAP', 'instType': 'SWAP', 'method': 'current_period', 'realizedRate': '0.0000785974223231'}"
2025-05-13 00:00:00,1747094400000,7.85974223231e-05,BTC/USDT:USDT,"{'formulaType': 'withRate', 'fundingRate': '0.0000785974223231', 'fundingTime': '1747094400000', 'instId': 'BTC-USDT-SWAP', 'instType': 'SWAP', 'method': 'current_period', 'realizedRate': '0.0000785974223231'}"
2025-05-13 00:00:00,1747094400000,7.85974223231e-05,BTC/USDT:USDT,"{'formulaType': 'withRate', 'fundingRate': '0.0000785974223231', 'fundingTime': '1747094400000', 'instId': 'BTC-USDT-SWAP', 'instType': 'SWAP', 'method': 'current_period', 'realizedRate': '0.0000785974223231'}"
2025-05-13 00:00:00,1747094400000,7.85974223231e-05,BTC/USDT:USDT,"{'formulaType': 'withRate', 'fundingRate': '0.0000785974223231', 'fundingTime': '1747094400000', 'instId': 'BTC-USDT-SWAP', 'instType': 'SWAP', 'method': 'current_period', 'realizedRate': '0.0000785974223231'}"
2025-05-13 00:00:00,1747094400000,7.85974223231e-05,BTC/USDT:USDT,"{'formulaType': 'withRate', 'fundingRate': '0.0000785974223231', 'fundingTime': '1747094400000', 'instId': 'BTC-USDT-SWAP', 'instType': 'SWAP', 'method': 'current_period', 'realizedRate': '0.0000785974223231'}"
2025-05-13 00:00:00,1747094400000,7.85974223231e-05,BTC/USDT:USDT,"{'formulaType': 'withRate', 'fundingRate': '0.0000785974223231', 'fundingTime': '1747094400000', 'instId': 'BTC-USDT-SWAP', 'instType': 'SWAP', 'method': 'current_period', 'realizedRate': '0.0000785974223231'}"
2025-05-13 00:00:00,1747094400000,7.85974223231e-05,BTC/USDT:USDT,"{'formulaType': 'withRate', 'fundingRate': '0.0000785974223231', 'fundingTime': '1747094400000', 'instId': 'BTC-USDT-SWAP', 'instType': 'SWAP', 'method': 'current_period', 'realizedRate': '0.0000785974223231'}"
2025-05-13 00:00:00,1747094400000,7.85974223231e-05,BTC/USDT:USDT,"{'formulaType': 'withRate', 'fundingRate': '0.0000785974223231', 'fundingTime': '1747094400000', 'instId': 'BTC-USDT-SWAP', 'instType': 'SWAP', 'method': 'current_period', 'realizedRate': '0.0000785974223231'}"
2025-05-13 00:00:00,1747094400000,7.85974223231e-05,BTC/USDT:USDT,"{'formulaType': 'withRate', 'fundingRate': '0.0000785974223231', 'fundingTime': '1747094400000', 'instId': 'BTC-USDT-SWAP', 'instType': 'SWAP', 'method': 'current_period', 'realizedRate': '0.0000785974223231'}"
2025-05-13 00:00:00,1747094400000,7.85974223231e-05,BTC/USDT:USDT,"{'formulaType': 'withRate', 'fundingRate': '0.0000785974223231', 'fundingTime': '1747094400000', 'instId': 'BTC-USDT-SWAP', 'instType': 'SWAP', 'method': 'current_period', 'realizedRate': '0.0000785974223231'}"
2025-05-13 00:00:00,1747094400000,7.85974223231e-05,BTC/USDT:USDT,"{'formulaType': 'withRate', 'fundingRate': '0.0000785974223231', 'fundingTime': '1747094400000', 'instId': 'BTC-USDT-SWAP', 'instType': 'SWAP', 'method': 'current_period', 'realizedRate': '0.0000785974223231'}"
2025-05-13 00:00:00,1747094400000,7.85974223231e-05,BTC/USDT:USDT,"{'formulaType': 'withRate', 'fundingRate': '0.0000785974223231', 'fundingTime': '1747094400000', 'instId': 'BTC-USDT-SWAP', 'instType': 'SWAP', 'method': 'current_period', 'realizedRate': '0.0000785974223231'}"
2025-05-13 00:00:00,1747094400000,7.85974223231e-05,BTC/USDT:USDT,"{'formulaType': 'withRate', 'fundingRate': '0.0000785974223231', 'fundingTime': '1747094400000', 'instId': 'BTC-USDT-SWAP', 'instType': 'SWAP', 'method': 'current_period', 'realizedRate': '0.0000785974223231'}"
2025-05-13 00:00:00,1747094400000,7.85974223231e-05,BTC/USDT:USDT,"{'formulaType': 'withRate', 'fundingRate': '0.0000785974223231', 'fundingTime': '1747094400000', 'instId': 'BTC-USDT-SWAP', 'instType': 'SWAP', 'method': 'current_period', 'realizedRate': '0.0000785974223231'}"
2025-05-13 00:00:00,1747094400000,7.85974223231e-05,BTC/USDT:USDT,"{'formulaType': 'withRate', 'fundingRate': '0.0000785974223231', 'fundingTime': '1747094400000', 'instId': 'BTC-USDT-SWAP', 'instType': 'SWAP', 'method': 'current_period', 'realizedRate': '0.0000785974223231'}"
2025-05-13 00:00:00,1747094400000,7.85974223231e-05,BTC/USDT:USDT,"{'formulaType': 'withRate', 'fundingRate': '0.0000785974223231', 'fundingTime': '1747094400000', 'instId': 'BTC-USDT-SWAP', 'instType': 'SWAP', 'method': 'current_period', 'realizedRate': '0.0000785974223231'}"
2025-05-13 00:00:00,1747094400000,7.85974223231e-05,BTC/USDT:USDT,"{'formulaType': 'withRate', 'fundingRate': '0.0000785974223231', 'fundingTime': '1747094400000', 'instId': 'BTC-USDT-SWAP', 'instType': 'SWAP', 'method': 'current_period', 'realizedRate': '0.0000785974223231'}"
2025-05-13 00:00:00,1747094400000,7.85974223231e-05,BTC/USDT:USDT,"{'formulaType': 'withRate', 'fundingRate': '0.0000785974223231', 'fundingTime': '1747094400000', 'instId': 'BTC-USDT-SWAP', 'instType': 'SWAP', 'method': 'current_period', 'realizedRate': '0.0000785974223231'}"
2025-05-13 00:00:00,1747094400000,7.85974223231e-05,BTC/USDT:USDT,"{'formulaType': 'withRate', 'fundingRate': '0.0000785974223231', 'fundingTime': '1747094400000', 'instId': 'BTC-USDT-SWAP', 'instType': 'SWAP', 'method': 'current_period', 'realizedRate': '0.0000785974223231'}"
2025-05-13 00:00:00,1747094400000,7.85974223231e-05,BTC/USDT:USDT,"{'formulaType': 'withRate', 'fundingRate': '0.0000785974223231', 'fundingTime': '1747094400000', 'instId': 'BTC-USDT-SWAP', 'instType': 'SWAP', 'method': 'current_period', 'realizedRate': '0.0000785974223231'}"
2025-05-13 00:00:00,1747094400000,7.85974223231e-05,BTC/USDT:USDT,"{'formulaType': 'withRate', 'fundingRate': '0.0000785974223231', 'fundingTime': '1747094400000', 'instId': 'BTC-USDT-SWAP', 'instType': 'SWAP', 'method': 'current_period', 'realizedRate': '0.0000785974223231'}"
2025-05-13 00:00:00,1747094400000,7.85974223231e-05,BTC/USDT:USDT,"{'formulaType': 'withRate', 'fundingRate': '0.0000785974223231', 'fundingTime': '1747094400000', 'instId': 'BTC-USDT-SWAP', 'instType': 'SWAP', 'method': 'current_period', 'realizedRate': '0.0000785974223231'}"
2025-05-13 00:00:00,1747094400000,7.85974223231e-05,BTC/USDT:USDT,"{'formulaType': 'withRate', 'fundingRate': '0.0000785974223231', 'fundingTime': '1747094400000', 'instId': 'BTC-USDT-SWAP', 'instType': 'SWAP', 'method': 'current_period', 'realizedRate': '0.0000785974223231'}"
2025-05-13 08:00:00,1747123200000,6.9154759866e-05,BTC/USDT:USDT,"{'formulaType': 'withRate', 'fundingRate': '0.000069154759866', 'fundingTime': '1747123200000', 'instId': 'BTC-USDT-SWAP', 'instType': 'SWAP', 'method': 'current_period', 'realizedRate': '0.000069154759866'}"
2025-05-13 08:00:00,1747123200000,6.9154759866e-05,BTC/USDT:USDT,"{'formulaType': 'withRate', 'fundingRate': '0.000069154759866', 'fundingTime': '1747123200000', 'instId': 'BTC-USDT-SWAP', 'instType': 'SWAP', 'method': 'current_period', 'realizedRate': '0.000069154759866'}"
2025-05-13 08:00:00,1747123200000,6.9154759866e-05,BTC/USDT:USDT,"{'formulaType': 'withRate', 'fundingRate': '0.000069154759866', 'fundingTime': '1747123200000', 'instId': 'BTC-USDT-SWAP', 'instType': 'SWAP', 'method': 'current_period', 'realizedRate': '0.000069154759866'}"
2025-05-13 08:00:00,1747123200000,6.9154759866e-05,BTC/USDT:USDT,"{'formulaType': 'withRate', 'fundingRate': '0.000069154759866', 'fundingTime': '1747123200000', 'instId': 'BTC-USDT-SWAP', 'instType': 'SWAP', 'method': 'current_period', 'realizedRate': '0.000069154759866'}"
2025-05-13 08:00:00,1747123200000,6.9154759866e-05,BTC/USDT:USDT,"{'formulaType': 'withRate', 'fundingRate': '0.000069154759866', 'fundingTime': '1747123200000', 'instId': 'BTC-USDT-SWAP', 'instType': 'SWAP', 'method': 'current_period', 'realizedRate': '0.000069154759866'}"
2025-05-13 08:00:00,1747123200000,6.9154759866e-05,BTC/USDT:USDT,"{'formulaType': 'withRate', 'fundingRate': '0.000069154759866', 'fundingTime': '1747123200000', 'instId': 'BTC-USDT-SWAP', 'instType': 'SWAP', 'method': 'current_period', 'realizedRate': '0.000069154759866'}"
2025-05-13 08:00:00,1747123200000,6.9154759866e-05,BTC/USDT:USDT,"{'formulaType': 'withRate', 'fundingRate': '0.000069154759866', 'fundingTime': '1747123200000', 'instId': 'BTC-USDT-SWAP', 'instType': 'SWAP', 'method': 'current_period', 'realizedRate': '0.000069154759866'}"
2025-05-13 08:00:00,1747123200000,6.9154759866e-05,BTC/USDT:USDT,"{'formulaType': 'withRate', 'fundingRate': '0.000069154759866', 'fundingTime': '1747123200000', 'instId': 'BTC-USDT-SWAP', 'instType': 'SWAP', 'method': 'current_period', 'realizedRate': '0.000069154759866'}"
2025-05-13 08:00:00,1747123200000,6.9154759866e-05,BTC/USDT:USDT,"{'formulaType': 'withRate', 'fundingRate': '0.000069154759866', 'fundingTime': '1747123200000', 'instId': 'BTC-USDT-SWAP', 'instType': 'SWAP', 'method': 'current_period', 'realizedRate': '0.000069154759866'}"
2025-05-13 08:00:00,1747123200000,6.9154759866e-05,BTC/USDT:USDT,"{'formulaType': 'withRate', 'fundingRate': '0.000069154759866', 'fundingTime': '1747123200000', 'instId': 'BTC-USDT-SWAP', 'instType': 'SWAP', 'method': 'current_period', 'realizedRate': '0.000069154759866'}"
2025-05-13 08:00:00,1747123200000,6.9154759866e-05,BTC/USDT:USDT,"{'formulaType': 'withRate', 'fundingRate': '0.000069154759866', 'fundingTime': '1747123200000', 'instId': 'BTC-USDT-SWAP', 'instType': 'SWAP', 'method': 'current_period', 'realizedRate': '0.000069154759866'}"
2025-05-13 08:00:00,1747123200000,6.9154759866e-05,BTC/USDT:USDT,"{'formulaType': 'withRate', 'fundingRate': '0.000069154759866', 'fundingTime': '1747123200000', 'instId': 'BTC-USDT-SWAP', 'instType': 'SWAP', 'method': 'current_period', 'realizedRate': '0.000069154759866'}"
2025-05-13 08:00:00,1747123200000,6.9154759866e-05,BTC/USDT:USDT,"{'formulaType': 'withRate', 'fundingRate': '0.000069154759866', 'fundingTime': '1747123200000', 'instId': 'BTC-USDT-SWAP', 'instType': 'SWAP', 'method': 'current_period', 'realizedRate': '0.000069154759866'}"
2025-05-13 08:00:00,1747123200000,6.9154759866e-05,BTC/USDT:USDT,"{'formulaType': 'withRate', 'fundingRate': '0.000069154759866', 'fundingTime': '1747123200000', 'instId': 'BTC-USDT-SWAP', 'instType': 'SWAP', 'method': 'current_period', 'realizedRate': '0.000069154759866'}"
2025-05-13 08:00:00,1747123200000,6.9154759866e-05,BTC/USDT:USDT,"{'formulaType': 'withRate', 'fundingRate': '0.000069154759866', 'fundingTime': '1747123200000', 'instId': 'BTC-USDT-SWAP', 'instType': 'SWAP', 'method': 'current_period', 'realizedRate': '0.000069154759866'}"
2025-05-13 08:00:00,1747123200000,6.9154759866e-05,BTC/USDT:USDT,"{'formulaType': 'withRate', 'fundingRate': '0.000069154759866', 'fundingTime': '1747123200000', 'instId': 'BTC-USDT-SWAP', 'instType': 'SWAP', 'method': 'current_period', 'realizedRate': '0.000069154759866'}"
2025-05-13 08:00:00,1747123200000,6.9154759866e-05,BTC/USDT:USDT,"{'formulaType': 'withRate', 'fundingRate': '0.000069154759866', 'fundingTime': '1747123200000', 'instId': 'BTC-USDT-SWAP', 'instType': 'SWAP', 'method': 'current_period', 'realizedRate': '0.000069154759866'}"
2025-05-13 08:00:00,1747123200000,6.9154759866e-05,BTC/USDT:USDT,"{'formulaType': 'withRate', 'fundingRate': '0.000069154759866', 'fundingTime': '1747123200000', 'instId': 'BTC-USDT-SWAP', 'instType': 'SWAP', 'method': 'current_period', 'realizedRate': '0.000069154759866'}"
2025-05-13 08:00:00,1747123200000,6.9154759866e-05,BTC/USDT:USDT,"{'formulaType': 'withRate', 'fundingRate': '0.000069154759866', 'fundingTime': '1747123200000', 'instId': 'BTC-USDT-SWAP', 'instType': 'SWAP', 'method': 'current_period', 'realizedRate': '0.000069154759866'}"
2025-05-13 08:00:00,1747123200000,6.9154759866e-05,BTC/USDT:USDT,"{'formulaType': 'withRate', 'fundingRate': '0.000069154759866', 'fundingTime': '1747123200000', 'instId': 'BTC-USDT-SWAP', 'instType': 'SWAP', 'method': 'current_period', 'realizedRate': '0.000069154759866'}"
2025-05-13 08:00:00,1747123200000,6.9154759866e-05,BTC/USDT:USDT,"{'formulaType': 'withRate', 'fundingRate': '0.000069154759866', 'fundingTime': '1747123200000', 'instId': 'BTC-USDT-SWAP', 'instType': 'SWAP', 'method': 'current_period', 'realizedRate': '0.000069154759866'}"
2025-05-13 08:00:00,1747123200000,6.9154759866e-05,BTC/USDT:USDT,"{'formulaType': 'withRate', 'fundingRate': '0.000069154759866', 'fundingTime': '1747123200000', 'instId': 'BTC-USDT-SWAP', 'instType': 'SWAP', 'method': 'current_period', 'realizedRate': '0.000069154759866'}"
2025-05-13 08:00:00,1747123200000,6.9154759866e-05,BTC/USDT:USDT,"{'formulaType': 'withRate', 'fundingRate': '0.000069154759866', 'fundingTime': '1747123200000', 'instId': 'BTC-USDT-SWAP', 'instType': 'SWAP', 'method': 'current_period', 'realizedRate': '0.000069154759866'}"
2025-05-13 08:00:00,1747123200000,6.9154759866e-05,BTC/USDT:USDT,"{'formulaType': 'withRate', 'fundingRate': '0.000069154759866', 'fundingTime': '1747123200000', 'instId': 'BTC-USDT-SWAP', 'instType': 'SWAP', 'method': 'current_period', 'realizedRate': '0.000069154759866'}"
2025-05-13 08:00:00,1747123200000,6.9154759866e-05,BTC/USDT:USDT,"{'formulaType': 'withRate', 'fundingRate': '0.000069154759866', 'fundingTime': '1747123200000', 'instId': 'BTC-USDT-SWAP', 'instType': 'SWAP', 'method': 'current_period', 'realizedRate': '0.000069154759866'}"
2025-05-13 08:00:00,1747123200000,6.9154759866e-05,BTC/USDT:USDT,"{'formulaType': 'withRate', 'fundingRate': '0.000069154759866', 'fundingTime': '1747123200000', 'instId': 'BTC-USDT-SWAP', 'instType': 'SWAP', 'method': 'current_period', 'realizedRate': '0.000069154759866'}"
2025-05-13 08:00:00,1747123200000,6.9154759866e-05,BTC/USDT:USDT,"{'formulaType': 'withRate', 'fundingRate': '0.000069154759866', 'fundingTime': '1747123200000', 'instId': 'BTC-USDT-SWAP', 'instType': 'SWAP', 'method': 'current_period', 'realizedRate': '0.000069154759866'}"
2025-05-13 08:00:00,1747123200000,6.9154759866e-05,BTC/USDT:USDT,"{'formulaType': 'withRate', 'fundingRate': '0.000069154759866', 'fundingTime': '1747123200000', 'instId': 'BTC-USDT-SWAP', 'instType': 'SWAP', 'method': 'current_period', 'realizedRate': '0.000069154759866'}"
2025-05-13 08:00:00,1747123200000,6.9154759866e-05,BTC/USDT:USDT,"{'formulaType': 'withRate', 'fundingRate': '0.000069154759866', 'fundingTime': '1747123200000', 'instId': 'BTC-USDT-SWAP', 'instType': 'SWAP', 'method': 'current_period', 'realizedRate': '0.000069154759866'}"
2025-05-13 08:00:00,1747123200000,6.9154759866e-05,BTC/USDT:USDT,"{'formulaType': 'withRate', 'fundingRate': '0.000069154759866', 'fundingTime': '1747123200000', 'instId': 'BTC-USDT-SWAP', 'instType': 'SWAP', 'method': 'current_period', 'realizedRate': '0.000069154759866'}"
2025-05-13 08:00:00,1747123200000,6.9154759866e-05,BTC/USDT:USDT,"{'formulaType': 'withRate', 'fundingRate': '0.000069154759866', 'fundingTime': '1747123200000', 'instId': 'BTC-USDT-SWAP', 'instType': 'SWAP', 'method': 'current_period', 'realizedRate': '0.000069154759866'}"
2025-05-13 08:00:00,1747123200000,6.9154759866e-05,BTC/USDT:USDT,"{'formulaType': 'withRate', 'fundingRate': '0.000069154759866', 'fundingTime': '1747123200000', 'instId': 'BTC-USDT-SWAP', 'instType': 'SWAP', 'method': 'current_period', 'realizedRate': '0.000069154759866'}"
2025-05-13 08:00:00,1747123200000,6.9154759866e-05,BTC/USDT:USDT,"{'formulaType': 'withRate', 'fundingRate': '0.000069154759866', 'fundingTime': '1747123200000', 'instId': 'BTC-USDT-SWAP', 'instType': 'SWAP', 'method': 'current_period', 'realizedRate': '0.000069154759866'}"
2025-05-13 08:00:00,1747123200000,6.9154759866e-05,BTC/USDT:USDT,"{'formulaType': 'withRate', 'fundingRate': '0.000069154759866', 'fundingTime': '1747123200000', 'instId': 'BTC-USDT-SWAP', 'instType': 'SWAP', 'method': 'current_period', 'realizedRate': '0.000069154759866'}"
2025-05-13 08:00:00,1747123200000,6.9154759866e-05,BTC/USDT:USDT,"{'formulaType': 'withRate', 'fundingRate': '0.000069154759866', 'fundingTime': '1747123200000', 'instId': 'BTC-USDT-SWAP', 'instType': 'SWAP', 'method': 'current_period', 'realizedRate': '0.000069154759866'}"
2025-05-13 08:00:00,1747123200000,6.9154759866e-05,BTC/USDT:USDT,"{'formulaType': 'withRate', 'fundingRate': '0.000069154759866', 'fundingTime': '1747123200000', 'instId': 'BTC-USDT-SWAP', 'instType': 'SWAP', 'method': 'current_period', 'realizedRate': '0.000069154759866'}"
2025-05-13 08:00:00,1747123200000,6.9154759866e-05,BTC/USDT:USDT,"{'formulaType': 'withRate', 'fundingRate': '0.000069154759866', 'fundingTime': '1747123200000', 'instId': 'BTC-USDT-SWAP', 'instType': 'SWAP', 'method': 'current_period', 'realizedRate': '0.000069154759866'}"
2025-05-13 16:00:00,1747152000000,0.0001,BTC/USDT:USDT,"{'formulaType': 'withRate', 'fundingRate': '0.0001', 'fundingTime': '1747152000000', 'instId': 'BTC-USDT-SWAP', 'instType': 'SWAP', 'method': 'current_period', 'realizedRate': '0.0001'}"
2025-05-13 16:00:00,1747152000000,0.0001,BTC/USDT:USDT,"{'formulaType': 'withRate', 'fundingRate': '0.0001', 'fundingTime': '1747152000000', 'instId': 'BTC-USDT-SWAP', 'instType': 'SWAP', 'method': 'current_period', 'realizedRate': '0.0001'}"
2025-05-13 16:00:00,1747152000000,0.0001,BTC/USDT:USDT,"{'formulaType': 'withRate', 'fundingRate': '0.0001', 'fundingTime': '1747152000000', 'instId': 'BTC-USDT-SWAP', 'instType': 'SWAP', 'method': 'current_period', 'realizedRate': '0.0001'}"
2025-05-13 16:00:00,1747152000000,0.0001,BTC/USDT:USDT,"{'formulaType': 'withRate', 'fundingRate': '0.0001', 'fundingTime': '1747152000000', 'instId': 'BTC-USDT-SWAP', 'instType': 'SWAP', 'method': 'current_period', 'realizedRate': '0.0001'}"
2025-05-13 16:00:00,1747152000000,0.0001,BTC/USDT:USDT,"{'formulaType': 'withRate', 'fundingRate': '0.0001', 'fundingTime': '1747152000000', 'instId': 'BTC-USDT-SWAP', 'instType': 'SWAP', 'method': 'current_period', 'realizedRate': '0.0001'}"
2025-05-13 16:00:00,1747152000000,0.0001,BTC/USDT:USDT,"{'formulaType': 'withRate', 'fundingRate': '0.0001', 'fundingTime': '1747152000000', 'instId': 'BTC-USDT-SWAP', 'instType': 'SWAP', 'method': 'current_period', 'realizedRate': '0.0001'}"
2025-05-13 16:00:00,1747152000000,0.0001,BTC/USDT:USDT,"{'formulaType': 'withRate', 'fundingRate': '0.0001', 'fundingTime': '1747152000000', 'instId': 'BTC-USDT-SWAP', 'instType': 'SWAP', 'method': 'current_period', 'realizedRate': '0.0001'}"
2025-05-13 16:00:00,1747152000000,0.0001,BTC/USDT:USDT,"{'formulaType': 'withRate', 'fundingRate': '0.0001', 'fundingTime': '1747152000000', 'instId': 'BTC-USDT-SWAP', 'instType': 'SWAP', 'method': 'current_period', 'realizedRate': '0.0001'}"
2025-05-13 16:00:00,1747152000000,0.0001,BTC/USDT:USDT,"{'formulaType': 'withRate', 'fundingRate': '0.0001', 'fundingTime': '1747152000000', 'instId': 'BTC-USDT-SWAP', 'instType': 'SWAP', 'method': 'current_period', 'realizedRate': '0.0001'}"
2025-05-13 16:00:00,1747152000000,0.0001,BTC/USDT:USDT,"{'formulaType': 'withRate', 'fundingRate': '0.0001', 'fundingTime': '1747152000000', 'instId': 'BTC-USDT-SWAP', 'instType': 'SWAP', 'method': 'current_period', 'realizedRate': '0.0001'}"
2025-05-13 16:00:00,1747152000000,0.0001,BTC/USDT:USDT,"{'formulaType': 'withRate', 'fundingRate': '0.0001', 'fundingTime': '1747152000000', 'instId': 'BTC-USDT-SWAP', 'instType': 'SWAP', 'method': 'current_period', 'realizedRate': '0.0001'}"
2025-05-13 16:00:00,1747152000000,0.0001,BTC/USDT:USDT,"{'formulaType': 'withRate', 'fundingRate': '0.0001', 'fundingTime': '1747152000000', 'instId': 'BTC-USDT-SWAP', 'instType': 'SWAP', 'method': 'current_period', 'realizedRate': '0.0001'}"
2025-05-13 16:00:00,1747152000000,0.0001,BTC/USDT:USDT,"{'formulaType': 'withRate', 'fundingRate': '0.0001', 'fundingTime': '1747152000000', 'instId': 'BTC-USDT-SWAP', 'instType': 'SWAP', 'method': 'current_period', 'realizedRate': '0.0001'}"
2025-05-13 16:00:00,1747152000000,0.0001,BTC/USDT:USDT,"{'formulaType': 'withRate', 'fundingRate': '0.0001', 'fundingTime': '1747152000000', 'instId': 'BTC-USDT-SWAP', 'instType': 'SWAP', 'method': 'current_period', 'realizedRate': '0.0001'}"
2025-05-13 16:00:00,1747152000000,0.0001,BTC/USDT:USDT,"{'formulaType': 'withRate', 'fundingRate': '0.0001', 'fundingTime': '1747152000000', 'instId': 'BTC-USDT-SWAP', 'instType': 'SWAP', 'method': 'current_period', 'realizedRate': '0.0001'}"
2025-05-13 16:00:00,1747152000000,0.0001,BTC/USDT:USDT,"{'formulaType': 'withRate', 'fundingRate': '0.0001', 'fundingTime': '1747152000000', 'instId': 'BTC-USDT-SWAP', 'instType': 'SWAP', 'method': 'current_period', 'realizedRate': '0.0001'}"
2025-05-13 16:00:00,1747152000000,0.0001,BTC/USDT:USDT,"{'formulaType': 'withRate', 'fundingRate': '0.0001', 'fundingTime': '1747152000000', 'instId': 'BTC-USDT-SWAP', 'instType': 'SWAP', 'method': 'current_period', 'realizedRate': '0.0001'}"
2025-05-13 16:00:00,1747152000000,0.0001,BTC/USDT:USDT,"{'formulaType': 'withRate', 'fundingRate': '0.0001', 'fundingTime': '1747152000000', 'instId': 'BTC-USDT-SWAP', 'instType': 'SWAP', 'method': 'current_period', 'realizedRate': '0.0001'}"
2025-05-13 16:00:00,1747152000000,0.0001,BTC/USDT:USDT,"{'formulaType': 'withRate', 'fundingRate': '0.0001', 'fundingTime': '1747152000000', 'instId': 'BTC-USDT-SWAP', 'instType': 'SWAP', 'method': 'current_period', 'realizedRate': '0.0001'}"
2025-05-13 16:00:00,1747152000000,0.0001,BTC/USDT:USDT,"{'formulaType': 'withRate', 'fundingRate': '0.0001', 'fundingTime': '1747152000000', 'instId': 'BTC-USDT-SWAP', 'instType': 'SWAP', 'method': 'current_period', 'realizedRate': '0.0001'}"
2025-05-13 16:00:00,1747152000000,0.0001,BTC/USDT:USDT,"{'formulaType': 'withRate', 'fundingRate': '0.0001', 'fundingTime': '1747152000000', 'instId': 'BTC-USDT-SWAP', 'instType': 'SWAP', 'method': 'current_period', 'realizedRate': '0.0001'}"
2025-05-13 16:00:00,1747152000000,0.0001,BTC/USDT:USDT,"{'formulaType': 'withRate', 'fundingRate': '0.0001', 'fundingTime': '1747152000000', 'instId': 'BTC-USDT-SWAP', 'instType': 'SWAP', 'method': 'current_period', 'realizedRate': '0.0001'}"
2025-05-13 16:00:00,1747152000000,0.0001,BTC/USDT:USDT,"{'formulaType': 'withRate', 'fundingRate': '0.0001', 'fundingTime': '1747152000000', 'instId': 'BTC-USDT-SWAP', 'instType': 'SWAP', 'method': 'current_period', 'realizedRate': '0.0001'}"
2025-05-13 16:00:00,1747152000000,0.0001,BTC/USDT:USDT,"{'formulaType': 'withRate', 'fundingRate': '0.0001', 'fundingTime': '1747152000000', 'instId': 'BTC-USDT-SWAP', 'instType': 'SWAP', 'method': 'current_period', 'realizedRate': '0.0001'}"
2025-05-13 16:00:00,1747152000000,0.0001,BTC/USDT:USDT,"{'formulaType': 'withRate', 'fundingRate': '0.0001', 'fundingTime': '1747152000000', 'instId': 'BTC-USDT-SWAP', 'instType': 'SWAP', 'method': 'current_period', 'realizedRate': '0.0001'}"
2025-05-13 16:00:00,1747152000000,0.0001,BTC/USDT:USDT,"{'formulaType': 'withRate', 'fundingRate': '0.0001', 'fundingTime': '1747152000000', 'instId': 'BTC-USDT-SWAP', 'instType': 'SWAP', 'method': 'current_period', 'realizedRate': '0.0001'}"
2025-05-13 16:00:00,1747152000000,0.0001,BTC/USDT:USDT,"{'formulaType': 'withRate', 'fundingRate': '0.0001', 'fundingTime': '1747152000000', 'instId': 'BTC-USDT-SWAP', 'instType': 'SWAP', 'method': 'current_period', 'realizedRate': '0.0001'}"
2025-05-13 16:00:00,1747152000000,0.0001,BTC/USDT:USDT,"{'formulaType': 'withRate', 'fundingRate': '0.0001', 'fundingTime': '1747152000000', 'instId': 'BTC-USDT-SWAP', 'instType': 'SWAP', 'method': 'current_period', 'realizedRate': '0.0001'}"
2025-05-13 16:00:00,1747152000000,0.0001,BTC/USDT:USDT,"{'formulaType': 'withRate', 'fundingRate': '0.0001', 'fundingTime': '1747152000000', 'instId': 'BTC-USDT-SWAP', 'instType': 'SWAP', 'method': 'current_period', 'realizedRate': '0.0001'}"
2025-05-13 16:00:00,1747152000000,0.0001,BTC/USDT:USDT,"{'formulaType': 'withRate', 'fundingRate': '0.0001', 'fundingTime': '1747152000000', 'instId': 'BTC-USDT-SWAP', 'instType': 'SWAP', 'method': 'current_period', 'realizedRate': '0.0001'}"
2025-05-13 16:00:00,1747152000000,0.0001,BTC/USDT:USDT,"{'formulaType': 'withRate', 'fundingRate': '0.0001', 'fundingTime': '1747152000000', 'instId': 'BTC-USDT-SWAP', 'instType': 'SWAP', 'method': 'current_period', 'realizedRate': '0.0001'}"
2025-05-13 16:00:00,1747152000000,0.0001,BTC/USDT:USDT,"{'formulaType': 'withRate', 'fundingRate': '0.0001', 'fundingTime': '1747152000000', 'instId': 'BTC-USDT-SWAP', 'instType': 'SWAP', 'method': 'current_period', 'realizedRate': '0.0001'}"
2025-05-13 16:00:00,1747152000000,0.0001,BTC/USDT:USDT,"{'formulaType': 'withRate', 'fundingRate': '0.0001', 'fundingTime': '1747152000000', 'instId': 'BTC-USDT-SWAP', 'instType': 'SWAP', 'method': 'current_period', 'realizedRate': '0.0001'}"
2025-05-13 16:00:00,1747152000000,0.0001,BTC/USDT:USDT,"{'formulaType': 'withRate', 'fundingRate': '0.0001', 'fundingTime': '1747152000000', 'instId': 'BTC-USDT-SWAP', 'instType': 'SWAP', 'method': 'current_period', 'realizedRate': '0.0001'}"
2025-05-13 16:00:00,1747152000000,0.0001,BTC/USDT:USDT,"{'formulaType': 'withRate', 'fundingRate': '0.0001', 'fundingTime': '1747152000000', 'instId': 'BTC-USDT-SWAP', 'instType': 'SWAP', 'method': 'current_period', 'realizedRate': '0.0001'}"
2025-05-13 16:00:00,1747152000000,0.0001,BTC/USDT:USDT,"{'formulaType': 'withRate', 'fundingRate': '0.0001', 'fundingTime': '1747152000000', 'instId': 'BTC-USDT-SWAP', 'instType': 'SWAP', 'method': 'current_period', 'realizedRate': '0.0001'}"
2025-05-13 16:00:00,1747152000000,0.0001,BTC/USDT:USDT,"{'formulaType': 'withRate', 'fundingRate': '0.0001', 'fundingTime': '1747152000000', 'instId': 'BTC-USDT-SWAP', 'instType': 'SWAP', 'method': 'current_period', 'realizedRate': '0.0001'}"
2025-05-14 00:00:00,1747180800000,0.0001,BTC/USDT:USDT,"{'formulaType': 'withRate', 'fundingRate': '0.0001', 'fundingTime': '1747180800000', 'instId': 'BTC-USDT-SWAP', 'instType': 'SWAP', 'method': 'current_period', 'realizedRate': '0.0001'}"
2025-05-14 00:00:00,1747180800000,0.0001,BTC/USDT:USDT,"{'formulaType': 'withRate', 'fundingRate': '0.0001', 'fundingTime': '1747180800000', 'instId': 'BTC-USDT-SWAP', 'instType': 'SWAP', 'method': 'current_period', 'realizedRate': '0.0001'}"
2025-05-14 00:00:00,1747180800000,0.0001,BTC/USDT:USDT,"{'formulaType': 'withRate', 'fundingRate': '0.0001', 'fundingTime': '1747180800000', 'instId': 'BTC-USDT-SWAP', 'instType': 'SWAP', 'method': 'current_period', 'realizedRate': '0.0001'}"
2025-05-14 00:00:00,1747180800000,0.0001,BTC/USDT:USDT,"{'formulaType': 'withRate', 'fundingRate': '0.0001', 'fundingTime': '1747180800000', 'instId': 'BTC-USDT-SWAP', 'instType': 'SWAP', 'method': 'current_period', 'realizedRate': '0.0001'}"
2025-05-14 00:00:00,1747180800000,0.0001,BTC/USDT:USDT,"{'formulaType': 'withRate', 'fundingRate': '0.0001', 'fundingTime': '1747180800000', 'instId': 'BTC-USDT-SWAP', 'instType': 'SWAP', 'method': 'current_period', 'realizedRate': '0.0001'}"
2025-05-14 00:00:00,1747180800000,0.0001,BTC/USDT:USDT,"{'formulaType': 'withRate', 'fundingRate': '0.0001', 'fundingTime': '1747180800000', 'instId': 'BTC-USDT-SWAP', 'instType': 'SWAP', 'method': 'current_period', 'realizedRate': '0.0001'}"
2025-05-14 00:00:00,1747180800000,0.0001,BTC/USDT:USDT,"{'formulaType': 'withRate', 'fundingRate': '0.0001', 'fundingTime': '1747180800000', 'instId': 'BTC-USDT-SWAP', 'instType': 'SWAP', 'method': 'current_period', 'realizedRate': '0.0001'}"
2025-05-14 00:00:00,1747180800000,0.0001,BTC/USDT:USDT,"{'formulaType': 'withRate', 'fundingRate': '0.0001', 'fundingTime': '1747180800000', 'instId': 'BTC-USDT-SWAP', 'instType': 'SWAP', 'method': 'current_period', 'realizedRate': '0.0001'}"
2025-05-14 00:00:00,1747180800000,0.0001,BTC/USDT:USDT,"{'formulaType': 'withRate', 'fundingRate': '0.0001', 'fundingTime': '1747180800000', 'instId': 'BTC-USDT-SWAP', 'instType': 'SWAP', 'method': 'current_period', 'realizedRate': '0.0001'}"
2025-05-14 00:00:00,1747180800000,0.0001,BTC/USDT:USDT,"{'formulaType': 'withRate', 'fundingRate': '0.0001', 'fundingTime': '1747180800000', 'instId': 'BTC-USDT-SWAP', 'instType': 'SWAP', 'method': 'current_period', 'realizedRate': '0.0001'}"
2025-05-14 00:00:00,1747180800000,0.0001,BTC/USDT:USDT,"{'formulaType': 'withRate', 'fundingRate': '0.0001', 'fundingTime': '1747180800000', 'instId': 'BTC-USDT-SWAP', 'instType': 'SWAP', 'method': 'current_period', 'realizedRate': '0.0001'}"
2025-05-14 00:00:00,1747180800000,0.0001,BTC/USDT:USDT,"{'formulaType': 'withRate', 'fundingRate': '0.0001', 'fundingTime': '1747180800000', 'instId': 'BTC-USDT-SWAP', 'instType': 'SWAP', 'method': 'current_period', 'realizedRate': '0.0001'}"
2025-05-14 00:00:00,1747180800000,0.0001,BTC/USDT:USDT,"{'formulaType': 'withRate', 'fundingRate': '0.0001', 'fundingTime': '1747180800000', 'instId': 'BTC-USDT-SWAP', 'instType': 'SWAP', 'method': 'current_period', 'realizedRate': '0.0001'}"
2025-05-14 00:00:00,1747180800000,0.0001,BTC/USDT:USDT,"{'formulaType': 'withRate', 'fundingRate': '0.0001', 'fundingTime': '1747180800000', 'instId': 'BTC-USDT-SWAP', 'instType': 'SWAP', 'method': 'current_period', 'realizedRate': '0.0001'}"
2025-05-14 00:00:00,1747180800000,0.0001,BTC/USDT:USDT,"{'formulaType': 'withRate', 'fundingRate': '0.0001', 'fundingTime': '1747180800000', 'instId': 'BTC-USDT-SWAP', 'instType': 'SWAP', 'method': 'current_period', 'realizedRate': '0.0001'}"
2025-05-14 00:00:00,1747180800000,0.0001,BTC/USDT:USDT,"{'formulaType': 'withRate', 'fundingRate': '0.0001', 'fundingTime': '1747180800000', 'instId': 'BTC-USDT-SWAP', 'instType': 'SWAP', 'method': 'current_period', 'realizedRate': '0.0001'}"
2025-05-14 00:00:00,1747180800000,0.0001,BTC/USDT:USDT,"{'formulaType': 'withRate', 'fundingRate': '0.0001', 'fundingTime': '1747180800000', 'instId': 'BTC-USDT-SWAP', 'instType': 'SWAP', 'method': 'current_period', 'realizedRate': '0.0001'}"
2025-05-14 00:00:00,1747180800000,0.0001,BTC/USDT:USDT,"{'formulaType': 'withRate', 'fundingRate': '0.0001', 'fundingTime': '1747180800000', 'instId': 'BTC-USDT-SWAP', 'instType': 'SWAP', 'method': 'current_period', 'realizedRate': '0.0001'}"
2025-05-14 00:00:00,1747180800000,0.0001,BTC/USDT:USDT,"{'formulaType': 'withRate', 'fundingRate': '0.0001', 'fundingTime': '1747180800000', 'instId': 'BTC-USDT-SWAP', 'instType': 'SWAP', 'method': 'current_period', 'realizedRate': '0.0001'}"
2025-05-14 00:00:00,1747180800000,0.0001,BTC/USDT:USDT,"{'formulaType': 'withRate', 'fundingRate': '0.0001', 'fundingTime': '1747180800000', 'instId': 'BTC-USDT-SWAP', 'instType': 'SWAP', 'method': 'current_period', 'realizedRate': '0.0001'}"
2025-05-14 00:00:00,1747180800000,0.0001,BTC/USDT:USDT,"{'formulaType': 'withRate', 'fundingRate': '0.0001', 'fundingTime': '1747180800000', 'instId': 'BTC-USDT-SWAP', 'instType': 'SWAP', 'method': 'current_period', 'realizedRate': '0.0001'}"
2025-05-14 00:00:00,1747180800000,0.0001,BTC/USDT:USDT,"{'formulaType': 'withRate', 'fundingRate': '0.0001', 'fundingTime': '1747180800000', 'instId': 'BTC-USDT-SWAP', 'instType': 'SWAP', 'method': 'current_period', 'realizedRate': '0.0001'}"
2025-05-14 00:00:00,1747180800000,0.0001,BTC/USDT:USDT,"{'formulaType': 'withRate', 'fundingRate': '0.0001', 'fundingTime': '1747180800000', 'instId': 'BTC-USDT-SWAP', 'instType': 'SWAP', 'method': 'current_period', 'realizedRate': '0.0001'}"
2025-05-14 00:00:00,1747180800000,0.0001,BTC/USDT:USDT,"{'formulaType': 'withRate', 'fundingRate': '0.0001', 'fundingTime': '1747180800000', 'instId': 'BTC-USDT-SWAP', 'instType': 'SWAP', 'method': 'current_period', 'realizedRate': '0.0001'}"
2025-05-14 00:00:00,1747180800000,0.0001,BTC/USDT:USDT,"{'formulaType': 'withRate', 'fundingRate': '0.0001', 'fundingTime': '1747180800000', 'instId': 'BTC-USDT-SWAP', 'instType': 'SWAP', 'method': 'current_period', 'realizedRate': '0.0001'}"
2025-05-14 00:00:00,1747180800000,0.0001,BTC/USDT:USDT,"{'formulaType': 'withRate', 'fundingRate': '0.0001', 'fundingTime': '1747180800000', 'instId': 'BTC-USDT-SWAP', 'instType': 'SWAP', 'method': 'current_period', 'realizedRate': '0.0001'}"
2025-05-14 00:00:00,1747180800000,0.0001,BTC/USDT:USDT,"{'formulaType': 'withRate', 'fundingRate': '0.0001', 'fundingTime': '1747180800000', 'instId': 'BTC-USDT-SWAP', 'instType': 'SWAP', 'method': 'current_period', 'realizedRate': '0.0001'}"
2025-05-14 00:00:00,1747180800000,0.0001,BTC/USDT:USDT,"{'formulaType': 'withRate', 'fundingRate': '0.0001', 'fundingTime': '1747180800000', 'instId': 'BTC-USDT-SWAP', 'instType': 'SWAP', 'method': 'current_period', 'realizedRate': '0.0001'}"
2025-05-14 00:00:00,1747180800000,0.0001,BTC/USDT:USDT,"{'formulaType': 'withRate', 'fundingRate': '0.0001', 'fundingTime': '1747180800000', 'instId': 'BTC-USDT-SWAP', 'instType': 'SWAP', 'method': 'current_period', 'realizedRate': '0.0001'}"
2025-05-14 00:00:00,1747180800000,0.0001,BTC/USDT:USDT,"{'formulaType': 'withRate', 'fundingRate': '0.0001', 'fundingTime': '1747180800000', 'instId': 'BTC-USDT-SWAP', 'instType': 'SWAP', 'method': 'current_period', 'realizedRate': '0.0001'}"
2025-05-14 00:00:00,1747180800000,0.0001,BTC/USDT:USDT,"{'formulaType': 'withRate', 'fundingRate': '0.0001', 'fundingTime': '1747180800000', 'instId': 'BTC-USDT-SWAP', 'instType': 'SWAP', 'method': 'current_period', 'realizedRate': '0.0001'}"
2025-05-14 00:00:00,1747180800000,0.0001,BTC/USDT:USDT,"{'formulaType': 'withRate', 'fundingRate': '0.0001', 'fundingTime': '1747180800000', 'instId': 'BTC-USDT-SWAP', 'instType': 'SWAP', 'method': 'current_period', 'realizedRate': '0.0001'}"
2025-05-14 00:00:00,1747180800000,0.0001,BTC/USDT:USDT,"{'formulaType': 'withRate', 'fundingRate': '0.0001', 'fundingTime': '1747180800000', 'instId': 'BTC-USDT-SWAP', 'instType': 'SWAP', 'method': 'current_period', 'realizedRate': '0.0001'}"
2025-05-14 00:00:00,1747180800000,0.0001,BTC/USDT:USDT,"{'formulaType': 'withRate', 'fundingRate': '0.0001', 'fundingTime': '1747180800000', 'instId': 'BTC-USDT-SWAP', 'instType': 'SWAP', 'method': 'current_period', 'realizedRate': '0.0001'}"
2025-05-14 00:00:00,1747180800000,0.0001,BTC/USDT:USDT,"{'formulaType': 'withRate', 'fundingRate': '0.0001', 'fundingTime': '1747180800000', 'instId': 'BTC-USDT-SWAP', 'instType': 'SWAP', 'method': 'current_period', 'realizedRate': '0.0001'}"
2025-05-14 00:00:00,1747180800000,0.0001,BTC/USDT:USDT,"{'formulaType': 'withRate', 'fundingRate': '0.0001', 'fundingTime': '1747180800000', 'instId': 'BTC-USDT-SWAP', 'instType': 'SWAP', 'method': 'current_period', 'realizedRate': '0.0001'}"
2025-05-14 00:00:00,1747180800000,0.0001,BTC/USDT:USDT,"{'formulaType': 'withRate', 'fundingRate': '0.0001', 'fundingTime': '1747180800000', 'instId': 'BTC-USDT-SWAP', 'instType': 'SWAP', 'method': 'current_period', 'realizedRate': '0.0001'}"
2025-05-14 08:00:00,1747209600000,5.89500417609e-05,BTC/USDT:USDT,"{'formulaType': 'withRate', 'fundingRate': '0.0000589500417609', 'fundingTime': '1747209600000', 'instId': 'BTC-USDT-SWAP', 'instType': 'SWAP', 'method': 'current_period', 'realizedRate': '0.0000589500417609'}"
2025-05-14 08:00:00,1747209600000,5.89500417609e-05,BTC/USDT:USDT,"{'formulaType': 'withRate', 'fundingRate': '0.0000589500417609', 'fundingTime': '1747209600000', 'instId': 'BTC-USDT-SWAP', 'instType': 'SWAP', 'method': 'current_period', 'realizedRate': '0.0000589500417609'}"
2025-05-14 08:00:00,1747209600000,5.89500417609e-05,BTC/USDT:USDT,"{'formulaType': 'withRate', 'fundingRate': '0.0000589500417609', 'fundingTime': '1747209600000', 'instId': 'BTC-USDT-SWAP', 'instType': 'SWAP', 'method': 'current_period', 'realizedRate': '0.0000589500417609'}"
2025-05-14 08:00:00,1747209600000,5.89500417609e-05,BTC/USDT:USDT,"{'formulaType': 'withRate', 'fundingRate': '0.0000589500417609', 'fundingTime': '1747209600000', 'instId': 'BTC-USDT-SWAP', 'instType': 'SWAP', 'method': 'current_period', 'realizedRate': '0.0000589500417609'}"
2025-05-14 08:00:00,1747209600000,5.89500417609e-05,BTC/USDT:USDT,"{'formulaType': 'withRate', 'fundingRate': '0.0000589500417609', 'fundingTime': '1747209600000', 'instId': 'BTC-USDT-SWAP', 'instType': 'SWAP', 'method': 'current_period', 'realizedRate': '0.0000589500417609'}"
2025-05-14 08:00:00,1747209600000,5.89500417609e-05,BTC/USDT:USDT,"{'formulaType': 'withRate', 'fundingRate': '0.0000589500417609', 'fundingTime': '1747209600000', 'instId': 'BTC-USDT-SWAP', 'instType': 'SWAP', 'method': 'current_period', 'realizedRate': '0.0000589500417609'}"
2025-05-14 08:00:00,1747209600000,5.89500417609e-05,BTC/USDT:USDT,"{'formulaType': 'withRate', 'fundingRate': '0.0000589500417609', 'fundingTime': '1747209600000', 'instId': 'BTC-USDT-SWAP', 'instType': 'SWAP', 'method': 'current_period', 'realizedRate': '0.0000589500417609'}"
2025-05-14 08:00:00,1747209600000,5.89500417609e-05,BTC/USDT:USDT,"{'formulaType': 'withRate', 'fundingRate': '0.0000589500417609', 'fundingTime': '1747209600000', 'instId': 'BTC-USDT-SWAP', 'instType': 'SWAP', 'method': 'current_period', 'realizedRate': '0.0000589500417609'}"
2025-05-14 08:00:00,1747209600000,5.89500417609e-05,BTC/USDT:USDT,"{'formulaType': 'withRate', 'fundingRate': '0.0000589500417609', 'fundingTime': '1747209600000', 'instId': 'BTC-USDT-SWAP', 'instType': 'SWAP', 'method': 'current_period', 'realizedRate': '0.0000589500417609'}"
2025-05-14 08:00:00,1747209600000,5.89500417609e-05,BTC/USDT:USDT,"{'formulaType': 'withRate', 'fundingRate': '0.0000589500417609', 'fundingTime': '1747209600000', 'instId': 'BTC-USDT-SWAP', 'instType': 'SWAP', 'method': 'current_period', 'realizedRate': '0.0000589500417609'}"
2025-05-14 08:00:00,1747209600000,5.89500417609e-05,BTC/USDT:USDT,"{'formulaType': 'withRate', 'fundingRate': '0.0000589500417609', 'fundingTime': '1747209600000', 'instId': 'BTC-USDT-SWAP', 'instType': 'SWAP', 'method': 'current_period', 'realizedRate': '0.0000589500417609'}"
2025-05-14 08:00:00,1747209600000,5.89500417609e-05,BTC/USDT:USDT,"{'formulaType': 'withRate', 'fundingRate': '0.0000589500417609', 'fundingTime': '1747209600000', 'instId': 'BTC-USDT-SWAP', 'instType': 'SWAP', 'method': 'current_period', 'realizedRate': '0.0000589500417609'}"
2025-05-14 08:00:00,1747209600000,5.89500417609e-05,BTC/USDT:USDT,"{'formulaType': 'withRate', 'fundingRate': '0.0000589500417609', 'fundingTime': '1747209600000', 'instId': 'BTC-USDT-SWAP', 'instType': 'SWAP', 'method': 'current_period', 'realizedRate': '0.0000589500417609'}"
2025-05-14 08:00:00,1747209600000,5.89500417609e-05,BTC/USDT:USDT,"{'formulaType': 'withRate', 'fundingRate': '0.0000589500417609', 'fundingTime': '1747209600000', 'instId': 'BTC-USDT-SWAP', 'instType': 'SWAP', 'method': 'current_period', 'realizedRate': '0.0000589500417609'}"
2025-05-14 08:00:00,1747209600000,5.89500417609e-05,BTC/USDT:USDT,"{'formulaType': 'withRate', 'fundingRate': '0.0000589500417609', 'fundingTime': '1747209600000', 'instId': 'BTC-USDT-SWAP', 'instType': 'SWAP', 'method': 'current_period', 'realizedRate': '0.0000589500417609'}"
2025-05-14 08:00:00,1747209600000,5.89500417609e-05,BTC/USDT:USDT,"{'formulaType': 'withRate', 'fundingRate': '0.0000589500417609', 'fundingTime': '1747209600000', 'instId': 'BTC-USDT-SWAP', 'instType': 'SWAP', 'method': 'current_period', 'realizedRate': '0.0000589500417609'}"
2025-05-14 08:00:00,1747209600000,5.89500417609e-05,BTC/USDT:USDT,"{'formulaType': 'withRate', 'fundingRate': '0.0000589500417609', 'fundingTime': '1747209600000', 'instId': 'BTC-USDT-SWAP', 'instType': 'SWAP', 'method': 'current_period', 'realizedRate': '0.0000589500417609'}"
2025-05-14 08:00:00,1747209600000,5.89500417609e-05,BTC/USDT:USDT,"{'formulaType': 'withRate', 'fundingRate': '0.0000589500417609', 'fundingTime': '1747209600000', 'instId': 'BTC-USDT-SWAP', 'instType': 'SWAP', 'method': 'current_period', 'realizedRate': '0.0000589500417609'}"
2025-05-14 08:00:00,1747209600000,5.89500417609e-05,BTC/USDT:USDT,"{'formulaType': 'withRate', 'fundingRate': '0.0000589500417609', 'fundingTime': '1747209600000', 'instId': 'BTC-USDT-SWAP', 'instType': 'SWAP', 'method': 'current_period', 'realizedRate': '0.0000589500417609'}"
2025-05-14 08:00:00,1747209600000,5.89500417609e-05,BTC/USDT:USDT,"{'formulaType': 'withRate', 'fundingRate': '0.0000589500417609', 'fundingTime': '1747209600000', 'instId': 'BTC-USDT-SWAP', 'instType': 'SWAP', 'method': 'current_period', 'realizedRate': '0.0000589500417609'}"
2025-05-14 08:00:00,1747209600000,5.89500417609e-05,BTC/USDT:USDT,"{'formulaType': 'withRate', 'fundingRate': '0.0000589500417609', 'fundingTime': '1747209600000', 'instId': 'BTC-USDT-SWAP', 'instType': 'SWAP', 'method': 'current_period', 'realizedRate': '0.0000589500417609'}"
2025-05-14 08:00:00,1747209600000,5.89500417609e-05,BTC/USDT:USDT,"{'formulaType': 'withRate', 'fundingRate': '0.0000589500417609', 'fundingTime': '1747209600000', 'instId': 'BTC-USDT-SWAP', 'instType': 'SWAP', 'method': 'current_period', 'realizedRate': '0.0000589500417609'}"
2025-05-14 08:00:00,1747209600000,5.89500417609e-05,BTC/USDT:USDT,"{'formulaType': 'withRate', 'fundingRate': '0.0000589500417609', 'fundingTime': '1747209600000', 'instId': 'BTC-USDT-SWAP', 'instType': 'SWAP', 'method': 'current_period', 'realizedRate': '0.0000589500417609'}"
2025-05-14 08:00:00,1747209600000,5.89500417609e-05,BTC/USDT:USDT,"{'formulaType': 'withRate', 'fundingRate': '0.0000589500417609', 'fundingTime': '1747209600000', 'instId': 'BTC-USDT-SWAP', 'instType': 'SWAP', 'method': 'current_period', 'realizedRate': '0.0000589500417609'}"
2025-05-14 08:00:00,1747209600000,5.89500417609e-05,BTC/USDT:USDT,"{'formulaType': 'withRate', 'fundingRate': '0.0000589500417609', 'fundingTime': '1747209600000', 'instId': 'BTC-USDT-SWAP', 'instType': 'SWAP', 'method': 'current_period', 'realizedRate': '0.0000589500417609'}"
2025-05-14 08:00:00,1747209600000,5.89500417609e-05,BTC/USDT:USDT,"{'formulaType': 'withRate', 'fundingRate': '0.0000589500417609', 'fundingTime': '1747209600000', 'instId': 'BTC-USDT-SWAP', 'instType': 'SWAP', 'method': 'current_period', 'realizedRate': '0.0000589500417609'}"
2025-05-14 08:00:00,1747209600000,5.89500417609e-05,BTC/USDT:USDT,"{'formulaType': 'withRate', 'fundingRate': '0.0000589500417609', 'fundingTime': '1747209600000', 'instId': 'BTC-USDT-SWAP', 'instType': 'SWAP', 'method': 'current_period', 'realizedRate': '0.0000589500417609'}"
2025-05-14 08:00:00,1747209600000,5.89500417609e-05,BTC/USDT:USDT,"{'formulaType': 'withRate', 'fundingRate': '0.0000589500417609', 'fundingTime': '1747209600000', 'instId': 'BTC-USDT-SWAP', 'instType': 'SWAP', 'method': 'current_period', 'realizedRate': '0.0000589500417609'}"
2025-05-14 08:00:00,1747209600000,5.89500417609e-05,BTC/USDT:USDT,"{'formulaType': 'withRate', 'fundingRate': '0.0000589500417609', 'fundingTime': '1747209600000', 'instId': 'BTC-USDT-SWAP', 'instType': 'SWAP', 'method': 'current_period', 'realizedRate': '0.0000589500417609'}"
2025-05-14 08:00:00,1747209600000,5.89500417609e-05,BTC/USDT:USDT,"{'formulaType': 'withRate', 'fundingRate': '0.0000589500417609', 'fundingTime': '1747209600000', 'instId': 'BTC-USDT-SWAP', 'instType': 'SWAP', 'method': 'current_period', 'realizedRate': '0.0000589500417609'}"
2025-05-14 08:00:00,1747209600000,5.89500417609e-05,BTC/USDT:USDT,"{'formulaType': 'withRate', 'fundingRate': '0.0000589500417609', 'fundingTime': '1747209600000', 'instId': 'BTC-USDT-SWAP', 'instType': 'SWAP', 'method': 'current_period', 'realizedRate': '0.0000589500417609'}"
2025-05-14 08:00:00,1747209600000,5.89500417609e-05,BTC/USDT:USDT,"{'formulaType': 'withRate', 'fundingRate': '0.0000589500417609', 'fundingTime': '1747209600000', 'instId': 'BTC-USDT-SWAP', 'instType': 'SWAP', 'method': 'current_period', 'realizedRate': '0.0000589500417609'}"
2025-05-14 08:00:00,1747209600000,5.89500417609e-05,BTC/USDT:USDT,"{'formulaType': 'withRate', 'fundingRate': '0.0000589500417609', 'fundingTime': '1747209600000', 'instId': 'BTC-USDT-SWAP', 'instType': 'SWAP', 'method': 'current_period', 'realizedRate': '0.0000589500417609'}"
2025-05-14 08:00:00,1747209600000,5.89500417609e-05,BTC/USDT:USDT,"{'formulaType': 'withRate', 'fundingRate': '0.0000589500417609', 'fundingTime': '1747209600000', 'instId': 'BTC-USDT-SWAP', 'instType': 'SWAP', 'method': 'current_period', 'realizedRate': '0.0000589500417609'}"
2025-05-14 08:00:00,1747209600000,5.89500417609e-05,BTC/USDT:USDT,"{'formulaType': 'withRate', 'fundingRate': '0.0000589500417609', 'fundingTime': '1747209600000', 'instId': 'BTC-USDT-SWAP', 'instType': 'SWAP', 'method': 'current_period', 'realizedRate': '0.0000589500417609'}"
2025-05-14 08:00:00,1747209600000,5.89500417609e-05,BTC/USDT:USDT,"{'formulaType': 'withRate', 'fundingRate': '0.0000589500417609', 'fundingTime': '1747209600000', 'instId': 'BTC-USDT-SWAP', 'instType': 'SWAP', 'method': 'current_period', 'realizedRate': '0.0000589500417609'}"
2025-05-14 08:00:00,1747209600000,5.89500417609e-05,BTC/USDT:USDT,"{'formulaType': 'withRate', 'fundingRate': '0.0000589500417609', 'fundingTime': '1747209600000', 'instId': 'BTC-USDT-SWAP', 'instType': 'SWAP', 'method': 'current_period', 'realizedRate': '0.0000589500417609'}"
2025-05-14 16:00:00,1747238400000,5.64287212759e-05,BTC/USDT:USDT,"{'formulaType': 'withRate', 'fundingRate': '0.0000564287212759', 'fundingTime': '1747238400000', 'instId': 'BTC-USDT-SWAP', 'instType': 'SWAP', 'method': 'current_period', 'realizedRate': '0.0000564287212759'}"
2025-05-14 16:00:00,1747238400000,5.64287212759e-05,BTC/USDT:USDT,"{'formulaType': 'withRate', 'fundingRate': '0.0000564287212759', 'fundingTime': '1747238400000', 'instId': 'BTC-USDT-SWAP', 'instType': 'SWAP', 'method': 'current_period', 'realizedRate': '0.0000564287212759'}"
2025-05-14 16:00:00,1747238400000,5.64287212759e-05,BTC/USDT:USDT,"{'formulaType': 'withRate', 'fundingRate': '0.0000564287212759', 'fundingTime': '1747238400000', 'instId': 'BTC-USDT-SWAP', 'instType': 'SWAP', 'method': 'current_period', 'realizedRate': '0.0000564287212759'}"
2025-05-14 16:00:00,1747238400000,5.64287212759e-05,BTC/USDT:USDT,"{'formulaType': 'withRate', 'fundingRate': '0.0000564287212759', 'fundingTime': '1747238400000', 'instId': 'BTC-USDT-SWAP', 'instType': 'SWAP', 'method': 'current_period', 'realizedRate': '0.0000564287212759'}"
2025-05-14 16:00:00,1747238400000,5.64287212759e-05,BTC/USDT:USDT,"{'formulaType': 'withRate', 'fundingRate': '0.0000564287212759', 'fundingTime': '1747238400000', 'instId': 'BTC-USDT-SWAP', 'instType': 'SWAP', 'method': 'current_period', 'realizedRate': '0.0000564287212759'}"
2025-05-14 16:00:00,1747238400000,5.64287212759e-05,BTC/USDT:USDT,"{'formulaType': 'withRate', 'fundingRate': '0.0000564287212759', 'fundingTime': '1747238400000', 'instId': 'BTC-USDT-SWAP', 'instType': 'SWAP', 'method': 'current_period', 'realizedRate': '0.0000564287212759'}"
2025-05-14 16:00:00,1747238400000,5.64287212759e-05,BTC/USDT:USDT,"{'formulaType': 'withRate', 'fundingRate': '0.0000564287212759', 'fundingTime': '1747238400000', 'instId': 'BTC-USDT-SWAP', 'instType': 'SWAP', 'method': 'current_period', 'realizedRate': '0.0000564287212759'}"
2025-05-14 16:00:00,1747238400000,5.64287212759e-05,BTC/USDT:USDT,"{'formulaType': 'withRate', 'fundingRate': '0.0000564287212759', 'fundingTime': '1747238400000', 'instId': 'BTC-USDT-SWAP', 'instType': 'SWAP', 'method': 'current_period', 'realizedRate': '0.0000564287212759'}"
2025-05-14 16:00:00,1747238400000,5.64287212759e-05,BTC/USDT:USDT,"{'formulaType': 'withRate', 'fundingRate': '0.0000564287212759', 'fundingTime': '1747238400000', 'instId': 'BTC-USDT-SWAP', 'instType': 'SWAP', 'method': 'current_period', 'realizedRate': '0.0000564287212759'}"
2025-05-14 16:00:00,1747238400000,5.64287212759e-05,BTC/USDT:USDT,"{'formulaType': 'withRate', 'fundingRate': '0.0000564287212759', 'fundingTime': '1747238400000', 'instId': 'BTC-USDT-SWAP', 'instType': 'SWAP', 'method': 'current_period', 'realizedRate': '0.0000564287212759'}"
2025-05-14 16:00:00,1747238400000,5.64287212759e-05,BTC/USDT:USDT,"{'formulaType': 'withRate', 'fundingRate': '0.0000564287212759', 'fundingTime': '1747238400000', 'instId': 'BTC-USDT-SWAP', 'instType': 'SWAP', 'method': 'current_period', 'realizedRate': '0.0000564287212759'}"
2025-05-14 16:00:00,1747238400000,5.64287212759e-05,BTC/USDT:USDT,"{'formulaType': 'withRate', 'fundingRate': '0.0000564287212759', 'fundingTime': '1747238400000', 'instId': 'BTC-USDT-SWAP', 'instType': 'SWAP', 'method': 'current_period', 'realizedRate': '0.0000564287212759'}"
2025-05-14 16:00:00,1747238400000,5.64287212759e-05,BTC/USDT:USDT,"{'formulaType': 'withRate', 'fundingRate': '0.0000564287212759', 'fundingTime': '1747238400000', 'instId': 'BTC-USDT-SWAP', 'instType': 'SWAP', 'method': 'current_period', 'realizedRate': '0.0000564287212759'}"
2025-05-14 16:00:00,1747238400000,5.64287212759e-05,BTC/USDT:USDT,"{'formulaType': 'withRate', 'fundingRate': '0.0000564287212759', 'fundingTime': '1747238400000', 'instId': 'BTC-USDT-SWAP', 'instType': 'SWAP', 'method': 'current_period', 'realizedRate': '0.0000564287212759'}"
2025-05-14 16:00:00,1747238400000,5.64287212759e-05,BTC/USDT:USDT,"{'formulaType': 'withRate', 'fundingRate': '0.0000564287212759', 'fundingTime': '1747238400000', 'instId': 'BTC-USDT-SWAP', 'instType': 'SWAP', 'method': 'current_period', 'realizedRate': '0.0000564287212759'}"
2025-05-14 16:00:00,1747238400000,5.64287212759e-05,BTC/USDT:USDT,"{'formulaType': 'withRate', 'fundingRate': '0.0000564287212759', 'fundingTime': '1747238400000', 'instId': 'BTC-USDT-SWAP', 'instType': 'SWAP', 'method': 'current_period', 'realizedRate': '0.0000564287212759'}"
2025-05-14 16:00:00,1747238400000,5.64287212759e-05,BTC/USDT:USDT,"{'formulaType': 'withRate', 'fundingRate': '0.0000564287212759', 'fundingTime': '1747238400000', 'instId': 'BTC-USDT-SWAP', 'instType': 'SWAP', 'method': 'current_period', 'realizedRate': '0.0000564287212759'}"
2025-05-14 16:00:00,1747238400000,5.64287212759e-05,BTC/USDT:USDT,"{'formulaType': 'withRate', 'fundingRate': '0.0000564287212759', 'fundingTime': '1747238400000', 'instId': 'BTC-USDT-SWAP', 'instType': 'SWAP', 'method': 'current_period', 'realizedRate': '0.0000564287212759'}"
2025-05-14 16:00:00,1747238400000,5.64287212759e-05,BTC/USDT:USDT,"{'formulaType': 'withRate', 'fundingRate': '0.0000564287212759', 'fundingTime': '1747238400000', 'instId': 'BTC-USDT-SWAP', 'instType': 'SWAP', 'method': 'current_period', 'realizedRate': '0.0000564287212759'}"
2025-05-14 16:00:00,1747238400000,5.64287212759e-05,BTC/USDT:USDT,"{'formulaType': 'withRate', 'fundingRate': '0.0000564287212759', 'fundingTime': '1747238400000', 'instId': 'BTC-USDT-SWAP', 'instType': 'SWAP', 'method': 'current_period', 'realizedRate': '0.0000564287212759'}"
2025-05-14 16:00:00,1747238400000,5.64287212759e-05,BTC/USDT:USDT,"{'formulaType': 'withRate', 'fundingRate': '0.0000564287212759', 'fundingTime': '1747238400000', 'instId': 'BTC-USDT-SWAP', 'instType': 'SWAP', 'method': 'current_period', 'realizedRate': '0.0000564287212759'}"
2025-05-14 16:00:00,1747238400000,5.64287212759e-05,BTC/USDT:USDT,"{'formulaType': 'withRate', 'fundingRate': '0.0000564287212759', 'fundingTime': '1747238400000', 'instId': 'BTC-USDT-SWAP', 'instType': 'SWAP', 'method': 'current_period', 'realizedRate': '0.0000564287212759'}"
2025-05-14 16:00:00,1747238400000,5.64287212759e-05,BTC/USDT:USDT,"{'formulaType': 'withRate', 'fundingRate': '0.0000564287212759', 'fundingTime': '1747238400000', 'instId': 'BTC-USDT-SWAP', 'instType': 'SWAP', 'method': 'current_period', 'realizedRate': '0.0000564287212759'}"
2025-05-14 16:00:00,1747238400000,5.64287212759e-05,BTC/USDT:USDT,"{'formulaType': 'withRate', 'fundingRate': '0.0000564287212759', 'fundingTime': '1747238400000', 'instId': 'BTC-USDT-SWAP', 'instType': 'SWAP', 'method': 'current_period', 'realizedRate': '0.0000564287212759'}"
2025-05-14 16:00:00,1747238400000,5.64287212759e-05,BTC/USDT:USDT,"{'formulaType': 'withRate', 'fundingRate': '0.0000564287212759', 'fundingTime': '1747238400000', 'instId': 'BTC-USDT-SWAP', 'instType': 'SWAP', 'method': 'current_period', 'realizedRate': '0.0000564287212759'}"
2025-05-14 16:00:00,1747238400000,5.64287212759e-05,BTC/USDT:USDT,"{'formulaType': 'withRate', 'fundingRate': '0.0000564287212759', 'fundingTime': '1747238400000', 'instId': 'BTC-USDT-SWAP', 'instType': 'SWAP', 'method': 'current_period', 'realizedRate': '0.0000564287212759'}"
2025-05-14 16:00:00,1747238400000,5.64287212759e-05,BTC/USDT:USDT,"{'formulaType': 'withRate', 'fundingRate': '0.0000564287212759', 'fundingTime': '1747238400000', 'instId': 'BTC-USDT-SWAP', 'instType': 'SWAP', 'method': 'current_period', 'realizedRate': '0.0000564287212759'}"
2025-05-14 16:00:00,1747238400000,5.64287212759e-05,BTC/USDT:USDT,"{'formulaType': 'withRate', 'fundingRate': '0.0000564287212759', 'fundingTime': '1747238400000', 'instId': 'BTC-USDT-SWAP', 'instType': 'SWAP', 'method': 'current_period', 'realizedRate': '0.0000564287212759'}"
2025-05-14 16:00:00,1747238400000,5.64287212759e-05,BTC/USDT:USDT,"{'formulaType': 'withRate', 'fundingRate': '0.0000564287212759', 'fundingTime': '1747238400000', 'instId': 'BTC-USDT-SWAP', 'instType': 'SWAP', 'method': 'current_period', 'realizedRate': '0.0000564287212759'}"
2025-05-14 16:00:00,1747238400000,5.64287212759e-05,BTC/USDT:USDT,"{'formulaType': 'withRate', 'fundingRate': '0.0000564287212759', 'fundingTime': '1747238400000', 'instId': 'BTC-USDT-SWAP', 'instType': 'SWAP', 'method': 'current_period', 'realizedRate': '0.0000564287212759'}"
2025-05-14 16:00:00,1747238400000,5.64287212759e-05,BTC/USDT:USDT,"{'formulaType': 'withRate', 'fundingRate': '0.0000564287212759', 'fundingTime': '1747238400000', 'instId': 'BTC-USDT-SWAP', 'instType': 'SWAP', 'method': 'current_period', 'realizedRate': '0.0000564287212759'}"
2025-05-14 16:00:00,1747238400000,5.64287212759e-05,BTC/USDT:USDT,"{'formulaType': 'withRate', 'fundingRate': '0.0000564287212759', 'fundingTime': '1747238400000', 'instId': 'BTC-USDT-SWAP', 'instType': 'SWAP', 'method': 'current_period', 'realizedRate': '0.0000564287212759'}"
2025-05-14 16:00:00,1747238400000,5.64287212759e-05,BTC/USDT:USDT,"{'formulaType': 'withRate', 'fundingRate': '0.0000564287212759', 'fundingTime': '1747238400000', 'instId': 'BTC-USDT-SWAP', 'instType': 'SWAP', 'method': 'current_period', 'realizedRate': '0.0000564287212759'}"
2025-05-14 16:00:00,1747238400000,5.64287212759e-05,BTC/USDT:USDT,"{'formulaType': 'withRate', 'fundingRate': '0.0000564287212759', 'fundingTime': '1747238400000', 'instId': 'BTC-USDT-SWAP', 'instType': 'SWAP', 'method': 'current_period', 'realizedRate': '0.0000564287212759'}"
2025-05-14 16:00:00,1747238400000,5.64287212759e-05,BTC/USDT:USDT,"{'formulaType': 'withRate', 'fundingRate': '0.0000564287212759', 'fundingTime': '1747238400000', 'instId': 'BTC-USDT-SWAP', 'instType': 'SWAP', 'method': 'current_period', 'realizedRate': '0.0000564287212759'}"
2025-05-14 16:00:00,1747238400000,5.64287212759e-05,BTC/USDT:USDT,"{'formulaType': 'withRate', 'fundingRate': '0.0000564287212759', 'fundingTime': '1747238400000', 'instId': 'BTC-USDT-SWAP', 'instType': 'SWAP', 'method': 'current_period', 'realizedRate': '0.0000564287212759'}"
2025-05-14 16:00:00,1747238400000,5.64287212759e-05,BTC/USDT:USDT,"{'formulaType': 'withRate', 'fundingRate': '0.0000564287212759', 'fundingTime': '1747238400000', 'instId': 'BTC-USDT-SWAP', 'instType': 'SWAP', 'method': 'current_period', 'realizedRate': '0.0000564287212759'}"
2025-05-15 00:00:00,1747267200000,1.15991581556e-05,BTC/USDT:USDT,"{'formulaType': 'withRate', 'fundingRate': '0.0000115991581556', 'fundingTime': '1747267200000', 'instId': 'BTC-USDT-SWAP', 'instType': 'SWAP', 'method': 'current_period', 'realizedRate': '0.0000115991581556'}"
2025-05-15 00:00:00,1747267200000,1.15991581556e-05,BTC/USDT:USDT,"{'formulaType': 'withRate', 'fundingRate': '0.0000115991581556', 'fundingTime': '1747267200000', 'instId': 'BTC-USDT-SWAP', 'instType': 'SWAP', 'method': 'current_period', 'realizedRate': '0.0000115991581556'}"
2025-05-15 00:00:00,1747267200000,1.15991581556e-05,BTC/USDT:USDT,"{'formulaType': 'withRate', 'fundingRate': '0.0000115991581556', 'fundingTime': '1747267200000', 'instId': 'BTC-USDT-SWAP', 'instType': 'SWAP', 'method': 'current_period', 'realizedRate': '0.0000115991581556'}"
2025-05-15 00:00:00,1747267200000,1.15991581556e-05,BTC/USDT:USDT,"{'formulaType': 'withRate', 'fundingRate': '0.0000115991581556', 'fundingTime': '1747267200000', 'instId': 'BTC-USDT-SWAP', 'instType': 'SWAP', 'method': 'current_period', 'realizedRate': '0.0000115991581556'}"
2025-05-15 00:00:00,1747267200000,1.15991581556e-05,BTC/USDT:USDT,"{'formulaType': 'withRate', 'fundingRate': '0.0000115991581556', 'fundingTime': '1747267200000', 'instId': 'BTC-USDT-SWAP', 'instType': 'SWAP', 'method': 'current_period', 'realizedRate': '0.0000115991581556'}"
2025-05-15 00:00:00,1747267200000,1.15991581556e-05,BTC/USDT:USDT,"{'formulaType': 'withRate', 'fundingRate': '0.0000115991581556', 'fundingTime': '1747267200000', 'instId': 'BTC-USDT-SWAP', 'instType': 'SWAP', 'method': 'current_period', 'realizedRate': '0.0000115991581556'}"
2025-05-15 00:00:00,1747267200000,1.15991581556e-05,BTC/USDT:USDT,"{'formulaType': 'withRate', 'fundingRate': '0.0000115991581556', 'fundingTime': '1747267200000', 'instId': 'BTC-USDT-SWAP', 'instType': 'SWAP', 'method': 'current_period', 'realizedRate': '0.0000115991581556'}"
2025-05-15 00:00:00,1747267200000,1.15991581556e-05,BTC/USDT:USDT,"{'formulaType': 'withRate', 'fundingRate': '0.0000115991581556', 'fundingTime': '1747267200000', 'instId': 'BTC-USDT-SWAP', 'instType': 'SWAP', 'method': 'current_period', 'realizedRate': '0.0000115991581556'}"
2025-05-15 00:00:00,1747267200000,1.15991581556e-05,BTC/USDT:USDT,"{'formulaType': 'withRate', 'fundingRate': '0.0000115991581556', 'fundingTime': '1747267200000', 'instId': 'BTC-USDT-SWAP', 'instType': 'SWAP', 'method': 'current_period', 'realizedRate': '0.0000115991581556'}"
2025-05-15 00:00:00,1747267200000,1.15991581556e-05,BTC/USDT:USDT,"{'formulaType': 'withRate', 'fundingRate': '0.0000115991581556', 'fundingTime': '1747267200000', 'instId': 'BTC-USDT-SWAP', 'instType': 'SWAP', 'method': 'current_period', 'realizedRate': '0.0000115991581556'}"
2025-05-15 00:00:00,1747267200000,1.15991581556e-05,BTC/USDT:USDT,"{'formulaType': 'withRate', 'fundingRate': '0.0000115991581556', 'fundingTime': '1747267200000', 'instId': 'BTC-USDT-SWAP', 'instType': 'SWAP', 'method': 'current_period', 'realizedRate': '0.0000115991581556'}"
2025-05-15 00:00:00,1747267200000,1.15991581556e-05,BTC/USDT:USDT,"{'formulaType': 'withRate', 'fundingRate': '0.0000115991581556', 'fundingTime': '1747267200000', 'instId': 'BTC-USDT-SWAP', 'instType': 'SWAP', 'method': 'current_period', 'realizedRate': '0.0000115991581556'}"
2025-05-15 00:00:00,1747267200000,1.15991581556e-05,BTC/USDT:USDT,"{'formulaType': 'withRate', 'fundingRate': '0.0000115991581556', 'fundingTime': '1747267200000', 'instId': 'BTC-USDT-SWAP', 'instType': 'SWAP', 'method': 'current_period', 'realizedRate': '0.0000115991581556'}"
2025-05-15 00:00:00,1747267200000,1.15991581556e-05,BTC/USDT:USDT,"{'formulaType': 'withRate', 'fundingRate': '0.0000115991581556', 'fundingTime': '1747267200000', 'instId': 'BTC-USDT-SWAP', 'instType': 'SWAP', 'method': 'current_period', 'realizedRate': '0.0000115991581556'}"
2025-05-15 00:00:00,1747267200000,1.15991581556e-05,BTC/USDT:USDT,"{'formulaType': 'withRate', 'fundingRate': '0.0000115991581556', 'fundingTime': '1747267200000', 'instId': 'BTC-USDT-SWAP', 'instType': 'SWAP', 'method': 'current_period', 'realizedRate': '0.0000115991581556'}"
2025-05-15 00:00:00,1747267200000,1.15991581556e-05,BTC/USDT:USDT,"{'formulaType': 'withRate', 'fundingRate': '0.0000115991581556', 'fundingTime': '1747267200000', 'instId': 'BTC-USDT-SWAP', 'instType': 'SWAP', 'method': 'current_period', 'realizedRate': '0.0000115991581556'}"
2025-05-15 00:00:00,1747267200000,1.15991581556e-05,BTC/USDT:USDT,"{'formulaType': 'withRate', 'fundingRate': '0.0000115991581556', 'fundingTime': '1747267200000', 'instId': 'BTC-USDT-SWAP', 'instType': 'SWAP', 'method': 'current_period', 'realizedRate': '0.0000115991581556'}"
2025-05-15 00:00:00,1747267200000,1.15991581556e-05,BTC/USDT:USDT,"{'formulaType': 'withRate', 'fundingRate': '0.0000115991581556', 'fundingTime': '1747267200000', 'instId': 'BTC-USDT-SWAP', 'instType': 'SWAP', 'method': 'current_period', 'realizedRate': '0.0000115991581556'}"
2025-05-15 00:00:00,1747267200000,1.15991581556e-05,BTC/USDT:USDT,"{'formulaType': 'withRate', 'fundingRate': '0.0000115991581556', 'fundingTime': '1747267200000', 'instId': 'BTC-USDT-SWAP', 'instType': 'SWAP', 'method': 'current_period', 'realizedRate': '0.0000115991581556'}"
2025-05-15 00:00:00,1747267200000,1.15991581556e-05,BTC/USDT:USDT,"{'formulaType': 'withRate', 'fundingRate': '0.0000115991581556', 'fundingTime': '1747267200000', 'instId': 'BTC-USDT-SWAP', 'instType': 'SWAP', 'method': 'current_period', 'realizedRate': '0.0000115991581556'}"
2025-05-15 00:00:00,1747267200000,1.15991581556e-05,BTC/USDT:USDT,"{'formulaType': 'withRate', 'fundingRate': '0.0000115991581556', 'fundingTime': '1747267200000', 'instId': 'BTC-USDT-SWAP', 'instType': 'SWAP', 'method': 'current_period', 'realizedRate': '0.0000115991581556'}"
2025-05-15 00:00:00,1747267200000,1.15991581556e-05,BTC/USDT:USDT,"{'formulaType': 'withRate', 'fundingRate': '0.0000115991581556', 'fundingTime': '1747267200000', 'instId': 'BTC-USDT-SWAP', 'instType': 'SWAP', 'method': 'current_period', 'realizedRate': '0.0000115991581556'}"
2025-05-15 00:00:00,1747267200000,1.15991581556e-05,BTC/USDT:USDT,"{'formulaType': 'withRate', 'fundingRate': '0.0000115991581556', 'fundingTime': '1747267200000', 'instId': 'BTC-USDT-SWAP', 'instType': 'SWAP', 'method': 'current_period', 'realizedRate': '0.0000115991581556'}"
2025-05-15 00:00:00,1747267200000,1.15991581556e-05,BTC/USDT:USDT,"{'formulaType': 'withRate', 'fundingRate': '0.0000115991581556', 'fundingTime': '1747267200000', 'instId': 'BTC-USDT-SWAP', 'instType': 'SWAP', 'method': 'current_period', 'realizedRate': '0.0000115991581556'}"
2025-05-15 00:00:00,1747267200000,1.15991581556e-05,BTC/USDT:USDT,"{'formulaType': 'withRate', 'fundingRate': '0.0000115991581556', 'fundingTime': '1747267200000', 'instId': 'BTC-USDT-SWAP', 'instType': 'SWAP', 'method': 'current_period', 'realizedRate': '0.0000115991581556'}"
2025-05-15 00:00:00,1747267200000,1.15991581556e-05,BTC/USDT:USDT,"{'formulaType': 'withRate', 'fundingRate': '0.0000115991581556', 'fundingTime': '1747267200000', 'instId': 'BTC-USDT-SWAP', 'instType': 'SWAP', 'method': 'current_period', 'realizedRate': '0.0000115991581556'}"
2025-05-15 00:00:00,1747267200000,1.15991581556e-05,BTC/USDT:USDT,"{'formulaType': 'withRate', 'fundingRate': '0.0000115991581556', 'fundingTime': '1747267200000', 'instId': 'BTC-USDT-SWAP', 'instType': 'SWAP', 'method': 'current_period', 'realizedRate': '0.0000115991581556'}"
2025-05-15 00:00:00,1747267200000,1.15991581556e-05,BTC/USDT:USDT,"{'formulaType': 'withRate', 'fundingRate': '0.0000115991581556', 'fundingTime': '1747267200000', 'instId': 'BTC-USDT-SWAP', 'instType': 'SWAP', 'method': 'current_period', 'realizedRate': '0.0000115991581556'}"
2025-05-15 00:00:00,1747267200000,1.15991581556e-05,BTC/USDT:USDT,"{'formulaType': 'withRate', 'fundingRate': '0.0000115991581556', 'fundingTime': '1747267200000', 'instId': 'BTC-USDT-SWAP', 'instType': 'SWAP', 'method': 'current_period', 'realizedRate': '0.0000115991581556'}"
2025-05-15 00:00:00,1747267200000,1.15991581556e-05,BTC/USDT:USDT,"{'formulaType': 'withRate', 'fundingRate': '0.0000115991581556', 'fundingTime': '1747267200000', 'instId': 'BTC-USDT-SWAP', 'instType': 'SWAP', 'method': 'current_period', 'realizedRate': '0.0000115991581556'}"
2025-05-15 00:00:00,1747267200000,1.15991581556e-05,BTC/USDT:USDT,"{'formulaType': 'withRate', 'fundingRate': '0.0000115991581556', 'fundingTime': '1747267200000', 'instId': 'BTC-USDT-SWAP', 'instType': 'SWAP', 'method': 'current_period', 'realizedRate': '0.0000115991581556'}"
2025-05-15 00:00:00,1747267200000,1.15991581556e-05,BTC/USDT:USDT,"{'formulaType': 'withRate', 'fundingRate': '0.0000115991581556', 'fundingTime': '1747267200000', 'instId': 'BTC-USDT-SWAP', 'instType': 'SWAP', 'method': 'current_period', 'realizedRate': '0.0000115991581556'}"
2025-05-15 00:00:00,1747267200000,1.15991581556e-05,BTC/USDT:USDT,"{'formulaType': 'withRate', 'fundingRate': '0.0000115991581556', 'fundingTime': '1747267200000', 'instId': 'BTC-USDT-SWAP', 'instType': 'SWAP', 'method': 'current_period', 'realizedRate': '0.0000115991581556'}"
2025-05-15 00:00:00,1747267200000,1.15991581556e-05,BTC/USDT:USDT,"{'formulaType': 'withRate', 'fundingRate': '0.0000115991581556', 'fundingTime': '1747267200000', 'instId': 'BTC-USDT-SWAP', 'instType': 'SWAP', 'method': 'current_period', 'realizedRate': '0.0000115991581556'}"
2025-05-15 00:00:00,1747267200000,1.15991581556e-05,BTC/USDT:USDT,"{'formulaType': 'withRate', 'fundingRate': '0.0000115991581556', 'fundingTime': '1747267200000', 'instId': 'BTC-USDT-SWAP', 'instType': 'SWAP', 'method': 'current_period', 'realizedRate': '0.0000115991581556'}"
2025-05-15 00:00:00,1747267200000,1.15991581556e-05,BTC/USDT:USDT,"{'formulaType': 'withRate', 'fundingRate': '0.0000115991581556', 'fundingTime': '1747267200000', 'instId': 'BTC-USDT-SWAP', 'instType': 'SWAP', 'method': 'current_period', 'realizedRate': '0.0000115991581556'}"
2025-05-15 00:00:00,1747267200000,1.15991581556e-05,BTC/USDT:USDT,"{'formulaType': 'withRate', 'fundingRate': '0.0000115991581556', 'fundingTime': '1747267200000', 'instId': 'BTC-USDT-SWAP', 'instType': 'SWAP', 'method': 'current_period', 'realizedRate': '0.0000115991581556'}"
2025-05-15 08:00:00,1747296000000,8.13454541166e-05,BTC/USDT:USDT,"{'formulaType': 'withRate', 'fundingRate': '0.0000813454541166', 'fundingTime': '1747296000000', 'instId': 'BTC-USDT-SWAP', 'instType': 'SWAP', 'method': 'current_period', 'realizedRate': '0.0000813454541166'}"
2025-05-15 08:00:00,1747296000000,8.13454541166e-05,BTC/USDT:USDT,"{'formulaType': 'withRate', 'fundingRate': '0.0000813454541166', 'fundingTime': '1747296000000', 'instId': 'BTC-USDT-SWAP', 'instType': 'SWAP', 'method': 'current_period', 'realizedRate': '0.0000813454541166'}"
2025-05-15 08:00:00,1747296000000,8.13454541166e-05,BTC/USDT:USDT,"{'formulaType': 'withRate', 'fundingRate': '0.0000813454541166', 'fundingTime': '1747296000000', 'instId': 'BTC-USDT-SWAP', 'instType': 'SWAP', 'method': 'current_period', 'realizedRate': '0.0000813454541166'}"
2025-05-15 08:00:00,1747296000000,8.13454541166e-05,BTC/USDT:USDT,"{'formulaType': 'withRate', 'fundingRate': '0.0000813454541166', 'fundingTime': '1747296000000', 'instId': 'BTC-USDT-SWAP', 'instType': 'SWAP', 'method': 'current_period', 'realizedRate': '0.0000813454541166'}"
2025-05-15 08:00:00,1747296000000,8.13454541166e-05,BTC/USDT:USDT,"{'formulaType': 'withRate', 'fundingRate': '0.0000813454541166', 'fundingTime': '1747296000000', 'instId': 'BTC-USDT-SWAP', 'instType': 'SWAP', 'method': 'current_period', 'realizedRate': '0.0000813454541166'}"
2025-05-15 08:00:00,1747296000000,8.13454541166e-05,BTC/USDT:USDT,"{'formulaType': 'withRate', 'fundingRate': '0.0000813454541166', 'fundingTime': '1747296000000', 'instId': 'BTC-USDT-SWAP', 'instType': 'SWAP', 'method': 'current_period', 'realizedRate': '0.0000813454541166'}"
2025-05-15 08:00:00,1747296000000,8.13454541166e-05,BTC/USDT:USDT,"{'formulaType': 'withRate', 'fundingRate': '0.0000813454541166', 'fundingTime': '1747296000000', 'instId': 'BTC-USDT-SWAP', 'instType': 'SWAP', 'method': 'current_period', 'realizedRate': '0.0000813454541166'}"
2025-05-15 08:00:00,1747296000000,8.13454541166e-05,BTC/USDT:USDT,"{'formulaType': 'withRate', 'fundingRate': '0.0000813454541166', 'fundingTime': '1747296000000', 'instId': 'BTC-USDT-SWAP', 'instType': 'SWAP', 'method': 'current_period', 'realizedRate': '0.0000813454541166'}"
2025-05-15 08:00:00,1747296000000,8.13454541166e-05,BTC/USDT:USDT,"{'formulaType': 'withRate', 'fundingRate': '0.0000813454541166', 'fundingTime': '1747296000000', 'instId': 'BTC-USDT-SWAP', 'instType': 'SWAP', 'method': 'current_period', 'realizedRate': '0.0000813454541166'}"
2025-05-15 08:00:00,1747296000000,8.13454541166e-05,BTC/USDT:USDT,"{'formulaType': 'withRate', 'fundingRate': '0.0000813454541166', 'fundingTime': '1747296000000', 'instId': 'BTC-USDT-SWAP', 'instType': 'SWAP', 'method': 'current_period', 'realizedRate': '0.0000813454541166'}"
2025-05-15 08:00:00,1747296000000,8.13454541166e-05,BTC/USDT:USDT,"{'formulaType': 'withRate', 'fundingRate': '0.0000813454541166', 'fundingTime': '1747296000000', 'instId': 'BTC-USDT-SWAP', 'instType': 'SWAP', 'method': 'current_period', 'realizedRate': '0.0000813454541166'}"
2025-05-15 08:00:00,1747296000000,8.13454541166e-05,BTC/USDT:USDT,"{'formulaType': 'withRate', 'fundingRate': '0.0000813454541166', 'fundingTime': '1747296000000', 'instId': 'BTC-USDT-SWAP', 'instType': 'SWAP', 'method': 'current_period', 'realizedRate': '0.0000813454541166'}"
2025-05-15 08:00:00,1747296000000,8.13454541166e-05,BTC/USDT:USDT,"{'formulaType': 'withRate', 'fundingRate': '0.0000813454541166', 'fundingTime': '1747296000000', 'instId': 'BTC-USDT-SWAP', 'instType': 'SWAP', 'method': 'current_period', 'realizedRate': '0.0000813454541166'}"
2025-05-15 08:00:00,1747296000000,8.13454541166e-05,BTC/USDT:USDT,"{'formulaType': 'withRate', 'fundingRate': '0.0000813454541166', 'fundingTime': '1747296000000', 'instId': 'BTC-USDT-SWAP', 'instType': 'SWAP', 'method': 'current_period', 'realizedRate': '0.0000813454541166'}"
2025-05-15 08:00:00,1747296000000,8.13454541166e-05,BTC/USDT:USDT,"{'formulaType': 'withRate', 'fundingRate': '0.0000813454541166', 'fundingTime': '1747296000000', 'instId': 'BTC-USDT-SWAP', 'instType': 'SWAP', 'method': 'current_period', 'realizedRate': '0.0000813454541166'}"
2025-05-15 08:00:00,1747296000000,8.13454541166e-05,BTC/USDT:USDT,"{'formulaType': 'withRate', 'fundingRate': '0.0000813454541166', 'fundingTime': '1747296000000', 'instId': 'BTC-USDT-SWAP', 'instType': 'SWAP', 'method': 'current_period', 'realizedRate': '0.0000813454541166'}"
2025-05-15 08:00:00,1747296000000,8.13454541166e-05,BTC/USDT:USDT,"{'formulaType': 'withRate', 'fundingRate': '0.0000813454541166', 'fundingTime': '1747296000000', 'instId': 'BTC-USDT-SWAP', 'instType': 'SWAP', 'method': 'current_period', 'realizedRate': '0.0000813454541166'}"
2025-05-15 08:00:00,1747296000000,8.13454541166e-05,BTC/USDT:USDT,"{'formulaType': 'withRate', 'fundingRate': '0.0000813454541166', 'fundingTime': '1747296000000', 'instId': 'BTC-USDT-SWAP', 'instType': 'SWAP', 'method': 'current_period', 'realizedRate': '0.0000813454541166'}"
2025-05-15 08:00:00,1747296000000,8.13454541166e-05,BTC/USDT:USDT,"{'formulaType': 'withRate', 'fundingRate': '0.0000813454541166', 'fundingTime': '1747296000000', 'instId': 'BTC-USDT-SWAP', 'instType': 'SWAP', 'method': 'current_period', 'realizedRate': '0.0000813454541166'}"
2025-05-15 08:00:00,1747296000000,8.13454541166e-05,BTC/USDT:USDT,"{'formulaType': 'withRate', 'fundingRate': '0.0000813454541166', 'fundingTime': '1747296000000', 'instId': 'BTC-USDT-SWAP', 'instType': 'SWAP', 'method': 'current_period', 'realizedRate': '0.0000813454541166'}"
2025-05-15 08:00:00,1747296000000,8.13454541166e-05,BTC/USDT:USDT,"{'formulaType': 'withRate', 'fundingRate': '0.0000813454541166', 'fundingTime': '1747296000000', 'instId': 'BTC-USDT-SWAP', 'instType': 'SWAP', 'method': 'current_period', 'realizedRate': '0.0000813454541166'}"
2025-05-15 08:00:00,1747296000000,8.13454541166e-05,BTC/USDT:USDT,"{'formulaType': 'withRate', 'fundingRate': '0.0000813454541166', 'fundingTime': '1747296000000', 'instId': 'BTC-USDT-SWAP', 'instType': 'SWAP', 'method': 'current_period', 'realizedRate': '0.0000813454541166'}"
2025-05-15 08:00:00,1747296000000,8.13454541166e-05,BTC/USDT:USDT,"{'formulaType': 'withRate', 'fundingRate': '0.0000813454541166', 'fundingTime': '1747296000000', 'instId': 'BTC-USDT-SWAP', 'instType': 'SWAP', 'method': 'current_period', 'realizedRate': '0.0000813454541166'}"
2025-05-15 08:00:00,1747296000000,8.13454541166e-05,BTC/USDT:USDT,"{'formulaType': 'withRate', 'fundingRate': '0.0000813454541166', 'fundingTime': '1747296000000', 'instId': 'BTC-USDT-SWAP', 'instType': 'SWAP', 'method': 'current_period', 'realizedRate': '0.0000813454541166'}"
2025-05-15 08:00:00,1747296000000,8.13454541166e-05,BTC/USDT:USDT,"{'formulaType': 'withRate', 'fundingRate': '0.0000813454541166', 'fundingTime': '1747296000000', 'instId': 'BTC-USDT-SWAP', 'instType': 'SWAP', 'method': 'current_period', 'realizedRate': '0.0000813454541166'}"
2025-05-15 08:00:00,1747296000000,8.13454541166e-05,BTC/USDT:USDT,"{'formulaType': 'withRate', 'fundingRate': '0.0000813454541166', 'fundingTime': '1747296000000', 'instId': 'BTC-USDT-SWAP', 'instType': 'SWAP', 'method': 'current_period', 'realizedRate': '0.0000813454541166'}"
2025-05-15 08:00:00,1747296000000,8.13454541166e-05,BTC/USDT:USDT,"{'formulaType': 'withRate', 'fundingRate': '0.0000813454541166', 'fundingTime': '1747296000000', 'instId': 'BTC-USDT-SWAP', 'instType': 'SWAP', 'method': 'current_period', 'realizedRate': '0.0000813454541166'}"
2025-05-15 08:00:00,1747296000000,8.13454541166e-05,BTC/USDT:USDT,"{'formulaType': 'withRate', 'fundingRate': '0.0000813454541166', 'fundingTime': '1747296000000', 'instId': 'BTC-USDT-SWAP', 'instType': 'SWAP', 'method': 'current_period', 'realizedRate': '0.0000813454541166'}"
2025-05-15 08:00:00,1747296000000,8.13454541166e-05,BTC/USDT:USDT,"{'formulaType': 'withRate', 'fundingRate': '0.0000813454541166', 'fundingTime': '1747296000000', 'instId': 'BTC-USDT-SWAP', 'instType': 'SWAP', 'method': 'current_period', 'realizedRate': '0.0000813454541166'}"
2025-05-15 08:00:00,1747296000000,8.13454541166e-05,BTC/USDT:USDT,"{'formulaType': 'withRate', 'fundingRate': '0.0000813454541166', 'fundingTime': '1747296000000', 'instId': 'BTC-USDT-SWAP', 'instType': 'SWAP', 'method': 'current_period', 'realizedRate': '0.0000813454541166'}"
2025-05-15 08:00:00,1747296000000,8.13454541166e-05,BTC/USDT:USDT,"{'formulaType': 'withRate', 'fundingRate': '0.0000813454541166', 'fundingTime': '1747296000000', 'instId': 'BTC-USDT-SWAP', 'instType': 'SWAP', 'method': 'current_period', 'realizedRate': '0.0000813454541166'}"
2025-05-15 08:00:00,1747296000000,8.13454541166e-05,BTC/USDT:USDT,"{'formulaType': 'withRate', 'fundingRate': '0.0000813454541166', 'fundingTime': '1747296000000', 'instId': 'BTC-USDT-SWAP', 'instType': 'SWAP', 'method': 'current_period', 'realizedRate': '0.0000813454541166'}"
2025-05-15 08:00:00,1747296000000,8.13454541166e-05,BTC/USDT:USDT,"{'formulaType': 'withRate', 'fundingRate': '0.0000813454541166', 'fundingTime': '1747296000000', 'instId': 'BTC-USDT-SWAP', 'instType': 'SWAP', 'method': 'current_period', 'realizedRate': '0.0000813454541166'}"
2025-05-15 08:00:00,1747296000000,8.13454541166e-05,BTC/USDT:USDT,"{'formulaType': 'withRate', 'fundingRate': '0.0000813454541166', 'fundingTime': '1747296000000', 'instId': 'BTC-USDT-SWAP', 'instType': 'SWAP', 'method': 'current_period', 'realizedRate': '0.0000813454541166'}"
2025-05-15 08:00:00,1747296000000,8.13454541166e-05,BTC/USDT:USDT,"{'formulaType': 'withRate', 'fundingRate': '0.0000813454541166', 'fundingTime': '1747296000000', 'instId': 'BTC-USDT-SWAP', 'instType': 'SWAP', 'method': 'current_period', 'realizedRate': '0.0000813454541166'}"
2025-05-15 08:00:00,1747296000000,8.13454541166e-05,BTC/USDT:USDT,"{'formulaType': 'withRate', 'fundingRate': '0.0000813454541166', 'fundingTime': '1747296000000', 'instId': 'BTC-USDT-SWAP', 'instType': 'SWAP', 'method': 'current_period', 'realizedRate': '0.0000813454541166'}"
2025-05-15 08:00:00,1747296000000,8.13454541166e-05,BTC/USDT:USDT,"{'formulaType': 'withRate', 'fundingRate': '0.0000813454541166', 'fundingTime': '1747296000000', 'instId': 'BTC-USDT-SWAP', 'instType': 'SWAP', 'method': 'current_period', 'realizedRate': '0.0000813454541166'}"
2025-05-15 16:00:00,1747324800000,4.74631606875e-05,BTC/USDT:USDT,"{'formulaType': 'withRate', 'fundingRate': '0.0000474631606875', 'fundingTime': '1747324800000', 'instId': 'BTC-USDT-SWAP', 'instType': 'SWAP', 'method': 'current_period', 'realizedRate': '0.0000474631606875'}"
2025-05-15 16:00:00,1747324800000,4.74631606875e-05,BTC/USDT:USDT,"{'formulaType': 'withRate', 'fundingRate': '0.0000474631606875', 'fundingTime': '1747324800000', 'instId': 'BTC-USDT-SWAP', 'instType': 'SWAP', 'method': 'current_period', 'realizedRate': '0.0000474631606875'}"
2025-05-15 16:00:00,1747324800000,4.74631606875e-05,BTC/USDT:USDT,"{'formulaType': 'withRate', 'fundingRate': '0.0000474631606875', 'fundingTime': '1747324800000', 'instId': 'BTC-USDT-SWAP', 'instType': 'SWAP', 'method': 'current_period', 'realizedRate': '0.0000474631606875'}"
2025-05-15 16:00:00,1747324800000,4.74631606875e-05,BTC/USDT:USDT,"{'formulaType': 'withRate', 'fundingRate': '0.0000474631606875', 'fundingTime': '1747324800000', 'instId': 'BTC-USDT-SWAP', 'instType': 'SWAP', 'method': 'current_period', 'realizedRate': '0.0000474631606875'}"
2025-05-15 16:00:00,1747324800000,4.74631606875e-05,BTC/USDT:USDT,"{'formulaType': 'withRate', 'fundingRate': '0.0000474631606875', 'fundingTime': '1747324800000', 'instId': 'BTC-USDT-SWAP', 'instType': 'SWAP', 'method': 'current_period', 'realizedRate': '0.0000474631606875'}"
2025-05-15 16:00:00,1747324800000,4.74631606875e-05,BTC/USDT:USDT,"{'formulaType': 'withRate', 'fundingRate': '0.0000474631606875', 'fundingTime': '1747324800000', 'instId': 'BTC-USDT-SWAP', 'instType': 'SWAP', 'method': 'current_period', 'realizedRate': '0.0000474631606875'}"
2025-05-15 16:00:00,1747324800000,4.74631606875e-05,BTC/USDT:USDT,"{'formulaType': 'withRate', 'fundingRate': '0.0000474631606875', 'fundingTime': '1747324800000', 'instId': 'BTC-USDT-SWAP', 'instType': 'SWAP', 'method': 'current_period', 'realizedRate': '0.0000474631606875'}"
2025-05-15 16:00:00,1747324800000,4.74631606875e-05,BTC/USDT:USDT,"{'formulaType': 'withRate', 'fundingRate': '0.0000474631606875', 'fundingTime': '1747324800000', 'instId': 'BTC-USDT-SWAP', 'instType': 'SWAP', 'method': 'current_period', 'realizedRate': '0.0000474631606875'}"
2025-05-15 16:00:00,1747324800000,4.74631606875e-05,BTC/USDT:USDT,"{'formulaType': 'withRate', 'fundingRate': '0.0000474631606875', 'fundingTime': '1747324800000', 'instId': 'BTC-USDT-SWAP', 'instType': 'SWAP', 'method': 'current_period', 'realizedRate': '0.0000474631606875'}"
2025-05-15 16:00:00,1747324800000,4.74631606875e-05,BTC/USDT:USDT,"{'formulaType': 'withRate', 'fundingRate': '0.0000474631606875', 'fundingTime': '1747324800000', 'instId': 'BTC-USDT-SWAP', 'instType': 'SWAP', 'method': 'current_period', 'realizedRate': '0.0000474631606875'}"
2025-05-15 16:00:00,1747324800000,4.74631606875e-05,BTC/USDT:USDT,"{'formulaType': 'withRate', 'fundingRate': '0.0000474631606875', 'fundingTime': '1747324800000', 'instId': 'BTC-USDT-SWAP', 'instType': 'SWAP', 'method': 'current_period', 'realizedRate': '0.0000474631606875'}"
2025-05-15 16:00:00,1747324800000,4.74631606875e-05,BTC/USDT:USDT,"{'formulaType': 'withRate', 'fundingRate': '0.0000474631606875', 'fundingTime': '1747324800000', 'instId': 'BTC-USDT-SWAP', 'instType': 'SWAP', 'method': 'current_period', 'realizedRate': '0.0000474631606875'}"
2025-05-15 16:00:00,1747324800000,4.74631606875e-05,BTC/USDT:USDT,"{'formulaType': 'withRate', 'fundingRate': '0.0000474631606875', 'fundingTime': '1747324800000', 'instId': 'BTC-USDT-SWAP', 'instType': 'SWAP', 'method': 'current_period', 'realizedRate': '0.0000474631606875'}"
2025-05-15 16:00:00,1747324800000,4.74631606875e-05,BTC/USDT:USDT,"{'formulaType': 'withRate', 'fundingRate': '0.0000474631606875', 'fundingTime': '1747324800000', 'instId': 'BTC-USDT-SWAP', 'instType': 'SWAP', 'method': 'current_period', 'realizedRate': '0.0000474631606875'}"
2025-05-15 16:00:00,1747324800000,4.74631606875e-05,BTC/USDT:USDT,"{'formulaType': 'withRate', 'fundingRate': '0.0000474631606875', 'fundingTime': '1747324800000', 'instId': 'BTC-USDT-SWAP', 'instType': 'SWAP', 'method': 'current_period', 'realizedRate': '0.0000474631606875'}"
2025-05-15 16:00:00,1747324800000,4.74631606875e-05,BTC/USDT:USDT,"{'formulaType': 'withRate', 'fundingRate': '0.0000474631606875', 'fundingTime': '1747324800000', 'instId': 'BTC-USDT-SWAP', 'instType': 'SWAP', 'method': 'current_period', 'realizedRate': '0.0000474631606875'}"
2025-05-15 16:00:00,1747324800000,4.74631606875e-05,BTC/USDT:USDT,"{'formulaType': 'withRate', 'fundingRate': '0.0000474631606875', 'fundingTime': '1747324800000', 'instId': 'BTC-USDT-SWAP', 'instType': 'SWAP', 'method': 'current_period', 'realizedRate': '0.0000474631606875'}"
2025-05-15 16:00:00,1747324800000,4.74631606875e-05,BTC/USDT:USDT,"{'formulaType': 'withRate', 'fundingRate': '0.0000474631606875', 'fundingTime': '1747324800000', 'instId': 'BTC-USDT-SWAP', 'instType': 'SWAP', 'method': 'current_period', 'realizedRate': '0.0000474631606875'}"
2025-05-15 16:00:00,1747324800000,4.74631606875e-05,BTC/USDT:USDT,"{'formulaType': 'withRate', 'fundingRate': '0.0000474631606875', 'fundingTime': '1747324800000', 'instId': 'BTC-USDT-SWAP', 'instType': 'SWAP', 'method': 'current_period', 'realizedRate': '0.0000474631606875'}"
2025-05-15 16:00:00,1747324800000,4.74631606875e-05,BTC/USDT:USDT,"{'formulaType': 'withRate', 'fundingRate': '0.0000474631606875', 'fundingTime': '1747324800000', 'instId': 'BTC-USDT-SWAP', 'instType': 'SWAP', 'method': 'current_period', 'realizedRate': '0.0000474631606875'}"
2025-05-15 16:00:00,1747324800000,4.74631606875e-05,BTC/USDT:USDT,"{'formulaType': 'withRate', 'fundingRate': '0.0000474631606875', 'fundingTime': '1747324800000', 'instId': 'BTC-USDT-SWAP', 'instType': 'SWAP', 'method': 'current_period', 'realizedRate': '0.0000474631606875'}"
2025-05-15 16:00:00,1747324800000,4.74631606875e-05,BTC/USDT:USDT,"{'formulaType': 'withRate', 'fundingRate': '0.0000474631606875', 'fundingTime': '1747324800000', 'instId': 'BTC-USDT-SWAP', 'instType': 'SWAP', 'method': 'current_period', 'realizedRate': '0.0000474631606875'}"
2025-05-15 16:00:00,1747324800000,4.74631606875e-05,BTC/USDT:USDT,"{'formulaType': 'withRate', 'fundingRate': '0.0000474631606875', 'fundingTime': '1747324800000', 'instId': 'BTC-USDT-SWAP', 'instType': 'SWAP', 'method': 'current_period', 'realizedRate': '0.0000474631606875'}"
2025-05-15 16:00:00,1747324800000,4.74631606875e-05,BTC/USDT:USDT,"{'formulaType': 'withRate', 'fundingRate': '0.0000474631606875', 'fundingTime': '1747324800000', 'instId': 'BTC-USDT-SWAP', 'instType': 'SWAP', 'method': 'current_period', 'realizedRate': '0.0000474631606875'}"
2025-05-15 16:00:00,1747324800000,4.74631606875e-05,BTC/USDT:USDT,"{'formulaType': 'withRate', 'fundingRate': '0.0000474631606875', 'fundingTime': '1747324800000', 'instId': 'BTC-USDT-SWAP', 'instType': 'SWAP', 'method': 'current_period', 'realizedRate': '0.0000474631606875'}"
2025-05-15 16:00:00,1747324800000,4.74631606875e-05,BTC/USDT:USDT,"{'formulaType': 'withRate', 'fundingRate': '0.0000474631606875', 'fundingTime': '1747324800000', 'instId': 'BTC-USDT-SWAP', 'instType': 'SWAP', 'method': 'current_period', 'realizedRate': '0.0000474631606875'}"
2025-05-15 16:00:00,1747324800000,4.74631606875e-05,BTC/USDT:USDT,"{'formulaType': 'withRate', 'fundingRate': '0.0000474631606875', 'fundingTime': '1747324800000', 'instId': 'BTC-USDT-SWAP', 'instType': 'SWAP', 'method': 'current_period', 'realizedRate': '0.0000474631606875'}"
2025-05-15 16:00:00,1747324800000,4.74631606875e-05,BTC/USDT:USDT,"{'formulaType': 'withRate', 'fundingRate': '0.0000474631606875', 'fundingTime': '1747324800000', 'instId': 'BTC-USDT-SWAP', 'instType': 'SWAP', 'method': 'current_period', 'realizedRate': '0.0000474631606875'}"
2025-05-15 16:00:00,1747324800000,4.74631606875e-05,BTC/USDT:USDT,"{'formulaType': 'withRate', 'fundingRate': '0.0000474631606875', 'fundingTime': '1747324800000', 'instId': 'BTC-USDT-SWAP', 'instType': 'SWAP', 'method': 'current_period', 'realizedRate': '0.0000474631606875'}"
2025-05-15 16:00:00,1747324800000,4.74631606875e-05,BTC/USDT:USDT,"{'formulaType': 'withRate', 'fundingRate': '0.0000474631606875', 'fundingTime': '1747324800000', 'instId': 'BTC-USDT-SWAP', 'instType': 'SWAP', 'method': 'current_period', 'realizedRate': '0.0000474631606875'}"
2025-05-15 16:00:00,1747324800000,4.74631606875e-05,BTC/USDT:USDT,"{'formulaType': 'withRate', 'fundingRate': '0.0000474631606875', 'fundingTime': '1747324800000', 'instId': 'BTC-USDT-SWAP', 'instType': 'SWAP', 'method': 'current_period', 'realizedRate': '0.0000474631606875'}"
2025-05-15 16:00:00,1747324800000,4.74631606875e-05,BTC/USDT:USDT,"{'formulaType': 'withRate', 'fundingRate': '0.0000474631606875', 'fundingTime': '1747324800000', 'instId': 'BTC-USDT-SWAP', 'instType': 'SWAP', 'method': 'current_period', 'realizedRate': '0.0000474631606875'}"
2025-05-15 16:00:00,1747324800000,4.74631606875e-05,BTC/USDT:USDT,"{'formulaType': 'withRate', 'fundingRate': '0.0000474631606875', 'fundingTime': '1747324800000', 'instId': 'BTC-USDT-SWAP', 'instType': 'SWAP', 'method': 'current_period', 'realizedRate': '0.0000474631606875'}"
2025-05-15 16:00:00,1747324800000,4.74631606875e-05,BTC/USDT:USDT,"{'formulaType': 'withRate', 'fundingRate': '0.0000474631606875', 'fundingTime': '1747324800000', 'instId': 'BTC-USDT-SWAP', 'instType': 'SWAP', 'method': 'current_period', 'realizedRate': '0.0000474631606875'}"
2025-05-15 16:00:00,1747324800000,4.74631606875e-05,BTC/USDT:USDT,"{'formulaType': 'withRate', 'fundingRate': '0.0000474631606875', 'fundingTime': '1747324800000', 'instId': 'BTC-USDT-SWAP', 'instType': 'SWAP', 'method': 'current_period', 'realizedRate': '0.0000474631606875'}"
2025-05-15 16:00:00,1747324800000,4.74631606875e-05,BTC/USDT:USDT,"{'formulaType': 'withRate', 'fundingRate': '0.0000474631606875', 'fundingTime': '1747324800000', 'instId': 'BTC-USDT-SWAP', 'instType': 'SWAP', 'method': 'current_period', 'realizedRate': '0.0000474631606875'}"
2025-05-15 16:00:00,1747324800000,4.74631606875e-05,BTC/USDT:USDT,"{'formulaType': 'withRate', 'fundingRate': '0.0000474631606875', 'fundingTime': '1747324800000', 'instId': 'BTC-USDT-SWAP', 'instType': 'SWAP', 'method': 'current_period', 'realizedRate': '0.0000474631606875'}"
2025-05-16 00:00:00,1747353600000,8.77621647427e-05,BTC/USDT:USDT,"{'formulaType': 'withRate', 'fundingRate': '0.0000877621647427', 'fundingTime': '1747353600000', 'instId': 'BTC-USDT-SWAP', 'instType': 'SWAP', 'method': 'current_period', 'realizedRate': '0.0000877621647427'}"
2025-05-16 00:00:00,1747353600000,8.77621647427e-05,BTC/USDT:USDT,"{'formulaType': 'withRate', 'fundingRate': '0.0000877621647427', 'fundingTime': '1747353600000', 'instId': 'BTC-USDT-SWAP', 'instType': 'SWAP', 'method': 'current_period', 'realizedRate': '0.0000877621647427'}"
2025-05-16 00:00:00,1747353600000,8.77621647427e-05,BTC/USDT:USDT,"{'formulaType': 'withRate', 'fundingRate': '0.0000877621647427', 'fundingTime': '1747353600000', 'instId': 'BTC-USDT-SWAP', 'instType': 'SWAP', 'method': 'current_period', 'realizedRate': '0.0000877621647427'}"
2025-05-16 00:00:00,1747353600000,8.77621647427e-05,BTC/USDT:USDT,"{'formulaType': 'withRate', 'fundingRate': '0.0000877621647427', 'fundingTime': '1747353600000', 'instId': 'BTC-USDT-SWAP', 'instType': 'SWAP', 'method': 'current_period', 'realizedRate': '0.0000877621647427'}"
2025-05-16 00:00:00,1747353600000,8.77621647427e-05,BTC/USDT:USDT,"{'formulaType': 'withRate', 'fundingRate': '0.0000877621647427', 'fundingTime': '1747353600000', 'instId': 'BTC-USDT-SWAP', 'instType': 'SWAP', 'method': 'current_period', 'realizedRate': '0.0000877621647427'}"
2025-05-16 00:00:00,1747353600000,8.77621647427e-05,BTC/USDT:USDT,"{'formulaType': 'withRate', 'fundingRate': '0.0000877621647427', 'fundingTime': '1747353600000', 'instId': 'BTC-USDT-SWAP', 'instType': 'SWAP', 'method': 'current_period', 'realizedRate': '0.0000877621647427'}"
2025-05-16 00:00:00,1747353600000,8.77621647427e-05,BTC/USDT:USDT,"{'formulaType': 'withRate', 'fundingRate': '0.0000877621647427', 'fundingTime': '1747353600000', 'instId': 'BTC-USDT-SWAP', 'instType': 'SWAP', 'method': 'current_period', 'realizedRate': '0.0000877621647427'}"
2025-05-16 00:00:00,1747353600000,8.77621647427e-05,BTC/USDT:USDT,"{'formulaType': 'withRate', 'fundingRate': '0.0000877621647427', 'fundingTime': '1747353600000', 'instId': 'BTC-USDT-SWAP', 'instType': 'SWAP', 'method': 'current_period', 'realizedRate': '0.0000877621647427'}"
2025-05-16 00:00:00,1747353600000,8.77621647427e-05,BTC/USDT:USDT,"{'formulaType': 'withRate', 'fundingRate': '0.0000877621647427', 'fundingTime': '1747353600000', 'instId': 'BTC-USDT-SWAP', 'instType': 'SWAP', 'method': 'current_period', 'realizedRate': '0.0000877621647427'}"
2025-05-16 00:00:00,1747353600000,8.77621647427e-05,BTC/USDT:USDT,"{'formulaType': 'withRate', 'fundingRate': '0.0000877621647427', 'fundingTime': '1747353600000', 'instId': 'BTC-USDT-SWAP', 'instType': 'SWAP', 'method': 'current_period', 'realizedRate': '0.0000877621647427'}"
2025-05-16 00:00:00,1747353600000,8.77621647427e-05,BTC/USDT:USDT,"{'formulaType': 'withRate', 'fundingRate': '0.0000877621647427', 'fundingTime': '1747353600000', 'instId': 'BTC-USDT-SWAP', 'instType': 'SWAP', 'method': 'current_period', 'realizedRate': '0.0000877621647427'}"
2025-05-16 00:00:00,1747353600000,8.77621647427e-05,BTC/USDT:USDT,"{'formulaType': 'withRate', 'fundingRate': '0.0000877621647427', 'fundingTime': '1747353600000', 'instId': 'BTC-USDT-SWAP', 'instType': 'SWAP', 'method': 'current_period', 'realizedRate': '0.0000877621647427'}"
2025-05-16 00:00:00,1747353600000,8.77621647427e-05,BTC/USDT:USDT,"{'formulaType': 'withRate', 'fundingRate': '0.0000877621647427', 'fundingTime': '1747353600000', 'instId': 'BTC-USDT-SWAP', 'instType': 'SWAP', 'method': 'current_period', 'realizedRate': '0.0000877621647427'}"
2025-05-16 00:00:00,1747353600000,8.77621647427e-05,BTC/USDT:USDT,"{'formulaType': 'withRate', 'fundingRate': '0.0000877621647427', 'fundingTime': '1747353600000', 'instId': 'BTC-USDT-SWAP', 'instType': 'SWAP', 'method': 'current_period', 'realizedRate': '0.0000877621647427'}"
2025-05-16 00:00:00,1747353600000,8.77621647427e-05,BTC/USDT:USDT,"{'formulaType': 'withRate', 'fundingRate': '0.0000877621647427', 'fundingTime': '1747353600000', 'instId': 'BTC-USDT-SWAP', 'instType': 'SWAP', 'method': 'current_period', 'realizedRate': '0.0000877621647427'}"
2025-05-16 00:00:00,1747353600000,8.77621647427e-05,BTC/USDT:USDT,"{'formulaType': 'withRate', 'fundingRate': '0.0000877621647427', 'fundingTime': '1747353600000', 'instId': 'BTC-USDT-SWAP', 'instType': 'SWAP', 'method': 'current_period', 'realizedRate': '0.0000877621647427'}"
2025-05-16 00:00:00,1747353600000,8.77621647427e-05,BTC/USDT:USDT,"{'formulaType': 'withRate', 'fundingRate': '0.0000877621647427', 'fundingTime': '1747353600000', 'instId': 'BTC-USDT-SWAP', 'instType': 'SWAP', 'method': 'current_period', 'realizedRate': '0.0000877621647427'}"
2025-05-16 00:00:00,1747353600000,8.77621647427e-05,BTC/USDT:USDT,"{'formulaType': 'withRate', 'fundingRate': '0.0000877621647427', 'fundingTime': '1747353600000', 'instId': 'BTC-USDT-SWAP', 'instType': 'SWAP', 'method': 'current_period', 'realizedRate': '0.0000877621647427'}"
2025-05-16 00:00:00,1747353600000,8.77621647427e-05,BTC/USDT:USDT,"{'formulaType': 'withRate', 'fundingRate': '0.0000877621647427', 'fundingTime': '1747353600000', 'instId': 'BTC-USDT-SWAP', 'instType': 'SWAP', 'method': 'current_period', 'realizedRate': '0.0000877621647427'}"
2025-05-16 00:00:00,1747353600000,8.77621647427e-05,BTC/USDT:USDT,"{'formulaType': 'withRate', 'fundingRate': '0.0000877621647427', 'fundingTime': '1747353600000', 'instId': 'BTC-USDT-SWAP', 'instType': 'SWAP', 'method': 'current_period', 'realizedRate': '0.0000877621647427'}"
2025-05-16 00:00:00,1747353600000,8.77621647427e-05,BTC/USDT:USDT,"{'formulaType': 'withRate', 'fundingRate': '0.0000877621647427', 'fundingTime': '1747353600000', 'instId': 'BTC-USDT-SWAP', 'instType': 'SWAP', 'method': 'current_period', 'realizedRate': '0.0000877621647427'}"
2025-05-16 00:00:00,1747353600000,8.77621647427e-05,BTC/USDT:USDT,"{'formulaType': 'withRate', 'fundingRate': '0.0000877621647427', 'fundingTime': '1747353600000', 'instId': 'BTC-USDT-SWAP', 'instType': 'SWAP', 'method': 'current_period', 'realizedRate': '0.0000877621647427'}"
2025-05-16 00:00:00,1747353600000,8.77621647427e-05,BTC/USDT:USDT,"{'formulaType': 'withRate', 'fundingRate': '0.0000877621647427', 'fundingTime': '1747353600000', 'instId': 'BTC-USDT-SWAP', 'instType': 'SWAP', 'method': 'current_period', 'realizedRate': '0.0000877621647427'}"
2025-05-16 00:00:00,1747353600000,8.77621647427e-05,BTC/USDT:USDT,"{'formulaType': 'withRate', 'fundingRate': '0.0000877621647427', 'fundingTime': '1747353600000', 'instId': 'BTC-USDT-SWAP', 'instType': 'SWAP', 'method': 'current_period', 'realizedRate': '0.0000877621647427'}"
2025-05-16 00:00:00,1747353600000,8.77621647427e-05,BTC/USDT:USDT,"{'formulaType': 'withRate', 'fundingRate': '0.0000877621647427', 'fundingTime': '1747353600000', 'instId': 'BTC-USDT-SWAP', 'instType': 'SWAP', 'method': 'current_period', 'realizedRate': '0.0000877621647427'}"
2025-05-16 00:00:00,1747353600000,8.77621647427e-05,BTC/USDT:USDT,"{'formulaType': 'withRate', 'fundingRate': '0.0000877621647427', 'fundingTime': '1747353600000', 'instId': 'BTC-USDT-SWAP', 'instType': 'SWAP', 'method': 'current_period', 'realizedRate': '0.0000877621647427'}"
2025-05-16 00:00:00,1747353600000,8.77621647427e-05,BTC/USDT:USDT,"{'formulaType': 'withRate', 'fundingRate': '0.0000877621647427', 'fundingTime': '1747353600000', 'instId': 'BTC-USDT-SWAP', 'instType': 'SWAP', 'method': 'current_period', 'realizedRate': '0.0000877621647427'}"
2025-05-16 00:00:00,1747353600000,8.77621647427e-05,BTC/USDT:USDT,"{'formulaType': 'withRate', 'fundingRate': '0.0000877621647427', 'fundingTime': '1747353600000', 'instId': 'BTC-USDT-SWAP', 'instType': 'SWAP', 'method': 'current_period', 'realizedRate': '0.0000877621647427'}"
2025-05-16 00:00:00,1747353600000,8.77621647427e-05,BTC/USDT:USDT,"{'formulaType': 'withRate', 'fundingRate': '0.0000877621647427', 'fundingTime': '1747353600000', 'instId': 'BTC-USDT-SWAP', 'instType': 'SWAP', 'method': 'current_period', 'realizedRate': '0.0000877621647427'}"
2025-05-16 00:00:00,1747353600000,8.77621647427e-05,BTC/USDT:USDT,"{'formulaType': 'withRate', 'fundingRate': '0.0000877621647427', 'fundingTime': '1747353600000', 'instId': 'BTC-USDT-SWAP', 'instType': 'SWAP', 'method': 'current_period', 'realizedRate': '0.0000877621647427'}"
2025-05-16 00:00:00,1747353600000,8.77621647427e-05,BTC/USDT:USDT,"{'formulaType': 'withRate', 'fundingRate': '0.0000877621647427', 'fundingTime': '1747353600000', 'instId': 'BTC-USDT-SWAP', 'instType': 'SWAP', 'method': 'current_period', 'realizedRate': '0.0000877621647427'}"
2025-05-16 00:00:00,1747353600000,8.77621647427e-05,BTC/USDT:USDT,"{'formulaType': 'withRate', 'fundingRate': '0.0000877621647427', 'fundingTime': '1747353600000', 'instId': 'BTC-USDT-SWAP', 'instType': 'SWAP', 'method': 'current_period', 'realizedRate': '0.0000877621647427'}"
2025-05-16 00:00:00,1747353600000,8.77621647427e-05,BTC/USDT:USDT,"{'formulaType': 'withRate', 'fundingRate': '0.0000877621647427', 'fundingTime': '1747353600000', 'instId': 'BTC-USDT-SWAP', 'instType': 'SWAP', 'method': 'current_period', 'realizedRate': '0.0000877621647427'}"
2025-05-16 00:00:00,1747353600000,8.77621647427e-05,BTC/USDT:USDT,"{'formulaType': 'withRate', 'fundingRate': '0.0000877621647427', 'fundingTime': '1747353600000', 'instId': 'BTC-USDT-SWAP', 'instType': 'SWAP', 'method': 'current_period', 'realizedRate': '0.0000877621647427'}"
2025-05-16 00:00:00,1747353600000,8.77621647427e-05,BTC/USDT:USDT,"{'formulaType': 'withRate', 'fundingRate': '0.0000877621647427', 'fundingTime': '1747353600000', 'instId': 'BTC-USDT-SWAP', 'instType': 'SWAP', 'method': 'current_period', 'realizedRate': '0.0000877621647427'}"
2025-05-16 00:00:00,1747353600000,8.77621647427e-05,BTC/USDT:USDT,"{'formulaType': 'withRate', 'fundingRate': '0.0000877621647427', 'fundingTime': '1747353600000', 'instId': 'BTC-USDT-SWAP', 'instType': 'SWAP', 'method': 'current_period', 'realizedRate': '0.0000877621647427'}"
2025-05-16 00:00:00,1747353600000,8.77621647427e-05,BTC/USDT:USDT,"{'formulaType': 'withRate', 'fundingRate': '0.0000877621647427', 'fundingTime': '1747353600000', 'instId': 'BTC-USDT-SWAP', 'instType': 'SWAP', 'method': 'current_period', 'realizedRate': '0.0000877621647427'}"
2025-05-16 08:00:00,1747382400000,0.0001,BTC/USDT:USDT,"{'formulaType': 'withRate', 'fundingRate': '0.0001', 'fundingTime': '1747382400000', 'instId': 'BTC-USDT-SWAP', 'instType': 'SWAP', 'method': 'current_period', 'realizedRate': '0.0001'}"
2025-05-16 08:00:00,1747382400000,0.0001,BTC/USDT:USDT,"{'formulaType': 'withRate', 'fundingRate': '0.0001', 'fundingTime': '1747382400000', 'instId': 'BTC-USDT-SWAP', 'instType': 'SWAP', 'method': 'current_period', 'realizedRate': '0.0001'}"
2025-05-16 08:00:00,1747382400000,0.0001,BTC/USDT:USDT,"{'formulaType': 'withRate', 'fundingRate': '0.0001', 'fundingTime': '1747382400000', 'instId': 'BTC-USDT-SWAP', 'instType': 'SWAP', 'method': 'current_period', 'realizedRate': '0.0001'}"
2025-05-16 08:00:00,1747382400000,0.0001,BTC/USDT:USDT,"{'formulaType': 'withRate', 'fundingRate': '0.0001', 'fundingTime': '1747382400000', 'instId': 'BTC-USDT-SWAP', 'instType': 'SWAP', 'method': 'current_period', 'realizedRate': '0.0001'}"
2025-05-16 08:00:00,1747382400000,0.0001,BTC/USDT:USDT,"{'formulaType': 'withRate', 'fundingRate': '0.0001', 'fundingTime': '1747382400000', 'instId': 'BTC-USDT-SWAP', 'instType': 'SWAP', 'method': 'current_period', 'realizedRate': '0.0001'}"
2025-05-16 08:00:00,1747382400000,0.0001,BTC/USDT:USDT,"{'formulaType': 'withRate', 'fundingRate': '0.0001', 'fundingTime': '1747382400000', 'instId': 'BTC-USDT-SWAP', 'instType': 'SWAP', 'method': 'current_period', 'realizedRate': '0.0001'}"
2025-05-16 08:00:00,1747382400000,0.0001,BTC/USDT:USDT,"{'formulaType': 'withRate', 'fundingRate': '0.0001', 'fundingTime': '1747382400000', 'instId': 'BTC-USDT-SWAP', 'instType': 'SWAP', 'method': 'current_period', 'realizedRate': '0.0001'}"
2025-05-16 08:00:00,1747382400000,0.0001,BTC/USDT:USDT,"{'formulaType': 'withRate', 'fundingRate': '0.0001', 'fundingTime': '1747382400000', 'instId': 'BTC-USDT-SWAP', 'instType': 'SWAP', 'method': 'current_period', 'realizedRate': '0.0001'}"
2025-05-16 08:00:00,1747382400000,0.0001,BTC/USDT:USDT,"{'formulaType': 'withRate', 'fundingRate': '0.0001', 'fundingTime': '1747382400000', 'instId': 'BTC-USDT-SWAP', 'instType': 'SWAP', 'method': 'current_period', 'realizedRate': '0.0001'}"
2025-05-16 08:00:00,1747382400000,0.0001,BTC/USDT:USDT,"{'formulaType': 'withRate', 'fundingRate': '0.0001', 'fundingTime': '1747382400000', 'instId': 'BTC-USDT-SWAP', 'instType': 'SWAP', 'method': 'current_period', 'realizedRate': '0.0001'}"
2025-05-16 08:00:00,1747382400000,0.0001,BTC/USDT:USDT,"{'formulaType': 'withRate', 'fundingRate': '0.0001', 'fundingTime': '1747382400000', 'instId': 'BTC-USDT-SWAP', 'instType': 'SWAP', 'method': 'current_period', 'realizedRate': '0.0001'}"
2025-05-16 08:00:00,1747382400000,0.0001,BTC/USDT:USDT,"{'formulaType': 'withRate', 'fundingRate': '0.0001', 'fundingTime': '1747382400000', 'instId': 'BTC-USDT-SWAP', 'instType': 'SWAP', 'method': 'current_period', 'realizedRate': '0.0001'}"
2025-05-16 08:00:00,1747382400000,0.0001,BTC/USDT:USDT,"{'formulaType': 'withRate', 'fundingRate': '0.0001', 'fundingTime': '1747382400000', 'instId': 'BTC-USDT-SWAP', 'instType': 'SWAP', 'method': 'current_period', 'realizedRate': '0.0001'}"
2025-05-16 08:00:00,1747382400000,0.0001,BTC/USDT:USDT,"{'formulaType': 'withRate', 'fundingRate': '0.0001', 'fundingTime': '1747382400000', 'instId': 'BTC-USDT-SWAP', 'instType': 'SWAP', 'method': 'current_period', 'realizedRate': '0.0001'}"
2025-05-16 08:00:00,1747382400000,0.0001,BTC/USDT:USDT,"{'formulaType': 'withRate', 'fundingRate': '0.0001', 'fundingTime': '1747382400000', 'instId': 'BTC-USDT-SWAP', 'instType': 'SWAP', 'method': 'current_period', 'realizedRate': '0.0001'}"
2025-05-16 08:00:00,1747382400000,0.0001,BTC/USDT:USDT,"{'formulaType': 'withRate', 'fundingRate': '0.0001', 'fundingTime': '1747382400000', 'instId': 'BTC-USDT-SWAP', 'instType': 'SWAP', 'method': 'current_period', 'realizedRate': '0.0001'}"
2025-05-16 08:00:00,1747382400000,0.0001,BTC/USDT:USDT,"{'formulaType': 'withRate', 'fundingRate': '0.0001', 'fundingTime': '1747382400000', 'instId': 'BTC-USDT-SWAP', 'instType': 'SWAP', 'method': 'current_period', 'realizedRate': '0.0001'}"
2025-05-16 08:00:00,1747382400000,0.0001,BTC/USDT:USDT,"{'formulaType': 'withRate', 'fundingRate': '0.0001', 'fundingTime': '1747382400000', 'instId': 'BTC-USDT-SWAP', 'instType': 'SWAP', 'method': 'current_period', 'realizedRate': '0.0001'}"
2025-05-16 08:00:00,1747382400000,0.0001,BTC/USDT:USDT,"{'formulaType': 'withRate', 'fundingRate': '0.0001', 'fundingTime': '1747382400000', 'instId': 'BTC-USDT-SWAP', 'instType': 'SWAP', 'method': 'current_period', 'realizedRate': '0.0001'}"
2025-05-16 08:00:00,1747382400000,0.0001,BTC/USDT:USDT,"{'formulaType': 'withRate', 'fundingRate': '0.0001', 'fundingTime': '1747382400000', 'instId': 'BTC-USDT-SWAP', 'instType': 'SWAP', 'method': 'current_period', 'realizedRate': '0.0001'}"
2025-05-16 08:00:00,1747382400000,0.0001,BTC/USDT:USDT,"{'formulaType': 'withRate', 'fundingRate': '0.0001', 'fundingTime': '1747382400000', 'instId': 'BTC-USDT-SWAP', 'instType': 'SWAP', 'method': 'current_period', 'realizedRate': '0.0001'}"
2025-05-16 08:00:00,1747382400000,0.0001,BTC/USDT:USDT,"{'formulaType': 'withRate', 'fundingRate': '0.0001', 'fundingTime': '1747382400000', 'instId': 'BTC-USDT-SWAP', 'instType': 'SWAP', 'method': 'current_period', 'realizedRate': '0.0001'}"
2025-05-16 08:00:00,1747382400000,0.0001,BTC/USDT:USDT,"{'formulaType': 'withRate', 'fundingRate': '0.0001', 'fundingTime': '1747382400000', 'instId': 'BTC-USDT-SWAP', 'instType': 'SWAP', 'method': 'current_period', 'realizedRate': '0.0001'}"
2025-05-16 08:00:00,1747382400000,0.0001,BTC/USDT:USDT,"{'formulaType': 'withRate', 'fundingRate': '0.0001', 'fundingTime': '1747382400000', 'instId': 'BTC-USDT-SWAP', 'instType': 'SWAP', 'method': 'current_period', 'realizedRate': '0.0001'}"
2025-05-16 08:00:00,1747382400000,0.0001,BTC/USDT:USDT,"{'formulaType': 'withRate', 'fundingRate': '0.0001', 'fundingTime': '1747382400000', 'instId': 'BTC-USDT-SWAP', 'instType': 'SWAP', 'method': 'current_period', 'realizedRate': '0.0001'}"
2025-05-16 08:00:00,1747382400000,0.0001,BTC/USDT:USDT,"{'formulaType': 'withRate', 'fundingRate': '0.0001', 'fundingTime': '1747382400000', 'instId': 'BTC-USDT-SWAP', 'instType': 'SWAP', 'method': 'current_period', 'realizedRate': '0.0001'}"
2025-05-16 08:00:00,1747382400000,0.0001,BTC/USDT:USDT,"{'formulaType': 'withRate', 'fundingRate': '0.0001', 'fundingTime': '1747382400000', 'instId': 'BTC-USDT-SWAP', 'instType': 'SWAP', 'method': 'current_period', 'realizedRate': '0.0001'}"
2025-05-16 08:00:00,1747382400000,0.0001,BTC/USDT:USDT,"{'formulaType': 'withRate', 'fundingRate': '0.0001', 'fundingTime': '1747382400000', 'instId': 'BTC-USDT-SWAP', 'instType': 'SWAP', 'method': 'current_period', 'realizedRate': '0.0001'}"
2025-05-16 08:00:00,1747382400000,0.0001,BTC/USDT:USDT,"{'formulaType': 'withRate', 'fundingRate': '0.0001', 'fundingTime': '1747382400000', 'instId': 'BTC-USDT-SWAP', 'instType': 'SWAP', 'method': 'current_period', 'realizedRate': '0.0001'}"
2025-05-16 08:00:00,1747382400000,0.0001,BTC/USDT:USDT,"{'formulaType': 'withRate', 'fundingRate': '0.0001', 'fundingTime': '1747382400000', 'instId': 'BTC-USDT-SWAP', 'instType': 'SWAP', 'method': 'current_period', 'realizedRate': '0.0001'}"
2025-05-16 08:00:00,1747382400000,0.0001,BTC/USDT:USDT,"{'formulaType': 'withRate', 'fundingRate': '0.0001', 'fundingTime': '1747382400000', 'instId': 'BTC-USDT-SWAP', 'instType': 'SWAP', 'method': 'current_period', 'realizedRate': '0.0001'}"
2025-05-16 08:00:00,1747382400000,0.0001,BTC/USDT:USDT,"{'formulaType': 'withRate', 'fundingRate': '0.0001', 'fundingTime': '1747382400000', 'instId': 'BTC-USDT-SWAP', 'instType': 'SWAP', 'method': 'current_period', 'realizedRate': '0.0001'}"
2025-05-16 08:00:00,1747382400000,0.0001,BTC/USDT:USDT,"{'formulaType': 'withRate', 'fundingRate': '0.0001', 'fundingTime': '1747382400000', 'instId': 'BTC-USDT-SWAP', 'instType': 'SWAP', 'method': 'current_period', 'realizedRate': '0.0001'}"
2025-05-16 08:00:00,1747382400000,0.0001,BTC/USDT:USDT,"{'formulaType': 'withRate', 'fundingRate': '0.0001', 'fundingTime': '1747382400000', 'instId': 'BTC-USDT-SWAP', 'instType': 'SWAP', 'method': 'current_period', 'realizedRate': '0.0001'}"
2025-05-16 08:00:00,1747382400000,0.0001,BTC/USDT:USDT,"{'formulaType': 'withRate', 'fundingRate': '0.0001', 'fundingTime': '1747382400000', 'instId': 'BTC-USDT-SWAP', 'instType': 'SWAP', 'method': 'current_period', 'realizedRate': '0.0001'}"
2025-05-16 08:00:00,1747382400000,0.0001,BTC/USDT:USDT,"{'formulaType': 'withRate', 'fundingRate': '0.0001', 'fundingTime': '1747382400000', 'instId': 'BTC-USDT-SWAP', 'instType': 'SWAP', 'method': 'current_period', 'realizedRate': '0.0001'}"
2025-05-16 08:00:00,1747382400000,0.0001,BTC/USDT:USDT,"{'formulaType': 'withRate', 'fundingRate': '0.0001', 'fundingTime': '1747382400000', 'instId': 'BTC-USDT-SWAP', 'instType': 'SWAP', 'method': 'current_period', 'realizedRate': '0.0001'}"
2025-05-16 16:00:00,1747411200000,2.2588895669e-05,BTC/USDT:USDT,"{'formulaType': 'withRate', 'fundingRate': '0.000022588895669', 'fundingTime': '1747411200000', 'instId': 'BTC-USDT-SWAP', 'instType': 'SWAP', 'method': 'current_period', 'realizedRate': '0.000022588895669'}"
2025-05-16 16:00:00,1747411200000,2.2588895669e-05,BTC/USDT:USDT,"{'formulaType': 'withRate', 'fundingRate': '0.000022588895669', 'fundingTime': '1747411200000', 'instId': 'BTC-USDT-SWAP', 'instType': 'SWAP', 'method': 'current_period', 'realizedRate': '0.000022588895669'}"
2025-05-16 16:00:00,1747411200000,2.2588895669e-05,BTC/USDT:USDT,"{'formulaType': 'withRate', 'fundingRate': '0.000022588895669', 'fundingTime': '1747411200000', 'instId': 'BTC-USDT-SWAP', 'instType': 'SWAP', 'method': 'current_period', 'realizedRate': '0.000022588895669'}"
2025-05-16 16:00:00,1747411200000,2.2588895669e-05,BTC/USDT:USDT,"{'formulaType': 'withRate', 'fundingRate': '0.000022588895669', 'fundingTime': '1747411200000', 'instId': 'BTC-USDT-SWAP', 'instType': 'SWAP', 'method': 'current_period', 'realizedRate': '0.000022588895669'}"
2025-05-16 16:00:00,1747411200000,2.2588895669e-05,BTC/USDT:USDT,"{'formulaType': 'withRate', 'fundingRate': '0.000022588895669', 'fundingTime': '1747411200000', 'instId': 'BTC-USDT-SWAP', 'instType': 'SWAP', 'method': 'current_period', 'realizedRate': '0.000022588895669'}"
2025-05-16 16:00:00,1747411200000,2.2588895669e-05,BTC/USDT:USDT,"{'formulaType': 'withRate', 'fundingRate': '0.000022588895669', 'fundingTime': '1747411200000', 'instId': 'BTC-USDT-SWAP', 'instType': 'SWAP', 'method': 'current_period', 'realizedRate': '0.000022588895669'}"
2025-05-16 16:00:00,1747411200000,2.2588895669e-05,BTC/USDT:USDT,"{'formulaType': 'withRate', 'fundingRate': '0.000022588895669', 'fundingTime': '1747411200000', 'instId': 'BTC-USDT-SWAP', 'instType': 'SWAP', 'method': 'current_period', 'realizedRate': '0.000022588895669'}"
2025-05-16 16:00:00,1747411200000,2.2588895669e-05,BTC/USDT:USDT,"{'formulaType': 'withRate', 'fundingRate': '0.000022588895669', 'fundingTime': '1747411200000', 'instId': 'BTC-USDT-SWAP', 'instType': 'SWAP', 'method': 'current_period', 'realizedRate': '0.000022588895669'}"
2025-05-16 16:00:00,1747411200000,2.2588895669e-05,BTC/USDT:USDT,"{'formulaType': 'withRate', 'fundingRate': '0.000022588895669', 'fundingTime': '1747411200000', 'instId': 'BTC-USDT-SWAP', 'instType': 'SWAP', 'method': 'current_period', 'realizedRate': '0.000022588895669'}"
2025-05-16 16:00:00,1747411200000,2.2588895669e-05,BTC/USDT:USDT,"{'formulaType': 'withRate', 'fundingRate': '0.000022588895669', 'fundingTime': '1747411200000', 'instId': 'BTC-USDT-SWAP', 'instType': 'SWAP', 'method': 'current_period', 'realizedRate': '0.000022588895669'}"
2025-05-16 16:00:00,1747411200000,2.2588895669e-05,BTC/USDT:USDT,"{'formulaType': 'withRate', 'fundingRate': '0.000022588895669', 'fundingTime': '1747411200000', 'instId': 'BTC-USDT-SWAP', 'instType': 'SWAP', 'method': 'current_period', 'realizedRate': '0.000022588895669'}"
2025-05-16 16:00:00,1747411200000,2.2588895669e-05,BTC/USDT:USDT,"{'formulaType': 'withRate', 'fundingRate': '0.000022588895669', 'fundingTime': '1747411200000', 'instId': 'BTC-USDT-SWAP', 'instType': 'SWAP', 'method': 'current_period', 'realizedRate': '0.000022588895669'}"
2025-05-16 16:00:00,1747411200000,2.2588895669e-05,BTC/USDT:USDT,"{'formulaType': 'withRate', 'fundingRate': '0.000022588895669', 'fundingTime': '1747411200000', 'instId': 'BTC-USDT-SWAP', 'instType': 'SWAP', 'method': 'current_period', 'realizedRate': '0.000022588895669'}"
2025-05-16 16:00:00,1747411200000,2.2588895669e-05,BTC/USDT:USDT,"{'formulaType': 'withRate', 'fundingRate': '0.000022588895669', 'fundingTime': '1747411200000', 'instId': 'BTC-USDT-SWAP', 'instType': 'SWAP', 'method': 'current_period', 'realizedRate': '0.000022588895669'}"
2025-05-16 16:00:00,1747411200000,2.2588895669e-05,BTC/USDT:USDT,"{'formulaType': 'withRate', 'fundingRate': '0.000022588895669', 'fundingTime': '1747411200000', 'instId': 'BTC-USDT-SWAP', 'instType': 'SWAP', 'method': 'current_period', 'realizedRate': '0.000022588895669'}"
2025-05-16 16:00:00,1747411200000,2.2588895669e-05,BTC/USDT:USDT,"{'formulaType': 'withRate', 'fundingRate': '0.000022588895669', 'fundingTime': '1747411200000', 'instId': 'BTC-USDT-SWAP', 'instType': 'SWAP', 'method': 'current_period', 'realizedRate': '0.000022588895669'}"
2025-05-16 16:00:00,1747411200000,2.2588895669e-05,BTC/USDT:USDT,"{'formulaType': 'withRate', 'fundingRate': '0.000022588895669', 'fundingTime': '1747411200000', 'instId': 'BTC-USDT-SWAP', 'instType': 'SWAP', 'method': 'current_period', 'realizedRate': '0.000022588895669'}"
2025-05-16 16:00:00,1747411200000,2.2588895669e-05,BTC/USDT:USDT,"{'formulaType': 'withRate', 'fundingRate': '0.000022588895669', 'fundingTime': '1747411200000', 'instId': 'BTC-USDT-SWAP', 'instType': 'SWAP', 'method': 'current_period', 'realizedRate': '0.000022588895669'}"
2025-05-16 16:00:00,1747411200000,2.2588895669e-05,BTC/USDT:USDT,"{'formulaType': 'withRate', 'fundingRate': '0.000022588895669', 'fundingTime': '1747411200000', 'instId': 'BTC-USDT-SWAP', 'instType': 'SWAP', 'method': 'current_period', 'realizedRate': '0.000022588895669'}"
2025-05-16 16:00:00,1747411200000,2.2588895669e-05,BTC/USDT:USDT,"{'formulaType': 'withRate', 'fundingRate': '0.000022588895669', 'fundingTime': '1747411200000', 'instId': 'BTC-USDT-SWAP', 'instType': 'SWAP', 'method': 'current_period', 'realizedRate': '0.000022588895669'}"
2025-05-16 16:00:00,1747411200000,2.2588895669e-05,BTC/USDT:USDT,"{'formulaType': 'withRate', 'fundingRate': '0.000022588895669', 'fundingTime': '1747411200000', 'instId': 'BTC-USDT-SWAP', 'instType': 'SWAP', 'method': 'current_period', 'realizedRate': '0.000022588895669'}"
2025-05-16 16:00:00,1747411200000,2.2588895669e-05,BTC/USDT:USDT,"{'formulaType': 'withRate', 'fundingRate': '0.000022588895669', 'fundingTime': '1747411200000', 'instId': 'BTC-USDT-SWAP', 'instType': 'SWAP', 'method': 'current_period', 'realizedRate': '0.000022588895669'}"
2025-05-16 16:00:00,1747411200000,2.2588895669e-05,BTC/USDT:USDT,"{'formulaType': 'withRate', 'fundingRate': '0.000022588895669', 'fundingTime': '1747411200000', 'instId': 'BTC-USDT-SWAP', 'instType': 'SWAP', 'method': 'current_period', 'realizedRate': '0.000022588895669'}"
2025-05-16 16:00:00,1747411200000,2.2588895669e-05,BTC/USDT:USDT,"{'formulaType': 'withRate', 'fundingRate': '0.000022588895669', 'fundingTime': '1747411200000', 'instId': 'BTC-USDT-SWAP', 'instType': 'SWAP', 'method': 'current_period', 'realizedRate': '0.000022588895669'}"
2025-05-16 16:00:00,1747411200000,2.2588895669e-05,BTC/USDT:USDT,"{'formulaType': 'withRate', 'fundingRate': '0.000022588895669', 'fundingTime': '1747411200000', 'instId': 'BTC-USDT-SWAP', 'instType': 'SWAP', 'method': 'current_period', 'realizedRate': '0.000022588895669'}"
2025-05-16 16:00:00,1747411200000,2.2588895669e-05,BTC/USDT:USDT,"{'formulaType': 'withRate', 'fundingRate': '0.000022588895669', 'fundingTime': '1747411200000', 'instId': 'BTC-USDT-SWAP', 'instType': 'SWAP', 'method': 'current_period', 'realizedRate': '0.000022588895669'}"
2025-05-16 16:00:00,1747411200000,2.2588895669e-05,BTC/USDT:USDT,"{'formulaType': 'withRate', 'fundingRate': '0.000022588895669', 'fundingTime': '1747411200000', 'instId': 'BTC-USDT-SWAP', 'instType': 'SWAP', 'method': 'current_period', 'realizedRate': '0.000022588895669'}"
2025-05-16 16:00:00,1747411200000,2.2588895669e-05,BTC/USDT:USDT,"{'formulaType': 'withRate', 'fundingRate': '0.000022588895669', 'fundingTime': '1747411200000', 'instId': 'BTC-USDT-SWAP', 'instType': 'SWAP', 'method': 'current_period', 'realizedRate': '0.000022588895669'}"
2025-05-16 16:00:00,1747411200000,2.2588895669e-05,BTC/USDT:USDT,"{'formulaType': 'withRate', 'fundingRate': '0.000022588895669', 'fundingTime': '1747411200000', 'instId': 'BTC-USDT-SWAP', 'instType': 'SWAP', 'method': 'current_period', 'realizedRate': '0.000022588895669'}"
2025-05-16 16:00:00,1747411200000,2.2588895669e-05,BTC/USDT:USDT,"{'formulaType': 'withRate', 'fundingRate': '0.000022588895669', 'fundingTime': '1747411200000', 'instId': 'BTC-USDT-SWAP', 'instType': 'SWAP', 'method': 'current_period', 'realizedRate': '0.000022588895669'}"
2025-05-16 16:00:00,1747411200000,2.2588895669e-05,BTC/USDT:USDT,"{'formulaType': 'withRate', 'fundingRate': '0.000022588895669', 'fundingTime': '1747411200000', 'instId': 'BTC-USDT-SWAP', 'instType': 'SWAP', 'method': 'current_period', 'realizedRate': '0.000022588895669'}"
2025-05-16 16:00:00,1747411200000,2.2588895669e-05,BTC/USDT:USDT,"{'formulaType': 'withRate', 'fundingRate': '0.000022588895669', 'fundingTime': '1747411200000', 'instId': 'BTC-USDT-SWAP', 'instType': 'SWAP', 'method': 'current_period', 'realizedRate': '0.000022588895669'}"
2025-05-16 16:00:00,1747411200000,2.2588895669e-05,BTC/USDT:USDT,"{'formulaType': 'withRate', 'fundingRate': '0.000022588895669', 'fundingTime': '1747411200000', 'instId': 'BTC-USDT-SWAP', 'instType': 'SWAP', 'method': 'current_period', 'realizedRate': '0.000022588895669'}"
2025-05-16 16:00:00,1747411200000,2.2588895669e-05,BTC/USDT:USDT,"{'formulaType': 'withRate', 'fundingRate': '0.000022588895669', 'fundingTime': '1747411200000', 'instId': 'BTC-USDT-SWAP', 'instType': 'SWAP', 'method': 'current_period', 'realizedRate': '0.000022588895669'}"
2025-05-16 16:00:00,1747411200000,2.2588895669e-05,BTC/USDT:USDT,"{'formulaType': 'withRate', 'fundingRate': '0.000022588895669', 'fundingTime': '1747411200000', 'instId': 'BTC-USDT-SWAP', 'instType': 'SWAP', 'method': 'current_period', 'realizedRate': '0.000022588895669'}"
2025-05-16 16:00:00,1747411200000,2.2588895669e-05,BTC/USDT:USDT,"{'formulaType': 'withRate', 'fundingRate': '0.000022588895669', 'fundingTime': '1747411200000', 'instId': 'BTC-USDT-SWAP', 'instType': 'SWAP', 'method': 'current_period', 'realizedRate': '0.000022588895669'}"
2025-05-16 16:00:00,1747411200000,2.2588895669e-05,BTC/USDT:USDT,"{'formulaType': 'withRate', 'fundingRate': '0.000022588895669', 'fundingTime': '1747411200000', 'instId': 'BTC-USDT-SWAP', 'instType': 'SWAP', 'method': 'current_period', 'realizedRate': '0.000022588895669'}"
2025-05-17 00:00:00,1747440000000,-1.66507782495e-05,BTC/USDT:USDT,"{'formulaType': 'withRate', 'fundingRate': '-0.0000166507782495', 'fundingTime': '1747440000000', 'instId': 'BTC-USDT-SWAP', 'instType': 'SWAP', 'method': 'current_period', 'realizedRate': '-0.0000166507782495'}"
2025-05-17 00:00:00,1747440000000,-1.66507782495e-05,BTC/USDT:USDT,"{'formulaType': 'withRate', 'fundingRate': '-0.0000166507782495', 'fundingTime': '1747440000000', 'instId': 'BTC-USDT-SWAP', 'instType': 'SWAP', 'method': 'current_period', 'realizedRate': '-0.0000166507782495'}"
2025-05-17 00:00:00,1747440000000,-1.66507782495e-05,BTC/USDT:USDT,"{'formulaType': 'withRate', 'fundingRate': '-0.0000166507782495', 'fundingTime': '1747440000000', 'instId': 'BTC-USDT-SWAP', 'instType': 'SWAP', 'method': 'current_period', 'realizedRate': '-0.0000166507782495'}"
2025-05-17 00:00:00,1747440000000,-1.66507782495e-05,BTC/USDT:USDT,"{'formulaType': 'withRate', 'fundingRate': '-0.0000166507782495', 'fundingTime': '1747440000000', 'instId': 'BTC-USDT-SWAP', 'instType': 'SWAP', 'method': 'current_period', 'realizedRate': '-0.0000166507782495'}"
2025-05-17 00:00:00,1747440000000,-1.66507782495e-05,BTC/USDT:USDT,"{'formulaType': 'withRate', 'fundingRate': '-0.0000166507782495', 'fundingTime': '1747440000000', 'instId': 'BTC-USDT-SWAP', 'instType': 'SWAP', 'method': 'current_period', 'realizedRate': '-0.0000166507782495'}"
2025-05-17 00:00:00,1747440000000,-1.66507782495e-05,BTC/USDT:USDT,"{'formulaType': 'withRate', 'fundingRate': '-0.0000166507782495', 'fundingTime': '1747440000000', 'instId': 'BTC-USDT-SWAP', 'instType': 'SWAP', 'method': 'current_period', 'realizedRate': '-0.0000166507782495'}"
2025-05-17 00:00:00,1747440000000,-1.66507782495e-05,BTC/USDT:USDT,"{'formulaType': 'withRate', 'fundingRate': '-0.0000166507782495', 'fundingTime': '1747440000000', 'instId': 'BTC-USDT-SWAP', 'instType': 'SWAP', 'method': 'current_period', 'realizedRate': '-0.0000166507782495'}"
2025-05-17 00:00:00,1747440000000,-1.66507782495e-05,BTC/USDT:USDT,"{'formulaType': 'withRate', 'fundingRate': '-0.0000166507782495', 'fundingTime': '1747440000000', 'instId': 'BTC-USDT-SWAP', 'instType': 'SWAP', 'method': 'current_period', 'realizedRate': '-0.0000166507782495'}"
2025-05-17 00:00:00,1747440000000,-1.66507782495e-05,BTC/USDT:USDT,"{'formulaType': 'withRate', 'fundingRate': '-0.0000166507782495', 'fundingTime': '1747440000000', 'instId': 'BTC-USDT-SWAP', 'instType': 'SWAP', 'method': 'current_period', 'realizedRate': '-0.0000166507782495'}"
2025-05-17 00:00:00,1747440000000,-1.66507782495e-05,BTC/USDT:USDT,"{'formulaType': 'withRate', 'fundingRate': '-0.0000166507782495', 'fundingTime': '1747440000000', 'instId': 'BTC-USDT-SWAP', 'instType': 'SWAP', 'method': 'current_period', 'realizedRate': '-0.0000166507782495'}"
2025-05-17 00:00:00,1747440000000,-1.66507782495e-05,BTC/USDT:USDT,"{'formulaType': 'withRate', 'fundingRate': '-0.0000166507782495', 'fundingTime': '1747440000000', 'instId': 'BTC-USDT-SWAP', 'instType': 'SWAP', 'method': 'current_period', 'realizedRate': '-0.0000166507782495'}"
2025-05-17 00:00:00,1747440000000,-1.66507782495e-05,BTC/USDT:USDT,"{'formulaType': 'withRate', 'fundingRate': '-0.0000166507782495', 'fundingTime': '1747440000000', 'instId': 'BTC-USDT-SWAP', 'instType': 'SWAP', 'method': 'current_period', 'realizedRate': '-0.0000166507782495'}"
2025-05-17 00:00:00,1747440000000,-1.66507782495e-05,BTC/USDT:USDT,"{'formulaType': 'withRate', 'fundingRate': '-0.0000166507782495', 'fundingTime': '1747440000000', 'instId': 'BTC-USDT-SWAP', 'instType': 'SWAP', 'method': 'current_period', 'realizedRate': '-0.0000166507782495'}"
2025-05-17 00:00:00,1747440000000,-1.66507782495e-05,BTC/USDT:USDT,"{'formulaType': 'withRate', 'fundingRate': '-0.0000166507782495', 'fundingTime': '1747440000000', 'instId': 'BTC-USDT-SWAP', 'instType': 'SWAP', 'method': 'current_period', 'realizedRate': '-0.0000166507782495'}"
2025-05-17 00:00:00,1747440000000,-1.66507782495e-05,BTC/USDT:USDT,"{'formulaType': 'withRate', 'fundingRate': '-0.0000166507782495', 'fundingTime': '1747440000000', 'instId': 'BTC-USDT-SWAP', 'instType': 'SWAP', 'method': 'current_period', 'realizedRate': '-0.0000166507782495'}"
2025-05-17 00:00:00,1747440000000,-1.66507782495e-05,BTC/USDT:USDT,"{'formulaType': 'withRate', 'fundingRate': '-0.0000166507782495', 'fundingTime': '1747440000000', 'instId': 'BTC-USDT-SWAP', 'instType': 'SWAP', 'method': 'current_period', 'realizedRate': '-0.0000166507782495'}"
2025-05-17 00:00:00,1747440000000,-1.66507782495e-05,BTC/USDT:USDT,"{'formulaType': 'withRate', 'fundingRate': '-0.0000166507782495', 'fundingTime': '1747440000000', 'instId': 'BTC-USDT-SWAP', 'instType': 'SWAP', 'method': 'current_period', 'realizedRate': '-0.0000166507782495'}"
2025-05-17 00:00:00,1747440000000,-1.66507782495e-05,BTC/USDT:USDT,"{'formulaType': 'withRate', 'fundingRate': '-0.0000166507782495', 'fundingTime': '1747440000000', 'instId': 'BTC-USDT-SWAP', 'instType': 'SWAP', 'method': 'current_period', 'realizedRate': '-0.0000166507782495'}"
2025-05-17 00:00:00,1747440000000,-1.66507782495e-05,BTC/USDT:USDT,"{'formulaType': 'withRate', 'fundingRate': '-0.0000166507782495', 'fundingTime': '1747440000000', 'instId': 'BTC-USDT-SWAP', 'instType': 'SWAP', 'method': 'current_period', 'realizedRate': '-0.0000166507782495'}"
2025-05-17 00:00:00,1747440000000,-1.66507782495e-05,BTC/USDT:USDT,"{'formulaType': 'withRate', 'fundingRate': '-0.0000166507782495', 'fundingTime': '1747440000000', 'instId': 'BTC-USDT-SWAP', 'instType': 'SWAP', 'method': 'current_period', 'realizedRate': '-0.0000166507782495'}"
2025-05-17 00:00:00,1747440000000,-1.66507782495e-05,BTC/USDT:USDT,"{'formulaType': 'withRate', 'fundingRate': '-0.0000166507782495', 'fundingTime': '1747440000000', 'instId': 'BTC-USDT-SWAP', 'instType': 'SWAP', 'method': 'current_period', 'realizedRate': '-0.0000166507782495'}"
2025-05-17 00:00:00,1747440000000,-1.66507782495e-05,BTC/USDT:USDT,"{'formulaType': 'withRate', 'fundingRate': '-0.0000166507782495', 'fundingTime': '1747440000000', 'instId': 'BTC-USDT-SWAP', 'instType': 'SWAP', 'method': 'current_period', 'realizedRate': '-0.0000166507782495'}"
2025-05-17 00:00:00,1747440000000,-1.66507782495e-05,BTC/USDT:USDT,"{'formulaType': 'withRate', 'fundingRate': '-0.0000166507782495', 'fundingTime': '1747440000000', 'instId': 'BTC-USDT-SWAP', 'instType': 'SWAP', 'method': 'current_period', 'realizedRate': '-0.0000166507782495'}"
2025-05-17 00:00:00,1747440000000,-1.66507782495e-05,BTC/USDT:USDT,"{'formulaType': 'withRate', 'fundingRate': '-0.0000166507782495', 'fundingTime': '1747440000000', 'instId': 'BTC-USDT-SWAP', 'instType': 'SWAP', 'method': 'current_period', 'realizedRate': '-0.0000166507782495'}"
2025-05-17 00:00:00,1747440000000,-1.66507782495e-05,BTC/USDT:USDT,"{'formulaType': 'withRate', 'fundingRate': '-0.0000166507782495', 'fundingTime': '1747440000000', 'instId': 'BTC-USDT-SWAP', 'instType': 'SWAP', 'method': 'current_period', 'realizedRate': '-0.0000166507782495'}"
2025-05-17 00:00:00,1747440000000,-1.66507782495e-05,BTC/USDT:USDT,"{'formulaType': 'withRate', 'fundingRate': '-0.0000166507782495', 'fundingTime': '1747440000000', 'instId': 'BTC-USDT-SWAP', 'instType': 'SWAP', 'method': 'current_period', 'realizedRate': '-0.0000166507782495'}"
2025-05-17 00:00:00,1747440000000,-1.66507782495e-05,BTC/USDT:USDT,"{'formulaType': 'withRate', 'fundingRate': '-0.0000166507782495', 'fundingTime': '1747440000000', 'instId': 'BTC-USDT-SWAP', 'instType': 'SWAP', 'method': 'current_period', 'realizedRate': '-0.0000166507782495'}"
2025-05-17 00:00:00,1747440000000,-1.66507782495e-05,BTC/USDT:USDT,"{'formulaType': 'withRate', 'fundingRate': '-0.0000166507782495', 'fundingTime': '1747440000000', 'instId': 'BTC-USDT-SWAP', 'instType': 'SWAP', 'method': 'current_period', 'realizedRate': '-0.0000166507782495'}"
2025-05-17 00:00:00,1747440000000,-1.66507782495e-05,BTC/USDT:USDT,"{'formulaType': 'withRate', 'fundingRate': '-0.0000166507782495', 'fundingTime': '1747440000000', 'instId': 'BTC-USDT-SWAP', 'instType': 'SWAP', 'method': 'current_period', 'realizedRate': '-0.0000166507782495'}"
2025-05-17 00:00:00,1747440000000,-1.66507782495e-05,BTC/USDT:USDT,"{'formulaType': 'withRate', 'fundingRate': '-0.0000166507782495', 'fundingTime': '1747440000000', 'instId': 'BTC-USDT-SWAP', 'instType': 'SWAP', 'method': 'current_period', 'realizedRate': '-0.0000166507782495'}"
2025-05-17 00:00:00,1747440000000,-1.66507782495e-05,BTC/USDT:USDT,"{'formulaType': 'withRate', 'fundingRate': '-0.0000166507782495', 'fundingTime': '1747440000000', 'instId': 'BTC-USDT-SWAP', 'instType': 'SWAP', 'method': 'current_period', 'realizedRate': '-0.0000166507782495'}"
2025-05-17 00:00:00,1747440000000,-1.66507782495e-05,BTC/USDT:USDT,"{'formulaType': 'withRate', 'fundingRate': '-0.0000166507782495', 'fundingTime': '1747440000000', 'instId': 'BTC-USDT-SWAP', 'instType': 'SWAP', 'method': 'current_period', 'realizedRate': '-0.0000166507782495'}"
2025-05-17 00:00:00,1747440000000,-1.66507782495e-05,BTC/USDT:USDT,"{'formulaType': 'withRate', 'fundingRate': '-0.0000166507782495', 'fundingTime': '1747440000000', 'instId': 'BTC-USDT-SWAP', 'instType': 'SWAP', 'method': 'current_period', 'realizedRate': '-0.0000166507782495'}"
2025-05-17 00:00:00,1747440000000,-1.66507782495e-05,BTC/USDT:USDT,"{'formulaType': 'withRate', 'fundingRate': '-0.0000166507782495', 'fundingTime': '1747440000000', 'instId': 'BTC-USDT-SWAP', 'instType': 'SWAP', 'method': 'current_period', 'realizedRate': '-0.0000166507782495'}"
2025-05-17 00:00:00,1747440000000,-1.66507782495e-05,BTC/USDT:USDT,"{'formulaType': 'withRate', 'fundingRate': '-0.0000166507782495', 'fundingTime': '1747440000000', 'instId': 'BTC-USDT-SWAP', 'instType': 'SWAP', 'method': 'current_period', 'realizedRate': '-0.0000166507782495'}"
2025-05-17 00:00:00,1747440000000,-1.66507782495e-05,BTC/USDT:USDT,"{'formulaType': 'withRate', 'fundingRate': '-0.0000166507782495', 'fundingTime': '1747440000000', 'instId': 'BTC-USDT-SWAP', 'instType': 'SWAP', 'method': 'current_period', 'realizedRate': '-0.0000166507782495'}"
2025-05-17 00:00:00,1747440000000,-1.66507782495e-05,BTC/USDT:USDT,"{'formulaType': 'withRate', 'fundingRate': '-0.0000166507782495', 'fundingTime': '1747440000000', 'instId': 'BTC-USDT-SWAP', 'instType': 'SWAP', 'method': 'current_period', 'realizedRate': '-0.0000166507782495'}"
2025-05-17 08:00:00,1747468800000,5.86917219088e-05,BTC/USDT:USDT,"{'formulaType': 'withRate', 'fundingRate': '0.0000586917219088', 'fundingTime': '1747468800000', 'instId': 'BTC-USDT-SWAP', 'instType': 'SWAP', 'method': 'current_period', 'realizedRate': '0.0000586917219088'}"
2025-05-17 08:00:00,1747468800000,5.86917219088e-05,BTC/USDT:USDT,"{'formulaType': 'withRate', 'fundingRate': '0.0000586917219088', 'fundingTime': '1747468800000', 'instId': 'BTC-USDT-SWAP', 'instType': 'SWAP', 'method': 'current_period', 'realizedRate': '0.0000586917219088'}"
2025-05-17 08:00:00,1747468800000,5.86917219088e-05,BTC/USDT:USDT,"{'formulaType': 'withRate', 'fundingRate': '0.0000586917219088', 'fundingTime': '1747468800000', 'instId': 'BTC-USDT-SWAP', 'instType': 'SWAP', 'method': 'current_period', 'realizedRate': '0.0000586917219088'}"
2025-05-17 08:00:00,1747468800000,5.86917219088e-05,BTC/USDT:USDT,"{'formulaType': 'withRate', 'fundingRate': '0.0000586917219088', 'fundingTime': '1747468800000', 'instId': 'BTC-USDT-SWAP', 'instType': 'SWAP', 'method': 'current_period', 'realizedRate': '0.0000586917219088'}"
2025-05-17 08:00:00,1747468800000,5.86917219088e-05,BTC/USDT:USDT,"{'formulaType': 'withRate', 'fundingRate': '0.0000586917219088', 'fundingTime': '1747468800000', 'instId': 'BTC-USDT-SWAP', 'instType': 'SWAP', 'method': 'current_period', 'realizedRate': '0.0000586917219088'}"
2025-05-17 08:00:00,1747468800000,5.86917219088e-05,BTC/USDT:USDT,"{'formulaType': 'withRate', 'fundingRate': '0.0000586917219088', 'fundingTime': '1747468800000', 'instId': 'BTC-USDT-SWAP', 'instType': 'SWAP', 'method': 'current_period', 'realizedRate': '0.0000586917219088'}"
2025-05-17 08:00:00,1747468800000,5.86917219088e-05,BTC/USDT:USDT,"{'formulaType': 'withRate', 'fundingRate': '0.0000586917219088', 'fundingTime': '1747468800000', 'instId': 'BTC-USDT-SWAP', 'instType': 'SWAP', 'method': 'current_period', 'realizedRate': '0.0000586917219088'}"
2025-05-17 08:00:00,1747468800000,5.86917219088e-05,BTC/USDT:USDT,"{'formulaType': 'withRate', 'fundingRate': '0.0000586917219088', 'fundingTime': '1747468800000', 'instId': 'BTC-USDT-SWAP', 'instType': 'SWAP', 'method': 'current_period', 'realizedRate': '0.0000586917219088'}"
2025-05-17 08:00:00,1747468800000,5.86917219088e-05,BTC/USDT:USDT,"{'formulaType': 'withRate', 'fundingRate': '0.0000586917219088', 'fundingTime': '1747468800000', 'instId': 'BTC-USDT-SWAP', 'instType': 'SWAP', 'method': 'current_period', 'realizedRate': '0.0000586917219088'}"
2025-05-17 08:00:00,1747468800000,5.86917219088e-05,BTC/USDT:USDT,"{'formulaType': 'withRate', 'fundingRate': '0.0000586917219088', 'fundingTime': '1747468800000', 'instId': 'BTC-USDT-SWAP', 'instType': 'SWAP', 'method': 'current_period', 'realizedRate': '0.0000586917219088'}"
2025-05-17 08:00:00,1747468800000,5.86917219088e-05,BTC/USDT:USDT,"{'formulaType': 'withRate', 'fundingRate': '0.0000586917219088', 'fundingTime': '1747468800000', 'instId': 'BTC-USDT-SWAP', 'instType': 'SWAP', 'method': 'current_period', 'realizedRate': '0.0000586917219088'}"
2025-05-17 08:00:00,1747468800000,5.86917219088e-05,BTC/USDT:USDT,"{'formulaType': 'withRate', 'fundingRate': '0.0000586917219088', 'fundingTime': '1747468800000', 'instId': 'BTC-USDT-SWAP', 'instType': 'SWAP', 'method': 'current_period', 'realizedRate': '0.0000586917219088'}"
2025-05-17 08:00:00,1747468800000,5.86917219088e-05,BTC/USDT:USDT,"{'formulaType': 'withRate', 'fundingRate': '0.0000586917219088', 'fundingTime': '1747468800000', 'instId': 'BTC-USDT-SWAP', 'instType': 'SWAP', 'method': 'current_period', 'realizedRate': '0.0000586917219088'}"
2025-05-17 08:00:00,1747468800000,5.86917219088e-05,BTC/USDT:USDT,"{'formulaType': 'withRate', 'fundingRate': '0.0000586917219088', 'fundingTime': '1747468800000', 'instId': 'BTC-USDT-SWAP', 'instType': 'SWAP', 'method': 'current_period', 'realizedRate': '0.0000586917219088'}"
2025-05-17 08:00:00,1747468800000,5.86917219088e-05,BTC/USDT:USDT,"{'formulaType': 'withRate', 'fundingRate': '0.0000586917219088', 'fundingTime': '1747468800000', 'instId': 'BTC-USDT-SWAP', 'instType': 'SWAP', 'method': 'current_period', 'realizedRate': '0.0000586917219088'}"
2025-05-17 08:00:00,1747468800000,5.86917219088e-05,BTC/USDT:USDT,"{'formulaType': 'withRate', 'fundingRate': '0.0000586917219088', 'fundingTime': '1747468800000', 'instId': 'BTC-USDT-SWAP', 'instType': 'SWAP', 'method': 'current_period', 'realizedRate': '0.0000586917219088'}"
2025-05-17 08:00:00,1747468800000,5.86917219088e-05,BTC/USDT:USDT,"{'formulaType': 'withRate', 'fundingRate': '0.0000586917219088', 'fundingTime': '1747468800000', 'instId': 'BTC-USDT-SWAP', 'instType': 'SWAP', 'method': 'current_period', 'realizedRate': '0.0000586917219088'}"
2025-05-17 08:00:00,1747468800000,5.86917219088e-05,BTC/USDT:USDT,"{'formulaType': 'withRate', 'fundingRate': '0.0000586917219088', 'fundingTime': '1747468800000', 'instId': 'BTC-USDT-SWAP', 'instType': 'SWAP', 'method': 'current_period', 'realizedRate': '0.0000586917219088'}"
2025-05-17 08:00:00,1747468800000,5.86917219088e-05,BTC/USDT:USDT,"{'formulaType': 'withRate', 'fundingRate': '0.0000586917219088', 'fundingTime': '1747468800000', 'instId': 'BTC-USDT-SWAP', 'instType': 'SWAP', 'method': 'current_period', 'realizedRate': '0.0000586917219088'}"
2025-05-17 08:00:00,1747468800000,5.86917219088e-05,BTC/USDT:USDT,"{'formulaType': 'withRate', 'fundingRate': '0.0000586917219088', 'fundingTime': '1747468800000', 'instId': 'BTC-USDT-SWAP', 'instType': 'SWAP', 'method': 'current_period', 'realizedRate': '0.0000586917219088'}"
2025-05-17 08:00:00,1747468800000,5.86917219088e-05,BTC/USDT:USDT,"{'formulaType': 'withRate', 'fundingRate': '0.0000586917219088', 'fundingTime': '1747468800000', 'instId': 'BTC-USDT-SWAP', 'instType': 'SWAP', 'method': 'current_period', 'realizedRate': '0.0000586917219088'}"
2025-05-17 08:00:00,1747468800000,5.86917219088e-05,BTC/USDT:USDT,"{'formulaType': 'withRate', 'fundingRate': '0.0000586917219088', 'fundingTime': '1747468800000', 'instId': 'BTC-USDT-SWAP', 'instType': 'SWAP', 'method': 'current_period', 'realizedRate': '0.0000586917219088'}"
2025-05-17 08:00:00,1747468800000,5.86917219088e-05,BTC/USDT:USDT,"{'formulaType': 'withRate', 'fundingRate': '0.0000586917219088', 'fundingTime': '1747468800000', 'instId': 'BTC-USDT-SWAP', 'instType': 'SWAP', 'method': 'current_period', 'realizedRate': '0.0000586917219088'}"
2025-05-17 08:00:00,1747468800000,5.86917219088e-05,BTC/USDT:USDT,"{'formulaType': 'withRate', 'fundingRate': '0.0000586917219088', 'fundingTime': '1747468800000', 'instId': 'BTC-USDT-SWAP', 'instType': 'SWAP', 'method': 'current_period', 'realizedRate': '0.0000586917219088'}"
2025-05-17 08:00:00,1747468800000,5.86917219088e-05,BTC/USDT:USDT,"{'formulaType': 'withRate', 'fundingRate': '0.0000586917219088', 'fundingTime': '1747468800000', 'instId': 'BTC-USDT-SWAP', 'instType': 'SWAP', 'method': 'current_period', 'realizedRate': '0.0000586917219088'}"
2025-05-17 08:00:00,1747468800000,5.86917219088e-05,BTC/USDT:USDT,"{'formulaType': 'withRate', 'fundingRate': '0.0000586917219088', 'fundingTime': '1747468800000', 'instId': 'BTC-USDT-SWAP', 'instType': 'SWAP', 'method': 'current_period', 'realizedRate': '0.0000586917219088'}"
2025-05-17 08:00:00,1747468800000,5.86917219088e-05,BTC/USDT:USDT,"{'formulaType': 'withRate', 'fundingRate': '0.0000586917219088', 'fundingTime': '1747468800000', 'instId': 'BTC-USDT-SWAP', 'instType': 'SWAP', 'method': 'current_period', 'realizedRate': '0.0000586917219088'}"
2025-05-17 08:00:00,1747468800000,5.86917219088e-05,BTC/USDT:USDT,"{'formulaType': 'withRate', 'fundingRate': '0.0000586917219088', 'fundingTime': '1747468800000', 'instId': 'BTC-USDT-SWAP', 'instType': 'SWAP', 'method': 'current_period', 'realizedRate': '0.0000586917219088'}"
2025-05-17 08:00:00,1747468800000,5.86917219088e-05,BTC/USDT:USDT,"{'formulaType': 'withRate', 'fundingRate': '0.0000586917219088', 'fundingTime': '1747468800000', 'instId': 'BTC-USDT-SWAP', 'instType': 'SWAP', 'method': 'current_period', 'realizedRate': '0.0000586917219088'}"
2025-05-17 08:00:00,1747468800000,5.86917219088e-05,BTC/USDT:USDT,"{'formulaType': 'withRate', 'fundingRate': '0.0000586917219088', 'fundingTime': '1747468800000', 'instId': 'BTC-USDT-SWAP', 'instType': 'SWAP', 'method': 'current_period', 'realizedRate': '0.0000586917219088'}"
2025-05-17 08:00:00,1747468800000,5.86917219088e-05,BTC/USDT:USDT,"{'formulaType': 'withRate', 'fundingRate': '0.0000586917219088', 'fundingTime': '1747468800000', 'instId': 'BTC-USDT-SWAP', 'instType': 'SWAP', 'method': 'current_period', 'realizedRate': '0.0000586917219088'}"
2025-05-17 08:00:00,1747468800000,5.86917219088e-05,BTC/USDT:USDT,"{'formulaType': 'withRate', 'fundingRate': '0.0000586917219088', 'fundingTime': '1747468800000', 'instId': 'BTC-USDT-SWAP', 'instType': 'SWAP', 'method': 'current_period', 'realizedRate': '0.0000586917219088'}"
2025-05-17 08:00:00,1747468800000,5.86917219088e-05,BTC/USDT:USDT,"{'formulaType': 'withRate', 'fundingRate': '0.0000586917219088', 'fundingTime': '1747468800000', 'instId': 'BTC-USDT-SWAP', 'instType': 'SWAP', 'method': 'current_period', 'realizedRate': '0.0000586917219088'}"
2025-05-17 08:00:00,1747468800000,5.86917219088e-05,BTC/USDT:USDT,"{'formulaType': 'withRate', 'fundingRate': '0.0000586917219088', 'fundingTime': '1747468800000', 'instId': 'BTC-USDT-SWAP', 'instType': 'SWAP', 'method': 'current_period', 'realizedRate': '0.0000586917219088'}"
2025-05-17 08:00:00,1747468800000,5.86917219088e-05,BTC/USDT:USDT,"{'formulaType': 'withRate', 'fundingRate': '0.0000586917219088', 'fundingTime': '1747468800000', 'instId': 'BTC-USDT-SWAP', 'instType': 'SWAP', 'method': 'current_period', 'realizedRate': '0.0000586917219088'}"
2025-05-17 08:00:00,1747468800000,5.86917219088e-05,BTC/USDT:USDT,"{'formulaType': 'withRate', 'fundingRate': '0.0000586917219088', 'fundingTime': '1747468800000', 'instId': 'BTC-USDT-SWAP', 'instType': 'SWAP', 'method': 'current_period', 'realizedRate': '0.0000586917219088'}"
2025-05-17 08:00:00,1747468800000,5.86917219088e-05,BTC/USDT:USDT,"{'formulaType': 'withRate', 'fundingRate': '0.0000586917219088', 'fundingTime': '1747468800000', 'instId': 'BTC-USDT-SWAP', 'instType': 'SWAP', 'method': 'current_period', 'realizedRate': '0.0000586917219088'}"
2025-05-17 16:00:00,1747497600000,6.16947516587e-05,BTC/USDT:USDT,"{'formulaType': 'withRate', 'fundingRate': '0.0000616947516587', 'fundingTime': '1747497600000', 'instId': 'BTC-USDT-SWAP', 'instType': 'SWAP', 'method': 'current_period', 'realizedRate': '0.0000616947516587'}"
2025-05-17 16:00:00,1747497600000,6.16947516587e-05,BTC/USDT:USDT,"{'formulaType': 'withRate', 'fundingRate': '0.0000616947516587', 'fundingTime': '1747497600000', 'instId': 'BTC-USDT-SWAP', 'instType': 'SWAP', 'method': 'current_period', 'realizedRate': '0.0000616947516587'}"
2025-05-17 16:00:00,1747497600000,6.16947516587e-05,BTC/USDT:USDT,"{'formulaType': 'withRate', 'fundingRate': '0.0000616947516587', 'fundingTime': '1747497600000', 'instId': 'BTC-USDT-SWAP', 'instType': 'SWAP', 'method': 'current_period', 'realizedRate': '0.0000616947516587'}"
2025-05-17 16:00:00,1747497600000,6.16947516587e-05,BTC/USDT:USDT,"{'formulaType': 'withRate', 'fundingRate': '0.0000616947516587', 'fundingTime': '1747497600000', 'instId': 'BTC-USDT-SWAP', 'instType': 'SWAP', 'method': 'current_period', 'realizedRate': '0.0000616947516587'}"
2025-05-17 16:00:00,1747497600000,6.16947516587e-05,BTC/USDT:USDT,"{'formulaType': 'withRate', 'fundingRate': '0.0000616947516587', 'fundingTime': '1747497600000', 'instId': 'BTC-USDT-SWAP', 'instType': 'SWAP', 'method': 'current_period', 'realizedRate': '0.0000616947516587'}"
2025-05-17 16:00:00,1747497600000,6.16947516587e-05,BTC/USDT:USDT,"{'formulaType': 'withRate', 'fundingRate': '0.0000616947516587', 'fundingTime': '1747497600000', 'instId': 'BTC-USDT-SWAP', 'instType': 'SWAP', 'method': 'current_period', 'realizedRate': '0.0000616947516587'}"
2025-05-17 16:00:00,1747497600000,6.16947516587e-05,BTC/USDT:USDT,"{'formulaType': 'withRate', 'fundingRate': '0.0000616947516587', 'fundingTime': '1747497600000', 'instId': 'BTC-USDT-SWAP', 'instType': 'SWAP', 'method': 'current_period', 'realizedRate': '0.0000616947516587'}"
2025-05-17 16:00:00,1747497600000,6.16947516587e-05,BTC/USDT:USDT,"{'formulaType': 'withRate', 'fundingRate': '0.0000616947516587', 'fundingTime': '1747497600000', 'instId': 'BTC-USDT-SWAP', 'instType': 'SWAP', 'method': 'current_period', 'realizedRate': '0.0000616947516587'}"
2025-05-17 16:00:00,1747497600000,6.16947516587e-05,BTC/USDT:USDT,"{'formulaType': 'withRate', 'fundingRate': '0.0000616947516587', 'fundingTime': '1747497600000', 'instId': 'BTC-USDT-SWAP', 'instType': 'SWAP', 'method': 'current_period', 'realizedRate': '0.0000616947516587'}"
2025-05-17 16:00:00,1747497600000,6.16947516587e-05,BTC/USDT:USDT,"{'formulaType': 'withRate', 'fundingRate': '0.0000616947516587', 'fundingTime': '1747497600000', 'instId': 'BTC-USDT-SWAP', 'instType': 'SWAP', 'method': 'current_period', 'realizedRate': '0.0000616947516587'}"
2025-05-17 16:00:00,1747497600000,6.16947516587e-05,BTC/USDT:USDT,"{'formulaType': 'withRate', 'fundingRate': '0.0000616947516587', 'fundingTime': '1747497600000', 'instId': 'BTC-USDT-SWAP', 'instType': 'SWAP', 'method': 'current_period', 'realizedRate': '0.0000616947516587'}"
2025-05-17 16:00:00,1747497600000,6.16947516587e-05,BTC/USDT:USDT,"{'formulaType': 'withRate', 'fundingRate': '0.0000616947516587', 'fundingTime': '1747497600000', 'instId': 'BTC-USDT-SWAP', 'instType': 'SWAP', 'method': 'current_period', 'realizedRate': '0.0000616947516587'}"
2025-05-17 16:00:00,1747497600000,6.16947516587e-05,BTC/USDT:USDT,"{'formulaType': 'withRate', 'fundingRate': '0.0000616947516587', 'fundingTime': '1747497600000', 'instId': 'BTC-USDT-SWAP', 'instType': 'SWAP', 'method': 'current_period', 'realizedRate': '0.0000616947516587'}"
2025-05-17 16:00:00,1747497600000,6.16947516587e-05,BTC/USDT:USDT,"{'formulaType': 'withRate', 'fundingRate': '0.0000616947516587', 'fundingTime': '1747497600000', 'instId': 'BTC-USDT-SWAP', 'instType': 'SWAP', 'method': 'current_period', 'realizedRate': '0.0000616947516587'}"
2025-05-17 16:00:00,1747497600000,6.16947516587e-05,BTC/USDT:USDT,"{'formulaType': 'withRate', 'fundingRate': '0.0000616947516587', 'fundingTime': '1747497600000', 'instId': 'BTC-USDT-SWAP', 'instType': 'SWAP', 'method': 'current_period', 'realizedRate': '0.0000616947516587'}"
2025-05-17 16:00:00,1747497600000,6.16947516587e-05,BTC/USDT:USDT,"{'formulaType': 'withRate', 'fundingRate': '0.0000616947516587', 'fundingTime': '1747497600000', 'instId': 'BTC-USDT-SWAP', 'instType': 'SWAP', 'method': 'current_period', 'realizedRate': '0.0000616947516587'}"
2025-05-17 16:00:00,1747497600000,6.16947516587e-05,BTC/USDT:USDT,"{'formulaType': 'withRate', 'fundingRate': '0.0000616947516587', 'fundingTime': '1747497600000', 'instId': 'BTC-USDT-SWAP', 'instType': 'SWAP', 'method': 'current_period', 'realizedRate': '0.0000616947516587'}"
2025-05-17 16:00:00,1747497600000,6.16947516587e-05,BTC/USDT:USDT,"{'formulaType': 'withRate', 'fundingRate': '0.0000616947516587', 'fundingTime': '1747497600000', 'instId': 'BTC-USDT-SWAP', 'instType': 'SWAP', 'method': 'current_period', 'realizedRate': '0.0000616947516587'}"
2025-05-17 16:00:00,1747497600000,6.16947516587e-05,BTC/USDT:USDT,"{'formulaType': 'withRate', 'fundingRate': '0.0000616947516587', 'fundingTime': '1747497600000', 'instId': 'BTC-USDT-SWAP', 'instType': 'SWAP', 'method': 'current_period', 'realizedRate': '0.0000616947516587'}"
2025-05-17 16:00:00,1747497600000,6.16947516587e-05,BTC/USDT:USDT,"{'formulaType': 'withRate', 'fundingRate': '0.0000616947516587', 'fundingTime': '1747497600000', 'instId': 'BTC-USDT-SWAP', 'instType': 'SWAP', 'method': 'current_period', 'realizedRate': '0.0000616947516587'}"
2025-05-17 16:00:00,1747497600000,6.16947516587e-05,BTC/USDT:USDT,"{'formulaType': 'withRate', 'fundingRate': '0.0000616947516587', 'fundingTime': '1747497600000', 'instId': 'BTC-USDT-SWAP', 'instType': 'SWAP', 'method': 'current_period', 'realizedRate': '0.0000616947516587'}"
2025-05-17 16:00:00,1747497600000,6.16947516587e-05,BTC/USDT:USDT,"{'formulaType': 'withRate', 'fundingRate': '0.0000616947516587', 'fundingTime': '1747497600000', 'instId': 'BTC-USDT-SWAP', 'instType': 'SWAP', 'method': 'current_period', 'realizedRate': '0.0000616947516587'}"
2025-05-17 16:00:00,1747497600000,6.16947516587e-05,BTC/USDT:USDT,"{'formulaType': 'withRate', 'fundingRate': '0.0000616947516587', 'fundingTime': '1747497600000', 'instId': 'BTC-USDT-SWAP', 'instType': 'SWAP', 'method': 'current_period', 'realizedRate': '0.0000616947516587'}"
2025-05-17 16:00:00,1747497600000,6.16947516587e-05,BTC/USDT:USDT,"{'formulaType': 'withRate', 'fundingRate': '0.0000616947516587', 'fundingTime': '1747497600000', 'instId': 'BTC-USDT-SWAP', 'instType': 'SWAP', 'method': 'current_period', 'realizedRate': '0.0000616947516587'}"
2025-05-17 16:00:00,1747497600000,6.16947516587e-05,BTC/USDT:USDT,"{'formulaType': 'withRate', 'fundingRate': '0.0000616947516587', 'fundingTime': '1747497600000', 'instId': 'BTC-USDT-SWAP', 'instType': 'SWAP', 'method': 'current_period', 'realizedRate': '0.0000616947516587'}"
2025-05-17 16:00:00,1747497600000,6.16947516587e-05,BTC/USDT:USDT,"{'formulaType': 'withRate', 'fundingRate': '0.0000616947516587', 'fundingTime': '1747497600000', 'instId': 'BTC-USDT-SWAP', 'instType': 'SWAP', 'method': 'current_period', 'realizedRate': '0.0000616947516587'}"
2025-05-17 16:00:00,1747497600000,6.16947516587e-05,BTC/USDT:USDT,"{'formulaType': 'withRate', 'fundingRate': '0.0000616947516587', 'fundingTime': '1747497600000', 'instId': 'BTC-USDT-SWAP', 'instType': 'SWAP', 'method': 'current_period', 'realizedRate': '0.0000616947516587'}"
2025-05-17 16:00:00,1747497600000,6.16947516587e-05,BTC/USDT:USDT,"{'formulaType': 'withRate', 'fundingRate': '0.0000616947516587', 'fundingTime': '1747497600000', 'instId': 'BTC-USDT-SWAP', 'instType': 'SWAP', 'method': 'current_period', 'realizedRate': '0.0000616947516587'}"
2025-05-17 16:00:00,1747497600000,6.16947516587e-05,BTC/USDT:USDT,"{'formulaType': 'withRate', 'fundingRate': '0.0000616947516587', 'fundingTime': '1747497600000', 'instId': 'BTC-USDT-SWAP', 'instType': 'SWAP', 'method': 'current_period', 'realizedRate': '0.0000616947516587'}"
2025-05-17 16:00:00,1747497600000,6.16947516587e-05,BTC/USDT:USDT,"{'formulaType': 'withRate', 'fundingRate': '0.0000616947516587', 'fundingTime': '1747497600000', 'instId': 'BTC-USDT-SWAP', 'instType': 'SWAP', 'method': 'current_period', 'realizedRate': '0.0000616947516587'}"
2025-05-17 16:00:00,1747497600000,6.16947516587e-05,BTC/USDT:USDT,"{'formulaType': 'withRate', 'fundingRate': '0.0000616947516587', 'fundingTime': '1747497600000', 'instId': 'BTC-USDT-SWAP', 'instType': 'SWAP', 'method': 'current_period', 'realizedRate': '0.0000616947516587'}"
2025-05-17 16:00:00,1747497600000,6.16947516587e-05,BTC/USDT:USDT,"{'formulaType': 'withRate', 'fundingRate': '0.0000616947516587', 'fundingTime': '1747497600000', 'instId': 'BTC-USDT-SWAP', 'instType': 'SWAP', 'method': 'current_period', 'realizedRate': '0.0000616947516587'}"
2025-05-17 16:00:00,1747497600000,6.16947516587e-05,BTC/USDT:USDT,"{'formulaType': 'withRate', 'fundingRate': '0.0000616947516587', 'fundingTime': '1747497600000', 'instId': 'BTC-USDT-SWAP', 'instType': 'SWAP', 'method': 'current_period', 'realizedRate': '0.0000616947516587'}"
2025-05-17 16:00:00,1747497600000,6.16947516587e-05,BTC/USDT:USDT,"{'formulaType': 'withRate', 'fundingRate': '0.0000616947516587', 'fundingTime': '1747497600000', 'instId': 'BTC-USDT-SWAP', 'instType': 'SWAP', 'method': 'current_period', 'realizedRate': '0.0000616947516587'}"
2025-05-17 16:00:00,1747497600000,6.16947516587e-05,BTC/USDT:USDT,"{'formulaType': 'withRate', 'fundingRate': '0.0000616947516587', 'fundingTime': '1747497600000', 'instId': 'BTC-USDT-SWAP', 'instType': 'SWAP', 'method': 'current_period', 'realizedRate': '0.0000616947516587'}"
2025-05-17 16:00:00,1747497600000,6.16947516587e-05,BTC/USDT:USDT,"{'formulaType': 'withRate', 'fundingRate': '0.0000616947516587', 'fundingTime': '1747497600000', 'instId': 'BTC-USDT-SWAP', 'instType': 'SWAP', 'method': 'current_period', 'realizedRate': '0.0000616947516587'}"
2025-05-17 16:00:00,1747497600000,6.16947516587e-05,BTC/USDT:USDT,"{'formulaType': 'withRate', 'fundingRate': '0.0000616947516587', 'fundingTime': '1747497600000', 'instId': 'BTC-USDT-SWAP', 'instType': 'SWAP', 'method': 'current_period', 'realizedRate': '0.0000616947516587'}"
2025-05-18 00:00:00,1747526400000,0.0001,BTC/USDT:USDT,"{'formulaType': 'withRate', 'fundingRate': '0.0001', 'fundingTime': '1747526400000', 'instId': 'BTC-USDT-SWAP', 'instType': 'SWAP', 'method': 'current_period', 'realizedRate': '0.0001'}"
2025-05-18 00:00:00,1747526400000,0.0001,BTC/USDT:USDT,"{'formulaType': 'withRate', 'fundingRate': '0.0001', 'fundingTime': '1747526400000', 'instId': 'BTC-USDT-SWAP', 'instType': 'SWAP', 'method': 'current_period', 'realizedRate': '0.0001'}"
2025-05-18 00:00:00,1747526400000,0.0001,BTC/USDT:USDT,"{'formulaType': 'withRate', 'fundingRate': '0.0001', 'fundingTime': '1747526400000', 'instId': 'BTC-USDT-SWAP', 'instType': 'SWAP', 'method': 'current_period', 'realizedRate': '0.0001'}"
2025-05-18 00:00:00,1747526400000,0.0001,BTC/USDT:USDT,"{'formulaType': 'withRate', 'fundingRate': '0.0001', 'fundingTime': '1747526400000', 'instId': 'BTC-USDT-SWAP', 'instType': 'SWAP', 'method': 'current_period', 'realizedRate': '0.0001'}"
2025-05-18 00:00:00,1747526400000,0.0001,BTC/USDT:USDT,"{'formulaType': 'withRate', 'fundingRate': '0.0001', 'fundingTime': '1747526400000', 'instId': 'BTC-USDT-SWAP', 'instType': 'SWAP', 'method': 'current_period', 'realizedRate': '0.0001'}"
2025-05-18 00:00:00,1747526400000,0.0001,BTC/USDT:USDT,"{'formulaType': 'withRate', 'fundingRate': '0.0001', 'fundingTime': '1747526400000', 'instId': 'BTC-USDT-SWAP', 'instType': 'SWAP', 'method': 'current_period', 'realizedRate': '0.0001'}"
2025-05-18 00:00:00,1747526400000,0.0001,BTC/USDT:USDT,"{'formulaType': 'withRate', 'fundingRate': '0.0001', 'fundingTime': '1747526400000', 'instId': 'BTC-USDT-SWAP', 'instType': 'SWAP', 'method': 'current_period', 'realizedRate': '0.0001'}"
2025-05-18 00:00:00,1747526400000,0.0001,BTC/USDT:USDT,"{'formulaType': 'withRate', 'fundingRate': '0.0001', 'fundingTime': '1747526400000', 'instId': 'BTC-USDT-SWAP', 'instType': 'SWAP', 'method': 'current_period', 'realizedRate': '0.0001'}"
2025-05-18 00:00:00,1747526400000,0.0001,BTC/USDT:USDT,"{'formulaType': 'withRate', 'fundingRate': '0.0001', 'fundingTime': '1747526400000', 'instId': 'BTC-USDT-SWAP', 'instType': 'SWAP', 'method': 'current_period', 'realizedRate': '0.0001'}"
2025-05-18 00:00:00,1747526400000,0.0001,BTC/USDT:USDT,"{'formulaType': 'withRate', 'fundingRate': '0.0001', 'fundingTime': '1747526400000', 'instId': 'BTC-USDT-SWAP', 'instType': 'SWAP', 'method': 'current_period', 'realizedRate': '0.0001'}"
2025-05-18 00:00:00,1747526400000,0.0001,BTC/USDT:USDT,"{'formulaType': 'withRate', 'fundingRate': '0.0001', 'fundingTime': '1747526400000', 'instId': 'BTC-USDT-SWAP', 'instType': 'SWAP', 'method': 'current_period', 'realizedRate': '0.0001'}"
2025-05-18 00:00:00,1747526400000,0.0001,BTC/USDT:USDT,"{'formulaType': 'withRate', 'fundingRate': '0.0001', 'fundingTime': '1747526400000', 'instId': 'BTC-USDT-SWAP', 'instType': 'SWAP', 'method': 'current_period', 'realizedRate': '0.0001'}"
2025-05-18 00:00:00,1747526400000,0.0001,BTC/USDT:USDT,"{'formulaType': 'withRate', 'fundingRate': '0.0001', 'fundingTime': '1747526400000', 'instId': 'BTC-USDT-SWAP', 'instType': 'SWAP', 'method': 'current_period', 'realizedRate': '0.0001'}"
2025-05-18 00:00:00,1747526400000,0.0001,BTC/USDT:USDT,"{'formulaType': 'withRate', 'fundingRate': '0.0001', 'fundingTime': '1747526400000', 'instId': 'BTC-USDT-SWAP', 'instType': 'SWAP', 'method': 'current_period', 'realizedRate': '0.0001'}"
2025-05-18 00:00:00,1747526400000,0.0001,BTC/USDT:USDT,"{'formulaType': 'withRate', 'fundingRate': '0.0001', 'fundingTime': '1747526400000', 'instId': 'BTC-USDT-SWAP', 'instType': 'SWAP', 'method': 'current_period', 'realizedRate': '0.0001'}"
2025-05-18 00:00:00,1747526400000,0.0001,BTC/USDT:USDT,"{'formulaType': 'withRate', 'fundingRate': '0.0001', 'fundingTime': '1747526400000', 'instId': 'BTC-USDT-SWAP', 'instType': 'SWAP', 'method': 'current_period', 'realizedRate': '0.0001'}"
2025-05-18 00:00:00,1747526400000,0.0001,BTC/USDT:USDT,"{'formulaType': 'withRate', 'fundingRate': '0.0001', 'fundingTime': '1747526400000', 'instId': 'BTC-USDT-SWAP', 'instType': 'SWAP', 'method': 'current_period', 'realizedRate': '0.0001'}"
2025-05-18 00:00:00,1747526400000,0.0001,BTC/USDT:USDT,"{'formulaType': 'withRate', 'fundingRate': '0.0001', 'fundingTime': '1747526400000', 'instId': 'BTC-USDT-SWAP', 'instType': 'SWAP', 'method': 'current_period', 'realizedRate': '0.0001'}"
2025-05-18 00:00:00,1747526400000,0.0001,BTC/USDT:USDT,"{'formulaType': 'withRate', 'fundingRate': '0.0001', 'fundingTime': '1747526400000', 'instId': 'BTC-USDT-SWAP', 'instType': 'SWAP', 'method': 'current_period', 'realizedRate': '0.0001'}"
2025-05-18 00:00:00,1747526400000,0.0001,BTC/USDT:USDT,"{'formulaType': 'withRate', 'fundingRate': '0.0001', 'fundingTime': '1747526400000', 'instId': 'BTC-USDT-SWAP', 'instType': 'SWAP', 'method': 'current_period', 'realizedRate': '0.0001'}"
2025-05-18 00:00:00,1747526400000,0.0001,BTC/USDT:USDT,"{'formulaType': 'withRate', 'fundingRate': '0.0001', 'fundingTime': '1747526400000', 'instId': 'BTC-USDT-SWAP', 'instType': 'SWAP', 'method': 'current_period', 'realizedRate': '0.0001'}"
2025-05-18 00:00:00,1747526400000,0.0001,BTC/USDT:USDT,"{'formulaType': 'withRate', 'fundingRate': '0.0001', 'fundingTime': '1747526400000', 'instId': 'BTC-USDT-SWAP', 'instType': 'SWAP', 'method': 'current_period', 'realizedRate': '0.0001'}"
2025-05-18 00:00:00,1747526400000,0.0001,BTC/USDT:USDT,"{'formulaType': 'withRate', 'fundingRate': '0.0001', 'fundingTime': '1747526400000', 'instId': 'BTC-USDT-SWAP', 'instType': 'SWAP', 'method': 'current_period', 'realizedRate': '0.0001'}"
2025-05-18 00:00:00,1747526400000,0.0001,BTC/USDT:USDT,"{'formulaType': 'withRate', 'fundingRate': '0.0001', 'fundingTime': '1747526400000', 'instId': 'BTC-USDT-SWAP', 'instType': 'SWAP', 'method': 'current_period', 'realizedRate': '0.0001'}"
2025-05-18 00:00:00,1747526400000,0.0001,BTC/USDT:USDT,"{'formulaType': 'withRate', 'fundingRate': '0.0001', 'fundingTime': '1747526400000', 'instId': 'BTC-USDT-SWAP', 'instType': 'SWAP', 'method': 'current_period', 'realizedRate': '0.0001'}"
2025-05-18 00:00:00,1747526400000,0.0001,BTC/USDT:USDT,"{'formulaType': 'withRate', 'fundingRate': '0.0001', 'fundingTime': '1747526400000', 'instId': 'BTC-USDT-SWAP', 'instType': 'SWAP', 'method': 'current_period', 'realizedRate': '0.0001'}"
2025-05-18 00:00:00,1747526400000,0.0001,BTC/USDT:USDT,"{'formulaType': 'withRate', 'fundingRate': '0.0001', 'fundingTime': '1747526400000', 'instId': 'BTC-USDT-SWAP', 'instType': 'SWAP', 'method': 'current_period', 'realizedRate': '0.0001'}"
2025-05-18 00:00:00,1747526400000,0.0001,BTC/USDT:USDT,"{'formulaType': 'withRate', 'fundingRate': '0.0001', 'fundingTime': '1747526400000', 'instId': 'BTC-USDT-SWAP', 'instType': 'SWAP', 'method': 'current_period', 'realizedRate': '0.0001'}"
2025-05-18 00:00:00,1747526400000,0.0001,BTC/USDT:USDT,"{'formulaType': 'withRate', 'fundingRate': '0.0001', 'fundingTime': '1747526400000', 'instId': 'BTC-USDT-SWAP', 'instType': 'SWAP', 'method': 'current_period', 'realizedRate': '0.0001'}"
2025-05-18 00:00:00,1747526400000,0.0001,BTC/USDT:USDT,"{'formulaType': 'withRate', 'fundingRate': '0.0001', 'fundingTime': '1747526400000', 'instId': 'BTC-USDT-SWAP', 'instType': 'SWAP', 'method': 'current_period', 'realizedRate': '0.0001'}"
2025-05-18 00:00:00,1747526400000,0.0001,BTC/USDT:USDT,"{'formulaType': 'withRate', 'fundingRate': '0.0001', 'fundingTime': '1747526400000', 'instId': 'BTC-USDT-SWAP', 'instType': 'SWAP', 'method': 'current_period', 'realizedRate': '0.0001'}"
2025-05-18 00:00:00,1747526400000,0.0001,BTC/USDT:USDT,"{'formulaType': 'withRate', 'fundingRate': '0.0001', 'fundingTime': '1747526400000', 'instId': 'BTC-USDT-SWAP', 'instType': 'SWAP', 'method': 'current_period', 'realizedRate': '0.0001'}"
2025-05-18 00:00:00,1747526400000,0.0001,BTC/USDT:USDT,"{'formulaType': 'withRate', 'fundingRate': '0.0001', 'fundingTime': '1747526400000', 'instId': 'BTC-USDT-SWAP', 'instType': 'SWAP', 'method': 'current_period', 'realizedRate': '0.0001'}"
2025-05-18 00:00:00,1747526400000,0.0001,BTC/USDT:USDT,"{'formulaType': 'withRate', 'fundingRate': '0.0001', 'fundingTime': '1747526400000', 'instId': 'BTC-USDT-SWAP', 'instType': 'SWAP', 'method': 'current_period', 'realizedRate': '0.0001'}"
2025-05-18 00:00:00,1747526400000,0.0001,BTC/USDT:USDT,"{'formulaType': 'withRate', 'fundingRate': '0.0001', 'fundingTime': '1747526400000', 'instId': 'BTC-USDT-SWAP', 'instType': 'SWAP', 'method': 'current_period', 'realizedRate': '0.0001'}"
2025-05-18 00:00:00,1747526400000,0.0001,BTC/USDT:USDT,"{'formulaType': 'withRate', 'fundingRate': '0.0001', 'fundingTime': '1747526400000', 'instId': 'BTC-USDT-SWAP', 'instType': 'SWAP', 'method': 'current_period', 'realizedRate': '0.0001'}"
2025-05-18 00:00:00,1747526400000,0.0001,BTC/USDT:USDT,"{'formulaType': 'withRate', 'fundingRate': '0.0001', 'fundingTime': '1747526400000', 'instId': 'BTC-USDT-SWAP', 'instType': 'SWAP', 'method': 'current_period', 'realizedRate': '0.0001'}"
2025-05-18 08:00:00,1747555200000,0.0001,BTC/USDT:USDT,"{'formulaType': 'withRate', 'fundingRate': '0.0001', 'fundingTime': '1747555200000', 'instId': 'BTC-USDT-SWAP', 'instType': 'SWAP', 'method': 'current_period', 'realizedRate': '0.0001'}"
2025-05-18 08:00:00,1747555200000,0.0001,BTC/USDT:USDT,"{'formulaType': 'withRate', 'fundingRate': '0.0001', 'fundingTime': '1747555200000', 'instId': 'BTC-USDT-SWAP', 'instType': 'SWAP', 'method': 'current_period', 'realizedRate': '0.0001'}"
2025-05-18 08:00:00,1747555200000,0.0001,BTC/USDT:USDT,"{'formulaType': 'withRate', 'fundingRate': '0.0001', 'fundingTime': '1747555200000', 'instId': 'BTC-USDT-SWAP', 'instType': 'SWAP', 'method': 'current_period', 'realizedRate': '0.0001'}"
2025-05-18 08:00:00,1747555200000,0.0001,BTC/USDT:USDT,"{'formulaType': 'withRate', 'fundingRate': '0.0001', 'fundingTime': '1747555200000', 'instId': 'BTC-USDT-SWAP', 'instType': 'SWAP', 'method': 'current_period', 'realizedRate': '0.0001'}"
2025-05-18 08:00:00,1747555200000,0.0001,BTC/USDT:USDT,"{'formulaType': 'withRate', 'fundingRate': '0.0001', 'fundingTime': '1747555200000', 'instId': 'BTC-USDT-SWAP', 'instType': 'SWAP', 'method': 'current_period', 'realizedRate': '0.0001'}"
2025-05-18 08:00:00,1747555200000,0.0001,BTC/USDT:USDT,"{'formulaType': 'withRate', 'fundingRate': '0.0001', 'fundingTime': '1747555200000', 'instId': 'BTC-USDT-SWAP', 'instType': 'SWAP', 'method': 'current_period', 'realizedRate': '0.0001'}"
2025-05-18 08:00:00,1747555200000,0.0001,BTC/USDT:USDT,"{'formulaType': 'withRate', 'fundingRate': '0.0001', 'fundingTime': '1747555200000', 'instId': 'BTC-USDT-SWAP', 'instType': 'SWAP', 'method': 'current_period', 'realizedRate': '0.0001'}"
2025-05-18 08:00:00,1747555200000,0.0001,BTC/USDT:USDT,"{'formulaType': 'withRate', 'fundingRate': '0.0001', 'fundingTime': '1747555200000', 'instId': 'BTC-USDT-SWAP', 'instType': 'SWAP', 'method': 'current_period', 'realizedRate': '0.0001'}"
2025-05-18 08:00:00,1747555200000,0.0001,BTC/USDT:USDT,"{'formulaType': 'withRate', 'fundingRate': '0.0001', 'fundingTime': '1747555200000', 'instId': 'BTC-USDT-SWAP', 'instType': 'SWAP', 'method': 'current_period', 'realizedRate': '0.0001'}"
2025-05-18 08:00:00,1747555200000,0.0001,BTC/USDT:USDT,"{'formulaType': 'withRate', 'fundingRate': '0.0001', 'fundingTime': '1747555200000', 'instId': 'BTC-USDT-SWAP', 'instType': 'SWAP', 'method': 'current_period', 'realizedRate': '0.0001'}"
2025-05-18 08:00:00,1747555200000,0.0001,BTC/USDT:USDT,"{'formulaType': 'withRate', 'fundingRate': '0.0001', 'fundingTime': '1747555200000', 'instId': 'BTC-USDT-SWAP', 'instType': 'SWAP', 'method': 'current_period', 'realizedRate': '0.0001'}"
2025-05-18 08:00:00,1747555200000,0.0001,BTC/USDT:USDT,"{'formulaType': 'withRate', 'fundingRate': '0.0001', 'fundingTime': '1747555200000', 'instId': 'BTC-USDT-SWAP', 'instType': 'SWAP', 'method': 'current_period', 'realizedRate': '0.0001'}"
2025-05-18 08:00:00,1747555200000,0.0001,BTC/USDT:USDT,"{'formulaType': 'withRate', 'fundingRate': '0.0001', 'fundingTime': '1747555200000', 'instId': 'BTC-USDT-SWAP', 'instType': 'SWAP', 'method': 'current_period', 'realizedRate': '0.0001'}"
2025-05-18 08:00:00,1747555200000,0.0001,BTC/USDT:USDT,"{'formulaType': 'withRate', 'fundingRate': '0.0001', 'fundingTime': '1747555200000', 'instId': 'BTC-USDT-SWAP', 'instType': 'SWAP', 'method': 'current_period', 'realizedRate': '0.0001'}"
2025-05-18 08:00:00,1747555200000,0.0001,BTC/USDT:USDT,"{'formulaType': 'withRate', 'fundingRate': '0.0001', 'fundingTime': '1747555200000', 'instId': 'BTC-USDT-SWAP', 'instType': 'SWAP', 'method': 'current_period', 'realizedRate': '0.0001'}"
2025-05-18 08:00:00,1747555200000,0.0001,BTC/USDT:USDT,"{'formulaType': 'withRate', 'fundingRate': '0.0001', 'fundingTime': '1747555200000', 'instId': 'BTC-USDT-SWAP', 'instType': 'SWAP', 'method': 'current_period', 'realizedRate': '0.0001'}"
2025-05-18 08:00:00,1747555200000,0.0001,BTC/USDT:USDT,"{'formulaType': 'withRate', 'fundingRate': '0.0001', 'fundingTime': '1747555200000', 'instId': 'BTC-USDT-SWAP', 'instType': 'SWAP', 'method': 'current_period', 'realizedRate': '0.0001'}"
2025-05-18 08:00:00,1747555200000,0.0001,BTC/USDT:USDT,"{'formulaType': 'withRate', 'fundingRate': '0.0001', 'fundingTime': '1747555200000', 'instId': 'BTC-USDT-SWAP', 'instType': 'SWAP', 'method': 'current_period', 'realizedRate': '0.0001'}"
2025-05-18 08:00:00,1747555200000,0.0001,BTC/USDT:USDT,"{'formulaType': 'withRate', 'fundingRate': '0.0001', 'fundingTime': '1747555200000', 'instId': 'BTC-USDT-SWAP', 'instType': 'SWAP', 'method': 'current_period', 'realizedRate': '0.0001'}"
2025-05-18 08:00:00,1747555200000,0.0001,BTC/USDT:USDT,"{'formulaType': 'withRate', 'fundingRate': '0.0001', 'fundingTime': '1747555200000', 'instId': 'BTC-USDT-SWAP', 'instType': 'SWAP', 'method': 'current_period', 'realizedRate': '0.0001'}"
2025-05-18 08:00:00,1747555200000,0.0001,BTC/USDT:USDT,"{'formulaType': 'withRate', 'fundingRate': '0.0001', 'fundingTime': '1747555200000', 'instId': 'BTC-USDT-SWAP', 'instType': 'SWAP', 'method': 'current_period', 'realizedRate': '0.0001'}"
2025-05-18 08:00:00,1747555200000,0.0001,BTC/USDT:USDT,"{'formulaType': 'withRate', 'fundingRate': '0.0001', 'fundingTime': '1747555200000', 'instId': 'BTC-USDT-SWAP', 'instType': 'SWAP', 'method': 'current_period', 'realizedRate': '0.0001'}"
2025-05-18 08:00:00,1747555200000,0.0001,BTC/USDT:USDT,"{'formulaType': 'withRate', 'fundingRate': '0.0001', 'fundingTime': '1747555200000', 'instId': 'BTC-USDT-SWAP', 'instType': 'SWAP', 'method': 'current_period', 'realizedRate': '0.0001'}"
2025-05-18 08:00:00,1747555200000,0.0001,BTC/USDT:USDT,"{'formulaType': 'withRate', 'fundingRate': '0.0001', 'fundingTime': '1747555200000', 'instId': 'BTC-USDT-SWAP', 'instType': 'SWAP', 'method': 'current_period', 'realizedRate': '0.0001'}"
2025-05-18 08:00:00,1747555200000,0.0001,BTC/USDT:USDT,"{'formulaType': 'withRate', 'fundingRate': '0.0001', 'fundingTime': '1747555200000', 'instId': 'BTC-USDT-SWAP', 'instType': 'SWAP', 'method': 'current_period', 'realizedRate': '0.0001'}"
2025-05-18 08:00:00,1747555200000,0.0001,BTC/USDT:USDT,"{'formulaType': 'withRate', 'fundingRate': '0.0001', 'fundingTime': '1747555200000', 'instId': 'BTC-USDT-SWAP', 'instType': 'SWAP', 'method': 'current_period', 'realizedRate': '0.0001'}"
2025-05-18 08:00:00,1747555200000,0.0001,BTC/USDT:USDT,"{'formulaType': 'withRate', 'fundingRate': '0.0001', 'fundingTime': '1747555200000', 'instId': 'BTC-USDT-SWAP', 'instType': 'SWAP', 'method': 'current_period', 'realizedRate': '0.0001'}"
2025-05-18 08:00:00,1747555200000,0.0001,BTC/USDT:USDT,"{'formulaType': 'withRate', 'fundingRate': '0.0001', 'fundingTime': '1747555200000', 'instId': 'BTC-USDT-SWAP', 'instType': 'SWAP', 'method': 'current_period', 'realizedRate': '0.0001'}"
2025-05-18 08:00:00,1747555200000,0.0001,BTC/USDT:USDT,"{'formulaType': 'withRate', 'fundingRate': '0.0001', 'fundingTime': '1747555200000', 'instId': 'BTC-USDT-SWAP', 'instType': 'SWAP', 'method': 'current_period', 'realizedRate': '0.0001'}"
2025-05-18 08:00:00,1747555200000,0.0001,BTC/USDT:USDT,"{'formulaType': 'withRate', 'fundingRate': '0.0001', 'fundingTime': '1747555200000', 'instId': 'BTC-USDT-SWAP', 'instType': 'SWAP', 'method': 'current_period', 'realizedRate': '0.0001'}"
2025-05-18 08:00:00,1747555200000,0.0001,BTC/USDT:USDT,"{'formulaType': 'withRate', 'fundingRate': '0.0001', 'fundingTime': '1747555200000', 'instId': 'BTC-USDT-SWAP', 'instType': 'SWAP', 'method': 'current_period', 'realizedRate': '0.0001'}"
2025-05-18 08:00:00,1747555200000,0.0001,BTC/USDT:USDT,"{'formulaType': 'withRate', 'fundingRate': '0.0001', 'fundingTime': '1747555200000', 'instId': 'BTC-USDT-SWAP', 'instType': 'SWAP', 'method': 'current_period', 'realizedRate': '0.0001'}"
2025-05-18 08:00:00,1747555200000,0.0001,BTC/USDT:USDT,"{'formulaType': 'withRate', 'fundingRate': '0.0001', 'fundingTime': '1747555200000', 'instId': 'BTC-USDT-SWAP', 'instType': 'SWAP', 'method': 'current_period', 'realizedRate': '0.0001'}"
2025-05-18 08:00:00,1747555200000,0.0001,BTC/USDT:USDT,"{'formulaType': 'withRate', 'fundingRate': '0.0001', 'fundingTime': '1747555200000', 'instId': 'BTC-USDT-SWAP', 'instType': 'SWAP', 'method': 'current_period', 'realizedRate': '0.0001'}"
2025-05-18 08:00:00,1747555200000,0.0001,BTC/USDT:USDT,"{'formulaType': 'withRate', 'fundingRate': '0.0001', 'fundingTime': '1747555200000', 'instId': 'BTC-USDT-SWAP', 'instType': 'SWAP', 'method': 'current_period', 'realizedRate': '0.0001'}"
2025-05-18 08:00:00,1747555200000,0.0001,BTC/USDT:USDT,"{'formulaType': 'withRate', 'fundingRate': '0.0001', 'fundingTime': '1747555200000', 'instId': 'BTC-USDT-SWAP', 'instType': 'SWAP', 'method': 'current_period', 'realizedRate': '0.0001'}"
2025-05-18 08:00:00,1747555200000,0.0001,BTC/USDT:USDT,"{'formulaType': 'withRate', 'fundingRate': '0.0001', 'fundingTime': '1747555200000', 'instId': 'BTC-USDT-SWAP', 'instType': 'SWAP', 'method': 'current_period', 'realizedRate': '0.0001'}"
2025-05-18 16:00:00,1747584000000,0.0001,BTC/USDT:USDT,"{'formulaType': 'withRate', 'fundingRate': '0.0001', 'fundingTime': '1747584000000', 'instId': 'BTC-USDT-SWAP', 'instType': 'SWAP', 'method': 'current_period', 'realizedRate': '0.0001'}"
2025-05-18 16:00:00,1747584000000,0.0001,BTC/USDT:USDT,"{'formulaType': 'withRate', 'fundingRate': '0.0001', 'fundingTime': '1747584000000', 'instId': 'BTC-USDT-SWAP', 'instType': 'SWAP', 'method': 'current_period', 'realizedRate': '0.0001'}"
2025-05-18 16:00:00,1747584000000,0.0001,BTC/USDT:USDT,"{'formulaType': 'withRate', 'fundingRate': '0.0001', 'fundingTime': '1747584000000', 'instId': 'BTC-USDT-SWAP', 'instType': 'SWAP', 'method': 'current_period', 'realizedRate': '0.0001'}"
2025-05-18 16:00:00,1747584000000,0.0001,BTC/USDT:USDT,"{'formulaType': 'withRate', 'fundingRate': '0.0001', 'fundingTime': '1747584000000', 'instId': 'BTC-USDT-SWAP', 'instType': 'SWAP', 'method': 'current_period', 'realizedRate': '0.0001'}"
2025-05-18 16:00:00,1747584000000,0.0001,BTC/USDT:USDT,"{'formulaType': 'withRate', 'fundingRate': '0.0001', 'fundingTime': '1747584000000', 'instId': 'BTC-USDT-SWAP', 'instType': 'SWAP', 'method': 'current_period', 'realizedRate': '0.0001'}"
2025-05-18 16:00:00,1747584000000,0.0001,BTC/USDT:USDT,"{'formulaType': 'withRate', 'fundingRate': '0.0001', 'fundingTime': '1747584000000', 'instId': 'BTC-USDT-SWAP', 'instType': 'SWAP', 'method': 'current_period', 'realizedRate': '0.0001'}"
2025-05-18 16:00:00,1747584000000,0.0001,BTC/USDT:USDT,"{'formulaType': 'withRate', 'fundingRate': '0.0001', 'fundingTime': '1747584000000', 'instId': 'BTC-USDT-SWAP', 'instType': 'SWAP', 'method': 'current_period', 'realizedRate': '0.0001'}"
2025-05-18 16:00:00,1747584000000,0.0001,BTC/USDT:USDT,"{'formulaType': 'withRate', 'fundingRate': '0.0001', 'fundingTime': '1747584000000', 'instId': 'BTC-USDT-SWAP', 'instType': 'SWAP', 'method': 'current_period', 'realizedRate': '0.0001'}"
2025-05-18 16:00:00,1747584000000,0.0001,BTC/USDT:USDT,"{'formulaType': 'withRate', 'fundingRate': '0.0001', 'fundingTime': '1747584000000', 'instId': 'BTC-USDT-SWAP', 'instType': 'SWAP', 'method': 'current_period', 'realizedRate': '0.0001'}"
2025-05-18 16:00:00,1747584000000,0.0001,BTC/USDT:USDT,"{'formulaType': 'withRate', 'fundingRate': '0.0001', 'fundingTime': '1747584000000', 'instId': 'BTC-USDT-SWAP', 'instType': 'SWAP', 'method': 'current_period', 'realizedRate': '0.0001'}"
2025-05-18 16:00:00,1747584000000,0.0001,BTC/USDT:USDT,"{'formulaType': 'withRate', 'fundingRate': '0.0001', 'fundingTime': '1747584000000', 'instId': 'BTC-USDT-SWAP', 'instType': 'SWAP', 'method': 'current_period', 'realizedRate': '0.0001'}"
2025-05-18 16:00:00,1747584000000,0.0001,BTC/USDT:USDT,"{'formulaType': 'withRate', 'fundingRate': '0.0001', 'fundingTime': '1747584000000', 'instId': 'BTC-USDT-SWAP', 'instType': 'SWAP', 'method': 'current_period', 'realizedRate': '0.0001'}"
2025-05-18 16:00:00,1747584000000,0.0001,BTC/USDT:USDT,"{'formulaType': 'withRate', 'fundingRate': '0.0001', 'fundingTime': '1747584000000', 'instId': 'BTC-USDT-SWAP', 'instType': 'SWAP', 'method': 'current_period', 'realizedRate': '0.0001'}"
2025-05-18 16:00:00,1747584000000,0.0001,BTC/USDT:USDT,"{'formulaType': 'withRate', 'fundingRate': '0.0001', 'fundingTime': '1747584000000', 'instId': 'BTC-USDT-SWAP', 'instType': 'SWAP', 'method': 'current_period', 'realizedRate': '0.0001'}"
2025-05-18 16:00:00,1747584000000,0.0001,BTC/USDT:USDT,"{'formulaType': 'withRate', 'fundingRate': '0.0001', 'fundingTime': '1747584000000', 'instId': 'BTC-USDT-SWAP', 'instType': 'SWAP', 'method': 'current_period', 'realizedRate': '0.0001'}"
2025-05-18 16:00:00,1747584000000,0.0001,BTC/USDT:USDT,"{'formulaType': 'withRate', 'fundingRate': '0.0001', 'fundingTime': '1747584000000', 'instId': 'BTC-USDT-SWAP', 'instType': 'SWAP', 'method': 'current_period', 'realizedRate': '0.0001'}"
2025-05-18 16:00:00,1747584000000,0.0001,BTC/USDT:USDT,"{'formulaType': 'withRate', 'fundingRate': '0.0001', 'fundingTime': '1747584000000', 'instId': 'BTC-USDT-SWAP', 'instType': 'SWAP', 'method': 'current_period', 'realizedRate': '0.0001'}"
2025-05-18 16:00:00,1747584000000,0.0001,BTC/USDT:USDT,"{'formulaType': 'withRate', 'fundingRate': '0.0001', 'fundingTime': '1747584000000', 'instId': 'BTC-USDT-SWAP', 'instType': 'SWAP', 'method': 'current_period', 'realizedRate': '0.0001'}"
2025-05-18 16:00:00,1747584000000,0.0001,BTC/USDT:USDT,"{'formulaType': 'withRate', 'fundingRate': '0.0001', 'fundingTime': '1747584000000', 'instId': 'BTC-USDT-SWAP', 'instType': 'SWAP', 'method': 'current_period', 'realizedRate': '0.0001'}"
2025-05-18 16:00:00,1747584000000,0.0001,BTC/USDT:USDT,"{'formulaType': 'withRate', 'fundingRate': '0.0001', 'fundingTime': '1747584000000', 'instId': 'BTC-USDT-SWAP', 'instType': 'SWAP', 'method': 'current_period', 'realizedRate': '0.0001'}"
2025-05-18 16:00:00,1747584000000,0.0001,BTC/USDT:USDT,"{'formulaType': 'withRate', 'fundingRate': '0.0001', 'fundingTime': '1747584000000', 'instId': 'BTC-USDT-SWAP', 'instType': 'SWAP', 'method': 'current_period', 'realizedRate': '0.0001'}"
2025-05-18 16:00:00,1747584000000,0.0001,BTC/USDT:USDT,"{'formulaType': 'withRate', 'fundingRate': '0.0001', 'fundingTime': '1747584000000', 'instId': 'BTC-USDT-SWAP', 'instType': 'SWAP', 'method': 'current_period', 'realizedRate': '0.0001'}"
2025-05-18 16:00:00,1747584000000,0.0001,BTC/USDT:USDT,"{'formulaType': 'withRate', 'fundingRate': '0.0001', 'fundingTime': '1747584000000', 'instId': 'BTC-USDT-SWAP', 'instType': 'SWAP', 'method': 'current_period', 'realizedRate': '0.0001'}"
2025-05-18 16:00:00,1747584000000,0.0001,BTC/USDT:USDT,"{'formulaType': 'withRate', 'fundingRate': '0.0001', 'fundingTime': '1747584000000', 'instId': 'BTC-USDT-SWAP', 'instType': 'SWAP', 'method': 'current_period', 'realizedRate': '0.0001'}"
2025-05-18 16:00:00,1747584000000,0.0001,BTC/USDT:USDT,"{'formulaType': 'withRate', 'fundingRate': '0.0001', 'fundingTime': '1747584000000', 'instId': 'BTC-USDT-SWAP', 'instType': 'SWAP', 'method': 'current_period', 'realizedRate': '0.0001'}"
2025-05-18 16:00:00,1747584000000,0.0001,BTC/USDT:USDT,"{'formulaType': 'withRate', 'fundingRate': '0.0001', 'fundingTime': '1747584000000', 'instId': 'BTC-USDT-SWAP', 'instType': 'SWAP', 'method': 'current_period', 'realizedRate': '0.0001'}"
2025-05-18 16:00:00,1747584000000,0.0001,BTC/USDT:USDT,"{'formulaType': 'withRate', 'fundingRate': '0.0001', 'fundingTime': '1747584000000', 'instId': 'BTC-USDT-SWAP', 'instType': 'SWAP', 'method': 'current_period', 'realizedRate': '0.0001'}"
2025-05-18 16:00:00,1747584000000,0.0001,BTC/USDT:USDT,"{'formulaType': 'withRate', 'fundingRate': '0.0001', 'fundingTime': '1747584000000', 'instId': 'BTC-USDT-SWAP', 'instType': 'SWAP', 'method': 'current_period', 'realizedRate': '0.0001'}"
2025-05-18 16:00:00,1747584000000,0.0001,BTC/USDT:USDT,"{'formulaType': 'withRate', 'fundingRate': '0.0001', 'fundingTime': '1747584000000', 'instId': 'BTC-USDT-SWAP', 'instType': 'SWAP', 'method': 'current_period', 'realizedRate': '0.0001'}"
2025-05-18 16:00:00,1747584000000,0.0001,BTC/USDT:USDT,"{'formulaType': 'withRate', 'fundingRate': '0.0001', 'fundingTime': '1747584000000', 'instId': 'BTC-USDT-SWAP', 'instType': 'SWAP', 'method': 'current_period', 'realizedRate': '0.0001'}"
2025-05-18 16:00:00,1747584000000,0.0001,BTC/USDT:USDT,"{'formulaType': 'withRate', 'fundingRate': '0.0001', 'fundingTime': '1747584000000', 'instId': 'BTC-USDT-SWAP', 'instType': 'SWAP', 'method': 'current_period', 'realizedRate': '0.0001'}"
2025-05-18 16:00:00,1747584000000,0.0001,BTC/USDT:USDT,"{'formulaType': 'withRate', 'fundingRate': '0.0001', 'fundingTime': '1747584000000', 'instId': 'BTC-USDT-SWAP', 'instType': 'SWAP', 'method': 'current_period', 'realizedRate': '0.0001'}"
2025-05-18 16:00:00,1747584000000,0.0001,BTC/USDT:USDT,"{'formulaType': 'withRate', 'fundingRate': '0.0001', 'fundingTime': '1747584000000', 'instId': 'BTC-USDT-SWAP', 'instType': 'SWAP', 'method': 'current_period', 'realizedRate': '0.0001'}"
2025-05-18 16:00:00,1747584000000,0.0001,BTC/USDT:USDT,"{'formulaType': 'withRate', 'fundingRate': '0.0001', 'fundingTime': '1747584000000', 'instId': 'BTC-USDT-SWAP', 'instType': 'SWAP', 'method': 'current_period', 'realizedRate': '0.0001'}"
2025-05-18 16:00:00,1747584000000,0.0001,BTC/USDT:USDT,"{'formulaType': 'withRate', 'fundingRate': '0.0001', 'fundingTime': '1747584000000', 'instId': 'BTC-USDT-SWAP', 'instType': 'SWAP', 'method': 'current_period', 'realizedRate': '0.0001'}"
2025-05-18 16:00:00,1747584000000,0.0001,BTC/USDT:USDT,"{'formulaType': 'withRate', 'fundingRate': '0.0001', 'fundingTime': '1747584000000', 'instId': 'BTC-USDT-SWAP', 'instType': 'SWAP', 'method': 'current_period', 'realizedRate': '0.0001'}"
2025-05-18 16:00:00,1747584000000,0.0001,BTC/USDT:USDT,"{'formulaType': 'withRate', 'fundingRate': '0.0001', 'fundingTime': '1747584000000', 'instId': 'BTC-USDT-SWAP', 'instType': 'SWAP', 'method': 'current_period', 'realizedRate': '0.0001'}"
2025-05-19 00:00:00,1747612800000,0.0001,BTC/USDT:USDT,"{'formulaType': 'withRate', 'fundingRate': '0.0001', 'fundingTime': '1747612800000', 'instId': 'BTC-USDT-SWAP', 'instType': 'SWAP', 'method': 'current_period', 'realizedRate': '0.0001'}"
2025-05-19 00:00:00,1747612800000,0.0001,BTC/USDT:USDT,"{'formulaType': 'withRate', 'fundingRate': '0.0001', 'fundingTime': '1747612800000', 'instId': 'BTC-USDT-SWAP', 'instType': 'SWAP', 'method': 'current_period', 'realizedRate': '0.0001'}"
2025-05-19 00:00:00,1747612800000,0.0001,BTC/USDT:USDT,"{'formulaType': 'withRate', 'fundingRate': '0.0001', 'fundingTime': '1747612800000', 'instId': 'BTC-USDT-SWAP', 'instType': 'SWAP', 'method': 'current_period', 'realizedRate': '0.0001'}"
2025-05-19 00:00:00,1747612800000,0.0001,BTC/USDT:USDT,"{'formulaType': 'withRate', 'fundingRate': '0.0001', 'fundingTime': '1747612800000', 'instId': 'BTC-USDT-SWAP', 'instType': 'SWAP', 'method': 'current_period', 'realizedRate': '0.0001'}"
2025-05-19 00:00:00,1747612800000,0.0001,BTC/USDT:USDT,"{'formulaType': 'withRate', 'fundingRate': '0.0001', 'fundingTime': '1747612800000', 'instId': 'BTC-USDT-SWAP', 'instType': 'SWAP', 'method': 'current_period', 'realizedRate': '0.0001'}"
2025-05-19 00:00:00,1747612800000,0.0001,BTC/USDT:USDT,"{'formulaType': 'withRate', 'fundingRate': '0.0001', 'fundingTime': '1747612800000', 'instId': 'BTC-USDT-SWAP', 'instType': 'SWAP', 'method': 'current_period', 'realizedRate': '0.0001'}"
2025-05-19 00:00:00,1747612800000,0.0001,BTC/USDT:USDT,"{'formulaType': 'withRate', 'fundingRate': '0.0001', 'fundingTime': '1747612800000', 'instId': 'BTC-USDT-SWAP', 'instType': 'SWAP', 'method': 'current_period', 'realizedRate': '0.0001'}"
2025-05-19 00:00:00,1747612800000,0.0001,BTC/USDT:USDT,"{'formulaType': 'withRate', 'fundingRate': '0.0001', 'fundingTime': '1747612800000', 'instId': 'BTC-USDT-SWAP', 'instType': 'SWAP', 'method': 'current_period', 'realizedRate': '0.0001'}"
2025-05-19 00:00:00,1747612800000,0.0001,BTC/USDT:USDT,"{'formulaType': 'withRate', 'fundingRate': '0.0001', 'fundingTime': '1747612800000', 'instId': 'BTC-USDT-SWAP', 'instType': 'SWAP', 'method': 'current_period', 'realizedRate': '0.0001'}"
2025-05-19 00:00:00,1747612800000,0.0001,BTC/USDT:USDT,"{'formulaType': 'withRate', 'fundingRate': '0.0001', 'fundingTime': '1747612800000', 'instId': 'BTC-USDT-SWAP', 'instType': 'SWAP', 'method': 'current_period', 'realizedRate': '0.0001'}"
2025-05-19 00:00:00,1747612800000,0.0001,BTC/USDT:USDT,"{'formulaType': 'withRate', 'fundingRate': '0.0001', 'fundingTime': '1747612800000', 'instId': 'BTC-USDT-SWAP', 'instType': 'SWAP', 'method': 'current_period', 'realizedRate': '0.0001'}"
2025-05-19 00:00:00,1747612800000,0.0001,BTC/USDT:USDT,"{'formulaType': 'withRate', 'fundingRate': '0.0001', 'fundingTime': '1747612800000', 'instId': 'BTC-USDT-SWAP', 'instType': 'SWAP', 'method': 'current_period', 'realizedRate': '0.0001'}"
2025-05-19 00:00:00,1747612800000,0.0001,BTC/USDT:USDT,"{'formulaType': 'withRate', 'fundingRate': '0.0001', 'fundingTime': '1747612800000', 'instId': 'BTC-USDT-SWAP', 'instType': 'SWAP', 'method': 'current_period', 'realizedRate': '0.0001'}"
2025-05-19 00:00:00,1747612800000,0.0001,BTC/USDT:USDT,"{'formulaType': 'withRate', 'fundingRate': '0.0001', 'fundingTime': '1747612800000', 'instId': 'BTC-USDT-SWAP', 'instType': 'SWAP', 'method': 'current_period', 'realizedRate': '0.0001'}"
2025-05-19 00:00:00,1747612800000,0.0001,BTC/USDT:USDT,"{'formulaType': 'withRate', 'fundingRate': '0.0001', 'fundingTime': '1747612800000', 'instId': 'BTC-USDT-SWAP', 'instType': 'SWAP', 'method': 'current_period', 'realizedRate': '0.0001'}"
2025-05-19 00:00:00,1747612800000,0.0001,BTC/USDT:USDT,"{'formulaType': 'withRate', 'fundingRate': '0.0001', 'fundingTime': '1747612800000', 'instId': 'BTC-USDT-SWAP', 'instType': 'SWAP', 'method': 'current_period', 'realizedRate': '0.0001'}"
2025-05-19 00:00:00,1747612800000,0.0001,BTC/USDT:USDT,"{'formulaType': 'withRate', 'fundingRate': '0.0001', 'fundingTime': '1747612800000', 'instId': 'BTC-USDT-SWAP', 'instType': 'SWAP', 'method': 'current_period', 'realizedRate': '0.0001'}"
2025-05-19 00:00:00,1747612800000,0.0001,BTC/USDT:USDT,"{'formulaType': 'withRate', 'fundingRate': '0.0001', 'fundingTime': '1747612800000', 'instId': 'BTC-USDT-SWAP', 'instType': 'SWAP', 'method': 'current_period', 'realizedRate': '0.0001'}"
2025-05-19 00:00:00,1747612800000,0.0001,BTC/USDT:USDT,"{'formulaType': 'withRate', 'fundingRate': '0.0001', 'fundingTime': '1747612800000', 'instId': 'BTC-USDT-SWAP', 'instType': 'SWAP', 'method': 'current_period', 'realizedRate': '0.0001'}"
2025-05-19 00:00:00,1747612800000,0.0001,BTC/USDT:USDT,"{'formulaType': 'withRate', 'fundingRate': '0.0001', 'fundingTime': '1747612800000', 'instId': 'BTC-USDT-SWAP', 'instType': 'SWAP', 'method': 'current_period', 'realizedRate': '0.0001'}"
2025-05-19 00:00:00,1747612800000,0.0001,BTC/USDT:USDT,"{'formulaType': 'withRate', 'fundingRate': '0.0001', 'fundingTime': '1747612800000', 'instId': 'BTC-USDT-SWAP', 'instType': 'SWAP', 'method': 'current_period', 'realizedRate': '0.0001'}"
2025-05-19 00:00:00,1747612800000,0.0001,BTC/USDT:USDT,"{'formulaType': 'withRate', 'fundingRate': '0.0001', 'fundingTime': '1747612800000', 'instId': 'BTC-USDT-SWAP', 'instType': 'SWAP', 'method': 'current_period', 'realizedRate': '0.0001'}"
2025-05-19 00:00:00,1747612800000,0.0001,BTC/USDT:USDT,"{'formulaType': 'withRate', 'fundingRate': '0.0001', 'fundingTime': '1747612800000', 'instId': 'BTC-USDT-SWAP', 'instType': 'SWAP', 'method': 'current_period', 'realizedRate': '0.0001'}"
2025-05-19 00:00:00,1747612800000,0.0001,BTC/USDT:USDT,"{'formulaType': 'withRate', 'fundingRate': '0.0001', 'fundingTime': '1747612800000', 'instId': 'BTC-USDT-SWAP', 'instType': 'SWAP', 'method': 'current_period', 'realizedRate': '0.0001'}"
2025-05-19 00:00:00,1747612800000,0.0001,BTC/USDT:USDT,"{'formulaType': 'withRate', 'fundingRate': '0.0001', 'fundingTime': '1747612800000', 'instId': 'BTC-USDT-SWAP', 'instType': 'SWAP', 'method': 'current_period', 'realizedRate': '0.0001'}"
2025-05-19 00:00:00,1747612800000,0.0001,BTC/USDT:USDT,"{'formulaType': 'withRate', 'fundingRate': '0.0001', 'fundingTime': '1747612800000', 'instId': 'BTC-USDT-SWAP', 'instType': 'SWAP', 'method': 'current_period', 'realizedRate': '0.0001'}"
2025-05-19 00:00:00,1747612800000,0.0001,BTC/USDT:USDT,"{'formulaType': 'withRate', 'fundingRate': '0.0001', 'fundingTime': '1747612800000', 'instId': 'BTC-USDT-SWAP', 'instType': 'SWAP', 'method': 'current_period', 'realizedRate': '0.0001'}"
2025-05-19 00:00:00,1747612800000,0.0001,BTC/USDT:USDT,"{'formulaType': 'withRate', 'fundingRate': '0.0001', 'fundingTime': '1747612800000', 'instId': 'BTC-USDT-SWAP', 'instType': 'SWAP', 'method': 'current_period', 'realizedRate': '0.0001'}"
2025-05-19 00:00:00,1747612800000,0.0001,BTC/USDT:USDT,"{'formulaType': 'withRate', 'fundingRate': '0.0001', 'fundingTime': '1747612800000', 'instId': 'BTC-USDT-SWAP', 'instType': 'SWAP', 'method': 'current_period', 'realizedRate': '0.0001'}"
2025-05-19 00:00:00,1747612800000,0.0001,BTC/USDT:USDT,"{'formulaType': 'withRate', 'fundingRate': '0.0001', 'fundingTime': '1747612800000', 'instId': 'BTC-USDT-SWAP', 'instType': 'SWAP', 'method': 'current_period', 'realizedRate': '0.0001'}"
2025-05-19 00:00:00,1747612800000,0.0001,BTC/USDT:USDT,"{'formulaType': 'withRate', 'fundingRate': '0.0001', 'fundingTime': '1747612800000', 'instId': 'BTC-USDT-SWAP', 'instType': 'SWAP', 'method': 'current_period', 'realizedRate': '0.0001'}"
2025-05-19 00:00:00,1747612800000,0.0001,BTC/USDT:USDT,"{'formulaType': 'withRate', 'fundingRate': '0.0001', 'fundingTime': '1747612800000', 'instId': 'BTC-USDT-SWAP', 'instType': 'SWAP', 'method': 'current_period', 'realizedRate': '0.0001'}"
2025-05-19 00:00:00,1747612800000,0.0001,BTC/USDT:USDT,"{'formulaType': 'withRate', 'fundingRate': '0.0001', 'fundingTime': '1747612800000', 'instId': 'BTC-USDT-SWAP', 'instType': 'SWAP', 'method': 'current_period', 'realizedRate': '0.0001'}"
2025-05-19 00:00:00,1747612800000,0.0001,BTC/USDT:USDT,"{'formulaType': 'withRate', 'fundingRate': '0.0001', 'fundingTime': '1747612800000', 'instId': 'BTC-USDT-SWAP', 'instType': 'SWAP', 'method': 'current_period', 'realizedRate': '0.0001'}"
2025-05-19 00:00:00,1747612800000,0.0001,BTC/USDT:USDT,"{'formulaType': 'withRate', 'fundingRate': '0.0001', 'fundingTime': '1747612800000', 'instId': 'BTC-USDT-SWAP', 'instType': 'SWAP', 'method': 'current_period', 'realizedRate': '0.0001'}"
2025-05-19 00:00:00,1747612800000,0.0001,BTC/USDT:USDT,"{'formulaType': 'withRate', 'fundingRate': '0.0001', 'fundingTime': '1747612800000', 'instId': 'BTC-USDT-SWAP', 'instType': 'SWAP', 'method': 'current_period', 'realizedRate': '0.0001'}"
2025-05-19 00:00:00,1747612800000,0.0001,BTC/USDT:USDT,"{'formulaType': 'withRate', 'fundingRate': '0.0001', 'fundingTime': '1747612800000', 'instId': 'BTC-USDT-SWAP', 'instType': 'SWAP', 'method': 'current_period', 'realizedRate': '0.0001'}"
2025-05-19 08:00:00,1747641600000,5.87277255139e-05,BTC/USDT:USDT,"{'formulaType': 'withRate', 'fundingRate': '0.0000587277255139', 'fundingTime': '1747641600000', 'instId': 'BTC-USDT-SWAP', 'instType': 'SWAP', 'method': 'current_period', 'realizedRate': '0.0000587277255139'}"
2025-05-19 08:00:00,1747641600000,5.87277255139e-05,BTC/USDT:USDT,"{'formulaType': 'withRate', 'fundingRate': '0.0000587277255139', 'fundingTime': '1747641600000', 'instId': 'BTC-USDT-SWAP', 'instType': 'SWAP', 'method': 'current_period', 'realizedRate': '0.0000587277255139'}"
2025-05-19 08:00:00,1747641600000,5.87277255139e-05,BTC/USDT:USDT,"{'formulaType': 'withRate', 'fundingRate': '0.0000587277255139', 'fundingTime': '1747641600000', 'instId': 'BTC-USDT-SWAP', 'instType': 'SWAP', 'method': 'current_period', 'realizedRate': '0.0000587277255139'}"
2025-05-19 08:00:00,1747641600000,5.87277255139e-05,BTC/USDT:USDT,"{'formulaType': 'withRate', 'fundingRate': '0.0000587277255139', 'fundingTime': '1747641600000', 'instId': 'BTC-USDT-SWAP', 'instType': 'SWAP', 'method': 'current_period', 'realizedRate': '0.0000587277255139'}"
2025-05-19 08:00:00,1747641600000,5.87277255139e-05,BTC/USDT:USDT,"{'formulaType': 'withRate', 'fundingRate': '0.0000587277255139', 'fundingTime': '1747641600000', 'instId': 'BTC-USDT-SWAP', 'instType': 'SWAP', 'method': 'current_period', 'realizedRate': '0.0000587277255139'}"
2025-05-19 08:00:00,1747641600000,5.87277255139e-05,BTC/USDT:USDT,"{'formulaType': 'withRate', 'fundingRate': '0.0000587277255139', 'fundingTime': '1747641600000', 'instId': 'BTC-USDT-SWAP', 'instType': 'SWAP', 'method': 'current_period', 'realizedRate': '0.0000587277255139'}"
2025-05-19 08:00:00,1747641600000,5.87277255139e-05,BTC/USDT:USDT,"{'formulaType': 'withRate', 'fundingRate': '0.0000587277255139', 'fundingTime': '1747641600000', 'instId': 'BTC-USDT-SWAP', 'instType': 'SWAP', 'method': 'current_period', 'realizedRate': '0.0000587277255139'}"
2025-05-19 08:00:00,1747641600000,5.87277255139e-05,BTC/USDT:USDT,"{'formulaType': 'withRate', 'fundingRate': '0.0000587277255139', 'fundingTime': '1747641600000', 'instId': 'BTC-USDT-SWAP', 'instType': 'SWAP', 'method': 'current_period', 'realizedRate': '0.0000587277255139'}"
2025-05-19 08:00:00,1747641600000,5.87277255139e-05,BTC/USDT:USDT,"{'formulaType': 'withRate', 'fundingRate': '0.0000587277255139', 'fundingTime': '1747641600000', 'instId': 'BTC-USDT-SWAP', 'instType': 'SWAP', 'method': 'current_period', 'realizedRate': '0.0000587277255139'}"
2025-05-19 08:00:00,1747641600000,5.87277255139e-05,BTC/USDT:USDT,"{'formulaType': 'withRate', 'fundingRate': '0.0000587277255139', 'fundingTime': '1747641600000', 'instId': 'BTC-USDT-SWAP', 'instType': 'SWAP', 'method': 'current_period', 'realizedRate': '0.0000587277255139'}"
2025-05-19 08:00:00,1747641600000,5.87277255139e-05,BTC/USDT:USDT,"{'formulaType': 'withRate', 'fundingRate': '0.0000587277255139', 'fundingTime': '1747641600000', 'instId': 'BTC-USDT-SWAP', 'instType': 'SWAP', 'method': 'current_period', 'realizedRate': '0.0000587277255139'}"
2025-05-19 08:00:00,1747641600000,5.87277255139e-05,BTC/USDT:USDT,"{'formulaType': 'withRate', 'fundingRate': '0.0000587277255139', 'fundingTime': '1747641600000', 'instId': 'BTC-USDT-SWAP', 'instType': 'SWAP', 'method': 'current_period', 'realizedRate': '0.0000587277255139'}"
2025-05-19 08:00:00,1747641600000,5.87277255139e-05,BTC/USDT:USDT,"{'formulaType': 'withRate', 'fundingRate': '0.0000587277255139', 'fundingTime': '1747641600000', 'instId': 'BTC-USDT-SWAP', 'instType': 'SWAP', 'method': 'current_period', 'realizedRate': '0.0000587277255139'}"
2025-05-19 08:00:00,1747641600000,5.87277255139e-05,BTC/USDT:USDT,"{'formulaType': 'withRate', 'fundingRate': '0.0000587277255139', 'fundingTime': '1747641600000', 'instId': 'BTC-USDT-SWAP', 'instType': 'SWAP', 'method': 'current_period', 'realizedRate': '0.0000587277255139'}"
2025-05-19 08:00:00,1747641600000,5.87277255139e-05,BTC/USDT:USDT,"{'formulaType': 'withRate', 'fundingRate': '0.0000587277255139', 'fundingTime': '1747641600000', 'instId': 'BTC-USDT-SWAP', 'instType': 'SWAP', 'method': 'current_period', 'realizedRate': '0.0000587277255139'}"
2025-05-19 08:00:00,1747641600000,5.87277255139e-05,BTC/USDT:USDT,"{'formulaType': 'withRate', 'fundingRate': '0.0000587277255139', 'fundingTime': '1747641600000', 'instId': 'BTC-USDT-SWAP', 'instType': 'SWAP', 'method': 'current_period', 'realizedRate': '0.0000587277255139'}"
2025-05-19 08:00:00,1747641600000,5.87277255139e-05,BTC/USDT:USDT,"{'formulaType': 'withRate', 'fundingRate': '0.0000587277255139', 'fundingTime': '1747641600000', 'instId': 'BTC-USDT-SWAP', 'instType': 'SWAP', 'method': 'current_period', 'realizedRate': '0.0000587277255139'}"
2025-05-19 08:00:00,1747641600000,5.87277255139e-05,BTC/USDT:USDT,"{'formulaType': 'withRate', 'fundingRate': '0.0000587277255139', 'fundingTime': '1747641600000', 'instId': 'BTC-USDT-SWAP', 'instType': 'SWAP', 'method': 'current_period', 'realizedRate': '0.0000587277255139'}"
2025-05-19 08:00:00,1747641600000,5.87277255139e-05,BTC/USDT:USDT,"{'formulaType': 'withRate', 'fundingRate': '0.0000587277255139', 'fundingTime': '1747641600000', 'instId': 'BTC-USDT-SWAP', 'instType': 'SWAP', 'method': 'current_period', 'realizedRate': '0.0000587277255139'}"
2025-05-19 08:00:00,1747641600000,5.87277255139e-05,BTC/USDT:USDT,"{'formulaType': 'withRate', 'fundingRate': '0.0000587277255139', 'fundingTime': '1747641600000', 'instId': 'BTC-USDT-SWAP', 'instType': 'SWAP', 'method': 'current_period', 'realizedRate': '0.0000587277255139'}"
2025-05-19 08:00:00,1747641600000,5.87277255139e-05,BTC/USDT:USDT,"{'formulaType': 'withRate', 'fundingRate': '0.0000587277255139', 'fundingTime': '1747641600000', 'instId': 'BTC-USDT-SWAP', 'instType': 'SWAP', 'method': 'current_period', 'realizedRate': '0.0000587277255139'}"
2025-05-19 08:00:00,1747641600000,5.87277255139e-05,BTC/USDT:USDT,"{'formulaType': 'withRate', 'fundingRate': '0.0000587277255139', 'fundingTime': '1747641600000', 'instId': 'BTC-USDT-SWAP', 'instType': 'SWAP', 'method': 'current_period', 'realizedRate': '0.0000587277255139'}"
2025-05-19 08:00:00,1747641600000,5.87277255139e-05,BTC/USDT:USDT,"{'formulaType': 'withRate', 'fundingRate': '0.0000587277255139', 'fundingTime': '1747641600000', 'instId': 'BTC-USDT-SWAP', 'instType': 'SWAP', 'method': 'current_period', 'realizedRate': '0.0000587277255139'}"
2025-05-19 08:00:00,1747641600000,5.87277255139e-05,BTC/USDT:USDT,"{'formulaType': 'withRate', 'fundingRate': '0.0000587277255139', 'fundingTime': '1747641600000', 'instId': 'BTC-USDT-SWAP', 'instType': 'SWAP', 'method': 'current_period', 'realizedRate': '0.0000587277255139'}"
2025-05-19 08:00:00,1747641600000,5.87277255139e-05,BTC/USDT:USDT,"{'formulaType': 'withRate', 'fundingRate': '0.0000587277255139', 'fundingTime': '1747641600000', 'instId': 'BTC-USDT-SWAP', 'instType': 'SWAP', 'method': 'current_period', 'realizedRate': '0.0000587277255139'}"
2025-05-19 08:00:00,1747641600000,5.87277255139e-05,BTC/USDT:USDT,"{'formulaType': 'withRate', 'fundingRate': '0.0000587277255139', 'fundingTime': '1747641600000', 'instId': 'BTC-USDT-SWAP', 'instType': 'SWAP', 'method': 'current_period', 'realizedRate': '0.0000587277255139'}"
2025-05-19 08:00:00,1747641600000,5.87277255139e-05,BTC/USDT:USDT,"{'formulaType': 'withRate', 'fundingRate': '0.0000587277255139', 'fundingTime': '1747641600000', 'instId': 'BTC-USDT-SWAP', 'instType': 'SWAP', 'method': 'current_period', 'realizedRate': '0.0000587277255139'}"
2025-05-19 08:00:00,1747641600000,5.87277255139e-05,BTC/USDT:USDT,"{'formulaType': 'withRate', 'fundingRate': '0.0000587277255139', 'fundingTime': '1747641600000', 'instId': 'BTC-USDT-SWAP', 'instType': 'SWAP', 'method': 'current_period', 'realizedRate': '0.0000587277255139'}"
2025-05-19 08:00:00,1747641600000,5.87277255139e-05,BTC/USDT:USDT,"{'formulaType': 'withRate', 'fundingRate': '0.0000587277255139', 'fundingTime': '1747641600000', 'instId': 'BTC-USDT-SWAP', 'instType': 'SWAP', 'method': 'current_period', 'realizedRate': '0.0000587277255139'}"
2025-05-19 08:00:00,1747641600000,5.87277255139e-05,BTC/USDT:USDT,"{'formulaType': 'withRate', 'fundingRate': '0.0000587277255139', 'fundingTime': '1747641600000', 'instId': 'BTC-USDT-SWAP', 'instType': 'SWAP', 'method': 'current_period', 'realizedRate': '0.0000587277255139'}"
2025-05-19 08:00:00,1747641600000,5.87277255139e-05,BTC/USDT:USDT,"{'formulaType': 'withRate', 'fundingRate': '0.0000587277255139', 'fundingTime': '1747641600000', 'instId': 'BTC-USDT-SWAP', 'instType': 'SWAP', 'method': 'current_period', 'realizedRate': '0.0000587277255139'}"
2025-05-19 08:00:00,1747641600000,5.87277255139e-05,BTC/USDT:USDT,"{'formulaType': 'withRate', 'fundingRate': '0.0000587277255139', 'fundingTime': '1747641600000', 'instId': 'BTC-USDT-SWAP', 'instType': 'SWAP', 'method': 'current_period', 'realizedRate': '0.0000587277255139'}"
2025-05-19 08:00:00,1747641600000,5.87277255139e-05,BTC/USDT:USDT,"{'formulaType': 'withRate', 'fundingRate': '0.0000587277255139', 'fundingTime': '1747641600000', 'instId': 'BTC-USDT-SWAP', 'instType': 'SWAP', 'method': 'current_period', 'realizedRate': '0.0000587277255139'}"
2025-05-19 08:00:00,1747641600000,5.87277255139e-05,BTC/USDT:USDT,"{'formulaType': 'withRate', 'fundingRate': '0.0000587277255139', 'fundingTime': '1747641600000', 'instId': 'BTC-USDT-SWAP', 'instType': 'SWAP', 'method': 'current_period', 'realizedRate': '0.0000587277255139'}"
2025-05-19 08:00:00,1747641600000,5.87277255139e-05,BTC/USDT:USDT,"{'formulaType': 'withRate', 'fundingRate': '0.0000587277255139', 'fundingTime': '1747641600000', 'instId': 'BTC-USDT-SWAP', 'instType': 'SWAP', 'method': 'current_period', 'realizedRate': '0.0000587277255139'}"
2025-05-19 08:00:00,1747641600000,5.87277255139e-05,BTC/USDT:USDT,"{'formulaType': 'withRate', 'fundingRate': '0.0000587277255139', 'fundingTime': '1747641600000', 'instId': 'BTC-USDT-SWAP', 'instType': 'SWAP', 'method': 'current_period', 'realizedRate': '0.0000587277255139'}"
2025-05-19 08:00:00,1747641600000,5.87277255139e-05,BTC/USDT:USDT,"{'formulaType': 'withRate', 'fundingRate': '0.0000587277255139', 'fundingTime': '1747641600000', 'instId': 'BTC-USDT-SWAP', 'instType': 'SWAP', 'method': 'current_period', 'realizedRate': '0.0000587277255139'}"
2025-05-19 16:00:00,1747670400000,-6.115978831e-06,BTC/USDT:USDT,"{'formulaType': 'withRate', 'fundingRate': '-0.000006115978831', 'fundingTime': '1747670400000', 'instId': 'BTC-USDT-SWAP', 'instType': 'SWAP', 'method': 'current_period', 'realizedRate': '-0.000006115978831'}"
2025-05-19 16:00:00,1747670400000,-6.115978831e-06,BTC/USDT:USDT,"{'formulaType': 'withRate', 'fundingRate': '-0.000006115978831', 'fundingTime': '1747670400000', 'instId': 'BTC-USDT-SWAP', 'instType': 'SWAP', 'method': 'current_period', 'realizedRate': '-0.000006115978831'}"
2025-05-19 16:00:00,1747670400000,-6.115978831e-06,BTC/USDT:USDT,"{'formulaType': 'withRate', 'fundingRate': '-0.000006115978831', 'fundingTime': '1747670400000', 'instId': 'BTC-USDT-SWAP', 'instType': 'SWAP', 'method': 'current_period', 'realizedRate': '-0.000006115978831'}"
2025-05-19 16:00:00,1747670400000,-6.115978831e-06,BTC/USDT:USDT,"{'formulaType': 'withRate', 'fundingRate': '-0.000006115978831', 'fundingTime': '1747670400000', 'instId': 'BTC-USDT-SWAP', 'instType': 'SWAP', 'method': 'current_period', 'realizedRate': '-0.000006115978831'}"
2025-05-19 16:00:00,1747670400000,-6.115978831e-06,BTC/USDT:USDT,"{'formulaType': 'withRate', 'fundingRate': '-0.000006115978831', 'fundingTime': '1747670400000', 'instId': 'BTC-USDT-SWAP', 'instType': 'SWAP', 'method': 'current_period', 'realizedRate': '-0.000006115978831'}"
2025-05-19 16:00:00,1747670400000,-6.115978831e-06,BTC/USDT:USDT,"{'formulaType': 'withRate', 'fundingRate': '-0.000006115978831', 'fundingTime': '1747670400000', 'instId': 'BTC-USDT-SWAP', 'instType': 'SWAP', 'method': 'current_period', 'realizedRate': '-0.000006115978831'}"
2025-05-19 16:00:00,1747670400000,-6.115978831e-06,BTC/USDT:USDT,"{'formulaType': 'withRate', 'fundingRate': '-0.000006115978831', 'fundingTime': '1747670400000', 'instId': 'BTC-USDT-SWAP', 'instType': 'SWAP', 'method': 'current_period', 'realizedRate': '-0.000006115978831'}"
2025-05-19 16:00:00,1747670400000,-6.115978831e-06,BTC/USDT:USDT,"{'formulaType': 'withRate', 'fundingRate': '-0.000006115978831', 'fundingTime': '1747670400000', 'instId': 'BTC-USDT-SWAP', 'instType': 'SWAP', 'method': 'current_period', 'realizedRate': '-0.000006115978831'}"
2025-05-19 16:00:00,1747670400000,-6.115978831e-06,BTC/USDT:USDT,"{'formulaType': 'withRate', 'fundingRate': '-0.000006115978831', 'fundingTime': '1747670400000', 'instId': 'BTC-USDT-SWAP', 'instType': 'SWAP', 'method': 'current_period', 'realizedRate': '-0.000006115978831'}"
2025-05-19 16:00:00,1747670400000,-6.115978831e-06,BTC/USDT:USDT,"{'formulaType': 'withRate', 'fundingRate': '-0.000006115978831', 'fundingTime': '1747670400000', 'instId': 'BTC-USDT-SWAP', 'instType': 'SWAP', 'method': 'current_period', 'realizedRate': '-0.000006115978831'}"
2025-05-19 16:00:00,1747670400000,-6.115978831e-06,BTC/USDT:USDT,"{'formulaType': 'withRate', 'fundingRate': '-0.000006115978831', 'fundingTime': '1747670400000', 'instId': 'BTC-USDT-SWAP', 'instType': 'SWAP', 'method': 'current_period', 'realizedRate': '-0.000006115978831'}"
2025-05-19 16:00:00,1747670400000,-6.115978831e-06,BTC/USDT:USDT,"{'formulaType': 'withRate', 'fundingRate': '-0.000006115978831', 'fundingTime': '1747670400000', 'instId': 'BTC-USDT-SWAP', 'instType': 'SWAP', 'method': 'current_period', 'realizedRate': '-0.000006115978831'}"
2025-05-19 16:00:00,1747670400000,-6.115978831e-06,BTC/USDT:USDT,"{'formulaType': 'withRate', 'fundingRate': '-0.000006115978831', 'fundingTime': '1747670400000', 'instId': 'BTC-USDT-SWAP', 'instType': 'SWAP', 'method': 'current_period', 'realizedRate': '-0.000006115978831'}"
2025-05-19 16:00:00,1747670400000,-6.115978831e-06,BTC/USDT:USDT,"{'formulaType': 'withRate', 'fundingRate': '-0.000006115978831', 'fundingTime': '1747670400000', 'instId': 'BTC-USDT-SWAP', 'instType': 'SWAP', 'method': 'current_period', 'realizedRate': '-0.000006115978831'}"
2025-05-19 16:00:00,1747670400000,-6.115978831e-06,BTC/USDT:USDT,"{'formulaType': 'withRate', 'fundingRate': '-0.000006115978831', 'fundingTime': '1747670400000', 'instId': 'BTC-USDT-SWAP', 'instType': 'SWAP', 'method': 'current_period', 'realizedRate': '-0.000006115978831'}"
2025-05-19 16:00:00,1747670400000,-6.115978831e-06,BTC/USDT:USDT,"{'formulaType': 'withRate', 'fundingRate': '-0.000006115978831', 'fundingTime': '1747670400000', 'instId': 'BTC-USDT-SWAP', 'instType': 'SWAP', 'method': 'current_period', 'realizedRate': '-0.000006115978831'}"
2025-05-19 16:00:00,1747670400000,-6.115978831e-06,BTC/USDT:USDT,"{'formulaType': 'withRate', 'fundingRate': '-0.000006115978831', 'fundingTime': '1747670400000', 'instId': 'BTC-USDT-SWAP', 'instType': 'SWAP', 'method': 'current_period', 'realizedRate': '-0.000006115978831'}"
2025-05-19 16:00:00,1747670400000,-6.115978831e-06,BTC/USDT:USDT,"{'formulaType': 'withRate', 'fundingRate': '-0.000006115978831', 'fundingTime': '1747670400000', 'instId': 'BTC-USDT-SWAP', 'instType': 'SWAP', 'method': 'current_period', 'realizedRate': '-0.000006115978831'}"
2025-05-19 16:00:00,1747670400000,-6.115978831e-06,BTC/USDT:USDT,"{'formulaType': 'withRate', 'fundingRate': '-0.000006115978831', 'fundingTime': '1747670400000', 'instId': 'BTC-USDT-SWAP', 'instType': 'SWAP', 'method': 'current_period', 'realizedRate': '-0.000006115978831'}"
2025-05-19 16:00:00,1747670400000,-6.115978831e-06,BTC/USDT:USDT,"{'formulaType': 'withRate', 'fundingRate': '-0.000006115978831', 'fundingTime': '1747670400000', 'instId': 'BTC-USDT-SWAP', 'instType': 'SWAP', 'method': 'current_period', 'realizedRate': '-0.000006115978831'}"
2025-05-19 16:00:00,1747670400000,-6.115978831e-06,BTC/USDT:USDT,"{'formulaType': 'withRate', 'fundingRate': '-0.000006115978831', 'fundingTime': '1747670400000', 'instId': 'BTC-USDT-SWAP', 'instType': 'SWAP', 'method': 'current_period', 'realizedRate': '-0.000006115978831'}"
2025-05-19 16:00:00,1747670400000,-6.115978831e-06,BTC/USDT:USDT,"{'formulaType': 'withRate', 'fundingRate': '-0.000006115978831', 'fundingTime': '1747670400000', 'instId': 'BTC-USDT-SWAP', 'instType': 'SWAP', 'method': 'current_period', 'realizedRate': '-0.000006115978831'}"
2025-05-19 16:00:00,1747670400000,-6.115978831e-06,BTC/USDT:USDT,"{'formulaType': 'withRate', 'fundingRate': '-0.000006115978831', 'fundingTime': '1747670400000', 'instId': 'BTC-USDT-SWAP', 'instType': 'SWAP', 'method': 'current_period', 'realizedRate': '-0.000006115978831'}"
2025-05-19 16:00:00,1747670400000,-6.115978831e-06,BTC/USDT:USDT,"{'formulaType': 'withRate', 'fundingRate': '-0.000006115978831', 'fundingTime': '1747670400000', 'instId': 'BTC-USDT-SWAP', 'instType': 'SWAP', 'method': 'current_period', 'realizedRate': '-0.000006115978831'}"
2025-05-19 16:00:00,1747670400000,-6.115978831e-06,BTC/USDT:USDT,"{'formulaType': 'withRate', 'fundingRate': '-0.000006115978831', 'fundingTime': '1747670400000', 'instId': 'BTC-USDT-SWAP', 'instType': 'SWAP', 'method': 'current_period', 'realizedRate': '-0.000006115978831'}"
2025-05-19 16:00:00,1747670400000,-6.115978831e-06,BTC/USDT:USDT,"{'formulaType': 'withRate', 'fundingRate': '-0.000006115978831', 'fundingTime': '1747670400000', 'instId': 'BTC-USDT-SWAP', 'instType': 'SWAP', 'method': 'current_period', 'realizedRate': '-0.000006115978831'}"
2025-05-19 16:00:00,1747670400000,-6.115978831e-06,BTC/USDT:USDT,"{'formulaType': 'withRate', 'fundingRate': '-0.000006115978831', 'fundingTime': '1747670400000', 'instId': 'BTC-USDT-SWAP', 'instType': 'SWAP', 'method': 'current_period', 'realizedRate': '-0.000006115978831'}"
2025-05-19 16:00:00,1747670400000,-6.115978831e-06,BTC/USDT:USDT,"{'formulaType': 'withRate', 'fundingRate': '-0.000006115978831', 'fundingTime': '1747670400000', 'instId': 'BTC-USDT-SWAP', 'instType': 'SWAP', 'method': 'current_period', 'realizedRate': '-0.000006115978831'}"
2025-05-19 16:00:00,1747670400000,-6.115978831e-06,BTC/USDT:USDT,"{'formulaType': 'withRate', 'fundingRate': '-0.000006115978831', 'fundingTime': '1747670400000', 'instId': 'BTC-USDT-SWAP', 'instType': 'SWAP', 'method': 'current_period', 'realizedRate': '-0.000006115978831'}"
2025-05-19 16:00:00,1747670400000,-6.115978831e-06,BTC/USDT:USDT,"{'formulaType': 'withRate', 'fundingRate': '-0.000006115978831', 'fundingTime': '1747670400000', 'instId': 'BTC-USDT-SWAP', 'instType': 'SWAP', 'method': 'current_period', 'realizedRate': '-0.000006115978831'}"
2025-05-19 16:00:00,1747670400000,-6.115978831e-06,BTC/USDT:USDT,"{'formulaType': 'withRate', 'fundingRate': '-0.000006115978831', 'fundingTime': '1747670400000', 'instId': 'BTC-USDT-SWAP', 'instType': 'SWAP', 'method': 'current_period', 'realizedRate': '-0.000006115978831'}"
2025-05-19 16:00:00,1747670400000,-6.115978831e-06,BTC/USDT:USDT,"{'formulaType': 'withRate', 'fundingRate': '-0.000006115978831', 'fundingTime': '1747670400000', 'instId': 'BTC-USDT-SWAP', 'instType': 'SWAP', 'method': 'current_period', 'realizedRate': '-0.000006115978831'}"
2025-05-19 16:00:00,1747670400000,-6.115978831e-06,BTC/USDT:USDT,"{'formulaType': 'withRate', 'fundingRate': '-0.000006115978831', 'fundingTime': '1747670400000', 'instId': 'BTC-USDT-SWAP', 'instType': 'SWAP', 'method': 'current_period', 'realizedRate': '-0.000006115978831'}"
2025-05-19 16:00:00,1747670400000,-6.115978831e-06,BTC/USDT:USDT,"{'formulaType': 'withRate', 'fundingRate': '-0.000006115978831', 'fundingTime': '1747670400000', 'instId': 'BTC-USDT-SWAP', 'instType': 'SWAP', 'method': 'current_period', 'realizedRate': '-0.000006115978831'}"
2025-05-19 16:00:00,1747670400000,-6.115978831e-06,BTC/USDT:USDT,"{'formulaType': 'withRate', 'fundingRate': '-0.000006115978831', 'fundingTime': '1747670400000', 'instId': 'BTC-USDT-SWAP', 'instType': 'SWAP', 'method': 'current_period', 'realizedRate': '-0.000006115978831'}"
2025-05-19 16:00:00,1747670400000,-6.115978831e-06,BTC/USDT:USDT,"{'formulaType': 'withRate', 'fundingRate': '-0.000006115978831', 'fundingTime': '1747670400000', 'instId': 'BTC-USDT-SWAP', 'instType': 'SWAP', 'method': 'current_period', 'realizedRate': '-0.000006115978831'}"
2025-05-19 16:00:00,1747670400000,-6.115978831e-06,BTC/USDT:USDT,"{'formulaType': 'withRate', 'fundingRate': '-0.000006115978831', 'fundingTime': '1747670400000', 'instId': 'BTC-USDT-SWAP', 'instType': 'SWAP', 'method': 'current_period', 'realizedRate': '-0.000006115978831'}"
2025-05-20 00:00:00,1747699200000,0.0001,BTC/USDT:USDT,"{'formulaType': 'withRate', 'fundingRate': '0.0001', 'fundingTime': '1747699200000', 'instId': 'BTC-USDT-SWAP', 'instType': 'SWAP', 'method': 'current_period', 'realizedRate': '0.0001'}"
2025-05-20 00:00:00,1747699200000,0.0001,BTC/USDT:USDT,"{'formulaType': 'withRate', 'fundingRate': '0.0001', 'fundingTime': '1747699200000', 'instId': 'BTC-USDT-SWAP', 'instType': 'SWAP', 'method': 'current_period', 'realizedRate': '0.0001'}"
2025-05-20 00:00:00,1747699200000,0.0001,BTC/USDT:USDT,"{'formulaType': 'withRate', 'fundingRate': '0.0001', 'fundingTime': '1747699200000', 'instId': 'BTC-USDT-SWAP', 'instType': 'SWAP', 'method': 'current_period', 'realizedRate': '0.0001'}"
2025-05-20 00:00:00,1747699200000,0.0001,BTC/USDT:USDT,"{'formulaType': 'withRate', 'fundingRate': '0.0001', 'fundingTime': '1747699200000', 'instId': 'BTC-USDT-SWAP', 'instType': 'SWAP', 'method': 'current_period', 'realizedRate': '0.0001'}"
2025-05-20 00:00:00,1747699200000,0.0001,BTC/USDT:USDT,"{'formulaType': 'withRate', 'fundingRate': '0.0001', 'fundingTime': '1747699200000', 'instId': 'BTC-USDT-SWAP', 'instType': 'SWAP', 'method': 'current_period', 'realizedRate': '0.0001'}"
2025-05-20 00:00:00,1747699200000,0.0001,BTC/USDT:USDT,"{'formulaType': 'withRate', 'fundingRate': '0.0001', 'fundingTime': '1747699200000', 'instId': 'BTC-USDT-SWAP', 'instType': 'SWAP', 'method': 'current_period', 'realizedRate': '0.0001'}"
2025-05-20 00:00:00,1747699200000,0.0001,BTC/USDT:USDT,"{'formulaType': 'withRate', 'fundingRate': '0.0001', 'fundingTime': '1747699200000', 'instId': 'BTC-USDT-SWAP', 'instType': 'SWAP', 'method': 'current_period', 'realizedRate': '0.0001'}"
2025-05-20 00:00:00,1747699200000,0.0001,BTC/USDT:USDT,"{'formulaType': 'withRate', 'fundingRate': '0.0001', 'fundingTime': '1747699200000', 'instId': 'BTC-USDT-SWAP', 'instType': 'SWAP', 'method': 'current_period', 'realizedRate': '0.0001'}"
2025-05-20 00:00:00,1747699200000,0.0001,BTC/USDT:USDT,"{'formulaType': 'withRate', 'fundingRate': '0.0001', 'fundingTime': '1747699200000', 'instId': 'BTC-USDT-SWAP', 'instType': 'SWAP', 'method': 'current_period', 'realizedRate': '0.0001'}"
2025-05-20 00:00:00,1747699200000,0.0001,BTC/USDT:USDT,"{'formulaType': 'withRate', 'fundingRate': '0.0001', 'fundingTime': '1747699200000', 'instId': 'BTC-USDT-SWAP', 'instType': 'SWAP', 'method': 'current_period', 'realizedRate': '0.0001'}"
2025-05-20 00:00:00,1747699200000,0.0001,BTC/USDT:USDT,"{'formulaType': 'withRate', 'fundingRate': '0.0001', 'fundingTime': '1747699200000', 'instId': 'BTC-USDT-SWAP', 'instType': 'SWAP', 'method': 'current_period', 'realizedRate': '0.0001'}"
2025-05-20 00:00:00,1747699200000,0.0001,BTC/USDT:USDT,"{'formulaType': 'withRate', 'fundingRate': '0.0001', 'fundingTime': '1747699200000', 'instId': 'BTC-USDT-SWAP', 'instType': 'SWAP', 'method': 'current_period', 'realizedRate': '0.0001'}"
2025-05-20 00:00:00,1747699200000,0.0001,BTC/USDT:USDT,"{'formulaType': 'withRate', 'fundingRate': '0.0001', 'fundingTime': '1747699200000', 'instId': 'BTC-USDT-SWAP', 'instType': 'SWAP', 'method': 'current_period', 'realizedRate': '0.0001'}"
2025-05-20 00:00:00,1747699200000,0.0001,BTC/USDT:USDT,"{'formulaType': 'withRate', 'fundingRate': '0.0001', 'fundingTime': '1747699200000', 'instId': 'BTC-USDT-SWAP', 'instType': 'SWAP', 'method': 'current_period', 'realizedRate': '0.0001'}"
2025-05-20 00:00:00,1747699200000,0.0001,BTC/USDT:USDT,"{'formulaType': 'withRate', 'fundingRate': '0.0001', 'fundingTime': '1747699200000', 'instId': 'BTC-USDT-SWAP', 'instType': 'SWAP', 'method': 'current_period', 'realizedRate': '0.0001'}"
2025-05-20 00:00:00,1747699200000,0.0001,BTC/USDT:USDT,"{'formulaType': 'withRate', 'fundingRate': '0.0001', 'fundingTime': '1747699200000', 'instId': 'BTC-USDT-SWAP', 'instType': 'SWAP', 'method': 'current_period', 'realizedRate': '0.0001'}"
2025-05-20 00:00:00,1747699200000,0.0001,BTC/USDT:USDT,"{'formulaType': 'withRate', 'fundingRate': '0.0001', 'fundingTime': '1747699200000', 'instId': 'BTC-USDT-SWAP', 'instType': 'SWAP', 'method': 'current_period', 'realizedRate': '0.0001'}"
2025-05-20 00:00:00,1747699200000,0.0001,BTC/USDT:USDT,"{'formulaType': 'withRate', 'fundingRate': '0.0001', 'fundingTime': '1747699200000', 'instId': 'BTC-USDT-SWAP', 'instType': 'SWAP', 'method': 'current_period', 'realizedRate': '0.0001'}"
2025-05-20 00:00:00,1747699200000,0.0001,BTC/USDT:USDT,"{'formulaType': 'withRate', 'fundingRate': '0.0001', 'fundingTime': '1747699200000', 'instId': 'BTC-USDT-SWAP', 'instType': 'SWAP', 'method': 'current_period', 'realizedRate': '0.0001'}"
2025-05-20 00:00:00,1747699200000,0.0001,BTC/USDT:USDT,"{'formulaType': 'withRate', 'fundingRate': '0.0001', 'fundingTime': '1747699200000', 'instId': 'BTC-USDT-SWAP', 'instType': 'SWAP', 'method': 'current_period', 'realizedRate': '0.0001'}"
2025-05-20 00:00:00,1747699200000,0.0001,BTC/USDT:USDT,"{'formulaType': 'withRate', 'fundingRate': '0.0001', 'fundingTime': '1747699200000', 'instId': 'BTC-USDT-SWAP', 'instType': 'SWAP', 'method': 'current_period', 'realizedRate': '0.0001'}"
2025-05-20 00:00:00,1747699200000,0.0001,BTC/USDT:USDT,"{'formulaType': 'withRate', 'fundingRate': '0.0001', 'fundingTime': '1747699200000', 'instId': 'BTC-USDT-SWAP', 'instType': 'SWAP', 'method': 'current_period', 'realizedRate': '0.0001'}"
2025-05-20 00:00:00,1747699200000,0.0001,BTC/USDT:USDT,"{'formulaType': 'withRate', 'fundingRate': '0.0001', 'fundingTime': '1747699200000', 'instId': 'BTC-USDT-SWAP', 'instType': 'SWAP', 'method': 'current_period', 'realizedRate': '0.0001'}"
2025-05-20 00:00:00,1747699200000,0.0001,BTC/USDT:USDT,"{'formulaType': 'withRate', 'fundingRate': '0.0001', 'fundingTime': '1747699200000', 'instId': 'BTC-USDT-SWAP', 'instType': 'SWAP', 'method': 'current_period', 'realizedRate': '0.0001'}"
2025-05-20 00:00:00,1747699200000,0.0001,BTC/USDT:USDT,"{'formulaType': 'withRate', 'fundingRate': '0.0001', 'fundingTime': '1747699200000', 'instId': 'BTC-USDT-SWAP', 'instType': 'SWAP', 'method': 'current_period', 'realizedRate': '0.0001'}"
2025-05-20 00:00:00,1747699200000,0.0001,BTC/USDT:USDT,"{'formulaType': 'withRate', 'fundingRate': '0.0001', 'fundingTime': '1747699200000', 'instId': 'BTC-USDT-SWAP', 'instType': 'SWAP', 'method': 'current_period', 'realizedRate': '0.0001'}"
2025-05-20 00:00:00,1747699200000,0.0001,BTC/USDT:USDT,"{'formulaType': 'withRate', 'fundingRate': '0.0001', 'fundingTime': '1747699200000', 'instId': 'BTC-USDT-SWAP', 'instType': 'SWAP', 'method': 'current_period', 'realizedRate': '0.0001'}"
2025-05-20 00:00:00,1747699200000,0.0001,BTC/USDT:USDT,"{'formulaType': 'withRate', 'fundingRate': '0.0001', 'fundingTime': '1747699200000', 'instId': 'BTC-USDT-SWAP', 'instType': 'SWAP', 'method': 'current_period', 'realizedRate': '0.0001'}"
2025-05-20 00:00:00,1747699200000,0.0001,BTC/USDT:USDT,"{'formulaType': 'withRate', 'fundingRate': '0.0001', 'fundingTime': '1747699200000', 'instId': 'BTC-USDT-SWAP', 'instType': 'SWAP', 'method': 'current_period', 'realizedRate': '0.0001'}"
2025-05-20 00:00:00,1747699200000,0.0001,BTC/USDT:USDT,"{'formulaType': 'withRate', 'fundingRate': '0.0001', 'fundingTime': '1747699200000', 'instId': 'BTC-USDT-SWAP', 'instType': 'SWAP', 'method': 'current_period', 'realizedRate': '0.0001'}"
2025-05-20 00:00:00,1747699200000,0.0001,BTC/USDT:USDT,"{'formulaType': 'withRate', 'fundingRate': '0.0001', 'fundingTime': '1747699200000', 'instId': 'BTC-USDT-SWAP', 'instType': 'SWAP', 'method': 'current_period', 'realizedRate': '0.0001'}"
2025-05-20 00:00:00,1747699200000,0.0001,BTC/USDT:USDT,"{'formulaType': 'withRate', 'fundingRate': '0.0001', 'fundingTime': '1747699200000', 'instId': 'BTC-USDT-SWAP', 'instType': 'SWAP', 'method': 'current_period', 'realizedRate': '0.0001'}"
2025-05-20 00:00:00,1747699200000,0.0001,BTC/USDT:USDT,"{'formulaType': 'withRate', 'fundingRate': '0.0001', 'fundingTime': '1747699200000', 'instId': 'BTC-USDT-SWAP', 'instType': 'SWAP', 'method': 'current_period', 'realizedRate': '0.0001'}"
2025-05-20 00:00:00,1747699200000,0.0001,BTC/USDT:USDT,"{'formulaType': 'withRate', 'fundingRate': '0.0001', 'fundingTime': '1747699200000', 'instId': 'BTC-USDT-SWAP', 'instType': 'SWAP', 'method': 'current_period', 'realizedRate': '0.0001'}"
2025-05-20 00:00:00,1747699200000,0.0001,BTC/USDT:USDT,"{'formulaType': 'withRate', 'fundingRate': '0.0001', 'fundingTime': '1747699200000', 'instId': 'BTC-USDT-SWAP', 'instType': 'SWAP', 'method': 'current_period', 'realizedRate': '0.0001'}"
2025-05-20 00:00:00,1747699200000,0.0001,BTC/USDT:USDT,"{'formulaType': 'withRate', 'fundingRate': '0.0001', 'fundingTime': '1747699200000', 'instId': 'BTC-USDT-SWAP', 'instType': 'SWAP', 'method': 'current_period', 'realizedRate': '0.0001'}"
2025-05-20 00:00:00,1747699200000,0.0001,BTC/USDT:USDT,"{'formulaType': 'withRate', 'fundingRate': '0.0001', 'fundingTime': '1747699200000', 'instId': 'BTC-USDT-SWAP', 'instType': 'SWAP', 'method': 'current_period', 'realizedRate': '0.0001'}"
2025-05-20 08:00:00,1747728000000,0.0001,BTC/USDT:USDT,"{'formulaType': 'withRate', 'fundingRate': '0.0001', 'fundingTime': '1747728000000', 'instId': 'BTC-USDT-SWAP', 'instType': 'SWAP', 'method': 'current_period', 'realizedRate': '0.0001'}"
2025-05-20 08:00:00,1747728000000,0.0001,BTC/USDT:USDT,"{'formulaType': 'withRate', 'fundingRate': '0.0001', 'fundingTime': '1747728000000', 'instId': 'BTC-USDT-SWAP', 'instType': 'SWAP', 'method': 'current_period', 'realizedRate': '0.0001'}"
2025-05-20 08:00:00,1747728000000,0.0001,BTC/USDT:USDT,"{'formulaType': 'withRate', 'fundingRate': '0.0001', 'fundingTime': '1747728000000', 'instId': 'BTC-USDT-SWAP', 'instType': 'SWAP', 'method': 'current_period', 'realizedRate': '0.0001'}"
2025-05-20 08:00:00,1747728000000,0.0001,BTC/USDT:USDT,"{'formulaType': 'withRate', 'fundingRate': '0.0001', 'fundingTime': '1747728000000', 'instId': 'BTC-USDT-SWAP', 'instType': 'SWAP', 'method': 'current_period', 'realizedRate': '0.0001'}"
2025-05-20 08:00:00,1747728000000,0.0001,BTC/USDT:USDT,"{'formulaType': 'withRate', 'fundingRate': '0.0001', 'fundingTime': '1747728000000', 'instId': 'BTC-USDT-SWAP', 'instType': 'SWAP', 'method': 'current_period', 'realizedRate': '0.0001'}"
2025-05-20 08:00:00,1747728000000,0.0001,BTC/USDT:USDT,"{'formulaType': 'withRate', 'fundingRate': '0.0001', 'fundingTime': '1747728000000', 'instId': 'BTC-USDT-SWAP', 'instType': 'SWAP', 'method': 'current_period', 'realizedRate': '0.0001'}"
2025-05-20 08:00:00,1747728000000,0.0001,BTC/USDT:USDT,"{'formulaType': 'withRate', 'fundingRate': '0.0001', 'fundingTime': '1747728000000', 'instId': 'BTC-USDT-SWAP', 'instType': 'SWAP', 'method': 'current_period', 'realizedRate': '0.0001'}"
2025-05-20 08:00:00,1747728000000,0.0001,BTC/USDT:USDT,"{'formulaType': 'withRate', 'fundingRate': '0.0001', 'fundingTime': '1747728000000', 'instId': 'BTC-USDT-SWAP', 'instType': 'SWAP', 'method': 'current_period', 'realizedRate': '0.0001'}"
2025-05-20 08:00:00,1747728000000,0.0001,BTC/USDT:USDT,"{'formulaType': 'withRate', 'fundingRate': '0.0001', 'fundingTime': '1747728000000', 'instId': 'BTC-USDT-SWAP', 'instType': 'SWAP', 'method': 'current_period', 'realizedRate': '0.0001'}"
2025-05-20 08:00:00,1747728000000,0.0001,BTC/USDT:USDT,"{'formulaType': 'withRate', 'fundingRate': '0.0001', 'fundingTime': '1747728000000', 'instId': 'BTC-USDT-SWAP', 'instType': 'SWAP', 'method': 'current_period', 'realizedRate': '0.0001'}"
2025-05-20 08:00:00,1747728000000,0.0001,BTC/USDT:USDT,"{'formulaType': 'withRate', 'fundingRate': '0.0001', 'fundingTime': '1747728000000', 'instId': 'BTC-USDT-SWAP', 'instType': 'SWAP', 'method': 'current_period', 'realizedRate': '0.0001'}"
2025-05-20 08:00:00,1747728000000,0.0001,BTC/USDT:USDT,"{'formulaType': 'withRate', 'fundingRate': '0.0001', 'fundingTime': '1747728000000', 'instId': 'BTC-USDT-SWAP', 'instType': 'SWAP', 'method': 'current_period', 'realizedRate': '0.0001'}"
2025-05-20 08:00:00,1747728000000,0.0001,BTC/USDT:USDT,"{'formulaType': 'withRate', 'fundingRate': '0.0001', 'fundingTime': '1747728000000', 'instId': 'BTC-USDT-SWAP', 'instType': 'SWAP', 'method': 'current_period', 'realizedRate': '0.0001'}"
2025-05-20 08:00:00,1747728000000,0.0001,BTC/USDT:USDT,"{'formulaType': 'withRate', 'fundingRate': '0.0001', 'fundingTime': '1747728000000', 'instId': 'BTC-USDT-SWAP', 'instType': 'SWAP', 'method': 'current_period', 'realizedRate': '0.0001'}"
2025-05-20 08:00:00,1747728000000,0.0001,BTC/USDT:USDT,"{'formulaType': 'withRate', 'fundingRate': '0.0001', 'fundingTime': '1747728000000', 'instId': 'BTC-USDT-SWAP', 'instType': 'SWAP', 'method': 'current_period', 'realizedRate': '0.0001'}"
2025-05-20 08:00:00,1747728000000,0.0001,BTC/USDT:USDT,"{'formulaType': 'withRate', 'fundingRate': '0.0001', 'fundingTime': '1747728000000', 'instId': 'BTC-USDT-SWAP', 'instType': 'SWAP', 'method': 'current_period', 'realizedRate': '0.0001'}"
2025-05-20 08:00:00,1747728000000,0.0001,BTC/USDT:USDT,"{'formulaType': 'withRate', 'fundingRate': '0.0001', 'fundingTime': '1747728000000', 'instId': 'BTC-USDT-SWAP', 'instType': 'SWAP', 'method': 'current_period', 'realizedRate': '0.0001'}"
2025-05-20 08:00:00,1747728000000,0.0001,BTC/USDT:USDT,"{'formulaType': 'withRate', 'fundingRate': '0.0001', 'fundingTime': '1747728000000', 'instId': 'BTC-USDT-SWAP', 'instType': 'SWAP', 'method': 'current_period', 'realizedRate': '0.0001'}"
2025-05-20 08:00:00,1747728000000,0.0001,BTC/USDT:USDT,"{'formulaType': 'withRate', 'fundingRate': '0.0001', 'fundingTime': '1747728000000', 'instId': 'BTC-USDT-SWAP', 'instType': 'SWAP', 'method': 'current_period', 'realizedRate': '0.0001'}"
2025-05-20 08:00:00,1747728000000,0.0001,BTC/USDT:USDT,"{'formulaType': 'withRate', 'fundingRate': '0.0001', 'fundingTime': '1747728000000', 'instId': 'BTC-USDT-SWAP', 'instType': 'SWAP', 'method': 'current_period', 'realizedRate': '0.0001'}"
2025-05-20 08:00:00,1747728000000,0.0001,BTC/USDT:USDT,"{'formulaType': 'withRate', 'fundingRate': '0.0001', 'fundingTime': '1747728000000', 'instId': 'BTC-USDT-SWAP', 'instType': 'SWAP', 'method': 'current_period', 'realizedRate': '0.0001'}"
2025-05-20 08:00:00,1747728000000,0.0001,BTC/USDT:USDT,"{'formulaType': 'withRate', 'fundingRate': '0.0001', 'fundingTime': '1747728000000', 'instId': 'BTC-USDT-SWAP', 'instType': 'SWAP', 'method': 'current_period', 'realizedRate': '0.0001'}"
2025-05-20 08:00:00,1747728000000,0.0001,BTC/USDT:USDT,"{'formulaType': 'withRate', 'fundingRate': '0.0001', 'fundingTime': '1747728000000', 'instId': 'BTC-USDT-SWAP', 'instType': 'SWAP', 'method': 'current_period', 'realizedRate': '0.0001'}"
2025-05-20 08:00:00,1747728000000,0.0001,BTC/USDT:USDT,"{'formulaType': 'withRate', 'fundingRate': '0.0001', 'fundingTime': '1747728000000', 'instId': 'BTC-USDT-SWAP', 'instType': 'SWAP', 'method': 'current_period', 'realizedRate': '0.0001'}"
2025-05-20 08:00:00,1747728000000,0.0001,BTC/USDT:USDT,"{'formulaType': 'withRate', 'fundingRate': '0.0001', 'fundingTime': '1747728000000', 'instId': 'BTC-USDT-SWAP', 'instType': 'SWAP', 'method': 'current_period', 'realizedRate': '0.0001'}"
2025-05-20 08:00:00,1747728000000,0.0001,BTC/USDT:USDT,"{'formulaType': 'withRate', 'fundingRate': '0.0001', 'fundingTime': '1747728000000', 'instId': 'BTC-USDT-SWAP', 'instType': 'SWAP', 'method': 'current_period', 'realizedRate': '0.0001'}"
2025-05-20 08:00:00,1747728000000,0.0001,BTC/USDT:USDT,"{'formulaType': 'withRate', 'fundingRate': '0.0001', 'fundingTime': '1747728000000', 'instId': 'BTC-USDT-SWAP', 'instType': 'SWAP', 'method': 'current_period', 'realizedRate': '0.0001'}"
2025-05-20 08:00:00,1747728000000,0.0001,BTC/USDT:USDT,"{'formulaType': 'withRate', 'fundingRate': '0.0001', 'fundingTime': '1747728000000', 'instId': 'BTC-USDT-SWAP', 'instType': 'SWAP', 'method': 'current_period', 'realizedRate': '0.0001'}"
2025-05-20 08:00:00,1747728000000,0.0001,BTC/USDT:USDT,"{'formulaType': 'withRate', 'fundingRate': '0.0001', 'fundingTime': '1747728000000', 'instId': 'BTC-USDT-SWAP', 'instType': 'SWAP', 'method': 'current_period', 'realizedRate': '0.0001'}"
2025-05-20 08:00:00,1747728000000,0.0001,BTC/USDT:USDT,"{'formulaType': 'withRate', 'fundingRate': '0.0001', 'fundingTime': '1747728000000', 'instId': 'BTC-USDT-SWAP', 'instType': 'SWAP', 'method': 'current_period', 'realizedRate': '0.0001'}"
2025-05-20 08:00:00,1747728000000,0.0001,BTC/USDT:USDT,"{'formulaType': 'withRate', 'fundingRate': '0.0001', 'fundingTime': '1747728000000', 'instId': 'BTC-USDT-SWAP', 'instType': 'SWAP', 'method': 'current_period', 'realizedRate': '0.0001'}"
2025-05-20 08:00:00,1747728000000,0.0001,BTC/USDT:USDT,"{'formulaType': 'withRate', 'fundingRate': '0.0001', 'fundingTime': '1747728000000', 'instId': 'BTC-USDT-SWAP', 'instType': 'SWAP', 'method': 'current_period', 'realizedRate': '0.0001'}"
2025-05-20 08:00:00,1747728000000,0.0001,BTC/USDT:USDT,"{'formulaType': 'withRate', 'fundingRate': '0.0001', 'fundingTime': '1747728000000', 'instId': 'BTC-USDT-SWAP', 'instType': 'SWAP', 'method': 'current_period', 'realizedRate': '0.0001'}"
2025-05-20 08:00:00,1747728000000,0.0001,BTC/USDT:USDT,"{'formulaType': 'withRate', 'fundingRate': '0.0001', 'fundingTime': '1747728000000', 'instId': 'BTC-USDT-SWAP', 'instType': 'SWAP', 'method': 'current_period', 'realizedRate': '0.0001'}"
2025-05-20 08:00:00,1747728000000,0.0001,BTC/USDT:USDT,"{'formulaType': 'withRate', 'fundingRate': '0.0001', 'fundingTime': '1747728000000', 'instId': 'BTC-USDT-SWAP', 'instType': 'SWAP', 'method': 'current_period', 'realizedRate': '0.0001'}"
2025-05-20 08:00:00,1747728000000,0.0001,BTC/USDT:USDT,"{'formulaType': 'withRate', 'fundingRate': '0.0001', 'fundingTime': '1747728000000', 'instId': 'BTC-USDT-SWAP', 'instType': 'SWAP', 'method': 'current_period', 'realizedRate': '0.0001'}"
2025-05-20 08:00:00,1747728000000,0.0001,BTC/USDT:USDT,"{'formulaType': 'withRate', 'fundingRate': '0.0001', 'fundingTime': '1747728000000', 'instId': 'BTC-USDT-SWAP', 'instType': 'SWAP', 'method': 'current_period', 'realizedRate': '0.0001'}"
2025-05-20 16:00:00,1747756800000,7.21398014337e-05,BTC/USDT:USDT,"{'formulaType': 'withRate', 'fundingRate': '0.0000721398014337', 'fundingTime': '1747756800000', 'instId': 'BTC-USDT-SWAP', 'instType': 'SWAP', 'method': 'current_period', 'realizedRate': '0.0000721398014337'}"
2025-05-20 16:00:00,1747756800000,7.21398014337e-05,BTC/USDT:USDT,"{'formulaType': 'withRate', 'fundingRate': '0.0000721398014337', 'fundingTime': '1747756800000', 'instId': 'BTC-USDT-SWAP', 'instType': 'SWAP', 'method': 'current_period', 'realizedRate': '0.0000721398014337'}"
2025-05-20 16:00:00,1747756800000,7.21398014337e-05,BTC/USDT:USDT,"{'formulaType': 'withRate', 'fundingRate': '0.0000721398014337', 'fundingTime': '1747756800000', 'instId': 'BTC-USDT-SWAP', 'instType': 'SWAP', 'method': 'current_period', 'realizedRate': '0.0000721398014337'}"
2025-05-20 16:00:00,1747756800000,7.21398014337e-05,BTC/USDT:USDT,"{'formulaType': 'withRate', 'fundingRate': '0.0000721398014337', 'fundingTime': '1747756800000', 'instId': 'BTC-USDT-SWAP', 'instType': 'SWAP', 'method': 'current_period', 'realizedRate': '0.0000721398014337'}"
2025-05-20 16:00:00,1747756800000,7.21398014337e-05,BTC/USDT:USDT,"{'formulaType': 'withRate', 'fundingRate': '0.0000721398014337', 'fundingTime': '1747756800000', 'instId': 'BTC-USDT-SWAP', 'instType': 'SWAP', 'method': 'current_period', 'realizedRate': '0.0000721398014337'}"
2025-05-20 16:00:00,1747756800000,7.21398014337e-05,BTC/USDT:USDT,"{'formulaType': 'withRate', 'fundingRate': '0.0000721398014337', 'fundingTime': '1747756800000', 'instId': 'BTC-USDT-SWAP', 'instType': 'SWAP', 'method': 'current_period', 'realizedRate': '0.0000721398014337'}"
2025-05-20 16:00:00,1747756800000,7.21398014337e-05,BTC/USDT:USDT,"{'formulaType': 'withRate', 'fundingRate': '0.0000721398014337', 'fundingTime': '1747756800000', 'instId': 'BTC-USDT-SWAP', 'instType': 'SWAP', 'method': 'current_period', 'realizedRate': '0.0000721398014337'}"
2025-05-20 16:00:00,1747756800000,7.21398014337e-05,BTC/USDT:USDT,"{'formulaType': 'withRate', 'fundingRate': '0.0000721398014337', 'fundingTime': '1747756800000', 'instId': 'BTC-USDT-SWAP', 'instType': 'SWAP', 'method': 'current_period', 'realizedRate': '0.0000721398014337'}"
2025-05-20 16:00:00,1747756800000,7.21398014337e-05,BTC/USDT:USDT,"{'formulaType': 'withRate', 'fundingRate': '0.0000721398014337', 'fundingTime': '1747756800000', 'instId': 'BTC-USDT-SWAP', 'instType': 'SWAP', 'method': 'current_period', 'realizedRate': '0.0000721398014337'}"
2025-05-20 16:00:00,1747756800000,7.21398014337e-05,BTC/USDT:USDT,"{'formulaType': 'withRate', 'fundingRate': '0.0000721398014337', 'fundingTime': '1747756800000', 'instId': 'BTC-USDT-SWAP', 'instType': 'SWAP', 'method': 'current_period', 'realizedRate': '0.0000721398014337'}"
2025-05-20 16:00:00,1747756800000,7.21398014337e-05,BTC/USDT:USDT,"{'formulaType': 'withRate', 'fundingRate': '0.0000721398014337', 'fundingTime': '1747756800000', 'instId': 'BTC-USDT-SWAP', 'instType': 'SWAP', 'method': 'current_period', 'realizedRate': '0.0000721398014337'}"
2025-05-20 16:00:00,1747756800000,7.21398014337e-05,BTC/USDT:USDT,"{'formulaType': 'withRate', 'fundingRate': '0.0000721398014337', 'fundingTime': '1747756800000', 'instId': 'BTC-USDT-SWAP', 'instType': 'SWAP', 'method': 'current_period', 'realizedRate': '0.0000721398014337'}"
2025-05-20 16:00:00,1747756800000,7.21398014337e-05,BTC/USDT:USDT,"{'formulaType': 'withRate', 'fundingRate': '0.0000721398014337', 'fundingTime': '1747756800000', 'instId': 'BTC-USDT-SWAP', 'instType': 'SWAP', 'method': 'current_period', 'realizedRate': '0.0000721398014337'}"
2025-05-20 16:00:00,1747756800000,7.21398014337e-05,BTC/USDT:USDT,"{'formulaType': 'withRate', 'fundingRate': '0.0000721398014337', 'fundingTime': '1747756800000', 'instId': 'BTC-USDT-SWAP', 'instType': 'SWAP', 'method': 'current_period', 'realizedRate': '0.0000721398014337'}"
2025-05-20 16:00:00,1747756800000,7.21398014337e-05,BTC/USDT:USDT,"{'formulaType': 'withRate', 'fundingRate': '0.0000721398014337', 'fundingTime': '1747756800000', 'instId': 'BTC-USDT-SWAP', 'instType': 'SWAP', 'method': 'current_period', 'realizedRate': '0.0000721398014337'}"
2025-05-20 16:00:00,1747756800000,7.21398014337e-05,BTC/USDT:USDT,"{'formulaType': 'withRate', 'fundingRate': '0.0000721398014337', 'fundingTime': '1747756800000', 'instId': 'BTC-USDT-SWAP', 'instType': 'SWAP', 'method': 'current_period', 'realizedRate': '0.0000721398014337'}"
2025-05-20 16:00:00,1747756800000,7.21398014337e-05,BTC/USDT:USDT,"{'formulaType': 'withRate', 'fundingRate': '0.0000721398014337', 'fundingTime': '1747756800000', 'instId': 'BTC-USDT-SWAP', 'instType': 'SWAP', 'method': 'current_period', 'realizedRate': '0.0000721398014337'}"
2025-05-20 16:00:00,1747756800000,7.21398014337e-05,BTC/USDT:USDT,"{'formulaType': 'withRate', 'fundingRate': '0.0000721398014337', 'fundingTime': '1747756800000', 'instId': 'BTC-USDT-SWAP', 'instType': 'SWAP', 'method': 'current_period', 'realizedRate': '0.0000721398014337'}"
2025-05-20 16:00:00,1747756800000,7.21398014337e-05,BTC/USDT:USDT,"{'formulaType': 'withRate', 'fundingRate': '0.0000721398014337', 'fundingTime': '1747756800000', 'instId': 'BTC-USDT-SWAP', 'instType': 'SWAP', 'method': 'current_period', 'realizedRate': '0.0000721398014337'}"
2025-05-20 16:00:00,1747756800000,7.21398014337e-05,BTC/USDT:USDT,"{'formulaType': 'withRate', 'fundingRate': '0.0000721398014337', 'fundingTime': '1747756800000', 'instId': 'BTC-USDT-SWAP', 'instType': 'SWAP', 'method': 'current_period', 'realizedRate': '0.0000721398014337'}"
2025-05-20 16:00:00,1747756800000,7.21398014337e-05,BTC/USDT:USDT,"{'formulaType': 'withRate', 'fundingRate': '0.0000721398014337', 'fundingTime': '1747756800000', 'instId': 'BTC-USDT-SWAP', 'instType': 'SWAP', 'method': 'current_period', 'realizedRate': '0.0000721398014337'}"
2025-05-20 16:00:00,1747756800000,7.21398014337e-05,BTC/USDT:USDT,"{'formulaType': 'withRate', 'fundingRate': '0.0000721398014337', 'fundingTime': '1747756800000', 'instId': 'BTC-USDT-SWAP', 'instType': 'SWAP', 'method': 'current_period', 'realizedRate': '0.0000721398014337'}"
2025-05-20 16:00:00,1747756800000,7.21398014337e-05,BTC/USDT:USDT,"{'formulaType': 'withRate', 'fundingRate': '0.0000721398014337', 'fundingTime': '1747756800000', 'instId': 'BTC-USDT-SWAP', 'instType': 'SWAP', 'method': 'current_period', 'realizedRate': '0.0000721398014337'}"
2025-05-20 16:00:00,1747756800000,7.21398014337e-05,BTC/USDT:USDT,"{'formulaType': 'withRate', 'fundingRate': '0.0000721398014337', 'fundingTime': '1747756800000', 'instId': 'BTC-USDT-SWAP', 'instType': 'SWAP', 'method': 'current_period', 'realizedRate': '0.0000721398014337'}"
2025-05-20 16:00:00,1747756800000,7.21398014337e-05,BTC/USDT:USDT,"{'formulaType': 'withRate', 'fundingRate': '0.0000721398014337', 'fundingTime': '1747756800000', 'instId': 'BTC-USDT-SWAP', 'instType': 'SWAP', 'method': 'current_period', 'realizedRate': '0.0000721398014337'}"
2025-05-20 16:00:00,1747756800000,7.21398014337e-05,BTC/USDT:USDT,"{'formulaType': 'withRate', 'fundingRate': '0.0000721398014337', 'fundingTime': '1747756800000', 'instId': 'BTC-USDT-SWAP', 'instType': 'SWAP', 'method': 'current_period', 'realizedRate': '0.0000721398014337'}"
2025-05-20 16:00:00,1747756800000,7.21398014337e-05,BTC/USDT:USDT,"{'formulaType': 'withRate', 'fundingRate': '0.0000721398014337', 'fundingTime': '1747756800000', 'instId': 'BTC-USDT-SWAP', 'instType': 'SWAP', 'method': 'current_period', 'realizedRate': '0.0000721398014337'}"
2025-05-20 16:00:00,1747756800000,7.21398014337e-05,BTC/USDT:USDT,"{'formulaType': 'withRate', 'fundingRate': '0.0000721398014337', 'fundingTime': '1747756800000', 'instId': 'BTC-USDT-SWAP', 'instType': 'SWAP', 'method': 'current_period', 'realizedRate': '0.0000721398014337'}"
2025-05-20 16:00:00,1747756800000,7.21398014337e-05,BTC/USDT:USDT,"{'formulaType': 'withRate', 'fundingRate': '0.0000721398014337', 'fundingTime': '1747756800000', 'instId': 'BTC-USDT-SWAP', 'instType': 'SWAP', 'method': 'current_period', 'realizedRate': '0.0000721398014337'}"
2025-05-20 16:00:00,1747756800000,7.21398014337e-05,BTC/USDT:USDT,"{'formulaType': 'withRate', 'fundingRate': '0.0000721398014337', 'fundingTime': '1747756800000', 'instId': 'BTC-USDT-SWAP', 'instType': 'SWAP', 'method': 'current_period', 'realizedRate': '0.0000721398014337'}"
2025-05-20 16:00:00,1747756800000,7.21398014337e-05,BTC/USDT:USDT,"{'formulaType': 'withRate', 'fundingRate': '0.0000721398014337', 'fundingTime': '1747756800000', 'instId': 'BTC-USDT-SWAP', 'instType': 'SWAP', 'method': 'current_period', 'realizedRate': '0.0000721398014337'}"
2025-05-20 16:00:00,1747756800000,7.21398014337e-05,BTC/USDT:USDT,"{'formulaType': 'withRate', 'fundingRate': '0.0000721398014337', 'fundingTime': '1747756800000', 'instId': 'BTC-USDT-SWAP', 'instType': 'SWAP', 'method': 'current_period', 'realizedRate': '0.0000721398014337'}"
2025-05-20 16:00:00,1747756800000,7.21398014337e-05,BTC/USDT:USDT,"{'formulaType': 'withRate', 'fundingRate': '0.0000721398014337', 'fundingTime': '1747756800000', 'instId': 'BTC-USDT-SWAP', 'instType': 'SWAP', 'method': 'current_period', 'realizedRate': '0.0000721398014337'}"
2025-05-20 16:00:00,1747756800000,7.21398014337e-05,BTC/USDT:USDT,"{'formulaType': 'withRate', 'fundingRate': '0.0000721398014337', 'fundingTime': '1747756800000', 'instId': 'BTC-USDT-SWAP', 'instType': 'SWAP', 'method': 'current_period', 'realizedRate': '0.0000721398014337'}"
2025-05-20 16:00:00,1747756800000,7.21398014337e-05,BTC/USDT:USDT,"{'formulaType': 'withRate', 'fundingRate': '0.0000721398014337', 'fundingTime': '1747756800000', 'instId': 'BTC-USDT-SWAP', 'instType': 'SWAP', 'method': 'current_period', 'realizedRate': '0.0000721398014337'}"
2025-05-20 16:00:00,1747756800000,7.21398014337e-05,BTC/USDT:USDT,"{'formulaType': 'withRate', 'fundingRate': '0.0000721398014337', 'fundingTime': '1747756800000', 'instId': 'BTC-USDT-SWAP', 'instType': 'SWAP', 'method': 'current_period', 'realizedRate': '0.0000721398014337'}"
2025-05-20 16:00:00,1747756800000,7.21398014337e-05,BTC/USDT:USDT,"{'formulaType': 'withRate', 'fundingRate': '0.0000721398014337', 'fundingTime': '1747756800000', 'instId': 'BTC-USDT-SWAP', 'instType': 'SWAP', 'method': 'current_period', 'realizedRate': '0.0000721398014337'}"
2025-05-21 00:00:00,1747785600000,7.31866294177e-05,BTC/USDT:USDT,"{'formulaType': 'withRate', 'fundingRate': '0.0000731866294177', 'fundingTime': '1747785600000', 'instId': 'BTC-USDT-SWAP', 'instType': 'SWAP', 'method': 'current_period', 'realizedRate': '0.0000731866294177'}"
2025-05-21 00:00:00,1747785600000,7.31866294177e-05,BTC/USDT:USDT,"{'formulaType': 'withRate', 'fundingRate': '0.0000731866294177', 'fundingTime': '1747785600000', 'instId': 'BTC-USDT-SWAP', 'instType': 'SWAP', 'method': 'current_period', 'realizedRate': '0.0000731866294177'}"
2025-05-21 00:00:00,1747785600000,7.31866294177e-05,BTC/USDT:USDT,"{'formulaType': 'withRate', 'fundingRate': '0.0000731866294177', 'fundingTime': '1747785600000', 'instId': 'BTC-USDT-SWAP', 'instType': 'SWAP', 'method': 'current_period', 'realizedRate': '0.0000731866294177'}"
2025-05-21 00:00:00,1747785600000,7.31866294177e-05,BTC/USDT:USDT,"{'formulaType': 'withRate', 'fundingRate': '0.0000731866294177', 'fundingTime': '1747785600000', 'instId': 'BTC-USDT-SWAP', 'instType': 'SWAP', 'method': 'current_period', 'realizedRate': '0.0000731866294177'}"
2025-05-21 00:00:00,1747785600000,7.31866294177e-05,BTC/USDT:USDT,"{'formulaType': 'withRate', 'fundingRate': '0.0000731866294177', 'fundingTime': '1747785600000', 'instId': 'BTC-USDT-SWAP', 'instType': 'SWAP', 'method': 'current_period', 'realizedRate': '0.0000731866294177'}"
2025-05-21 00:00:00,1747785600000,7.31866294177e-05,BTC/USDT:USDT,"{'formulaType': 'withRate', 'fundingRate': '0.0000731866294177', 'fundingTime': '1747785600000', 'instId': 'BTC-USDT-SWAP', 'instType': 'SWAP', 'method': 'current_period', 'realizedRate': '0.0000731866294177'}"
2025-05-21 00:00:00,1747785600000,7.31866294177e-05,BTC/USDT:USDT,"{'formulaType': 'withRate', 'fundingRate': '0.0000731866294177', 'fundingTime': '1747785600000', 'instId': 'BTC-USDT-SWAP', 'instType': 'SWAP', 'method': 'current_period', 'realizedRate': '0.0000731866294177'}"
2025-05-21 00:00:00,1747785600000,7.31866294177e-05,BTC/USDT:USDT,"{'formulaType': 'withRate', 'fundingRate': '0.0000731866294177', 'fundingTime': '1747785600000', 'instId': 'BTC-USDT-SWAP', 'instType': 'SWAP', 'method': 'current_period', 'realizedRate': '0.0000731866294177'}"
2025-05-21 00:00:00,1747785600000,7.31866294177e-05,BTC/USDT:USDT,"{'formulaType': 'withRate', 'fundingRate': '0.0000731866294177', 'fundingTime': '1747785600000', 'instId': 'BTC-USDT-SWAP', 'instType': 'SWAP', 'method': 'current_period', 'realizedRate': '0.0000731866294177'}"
2025-05-21 00:00:00,1747785600000,7.31866294177e-05,BTC/USDT:USDT,"{'formulaType': 'withRate', 'fundingRate': '0.0000731866294177', 'fundingTime': '1747785600000', 'instId': 'BTC-USDT-SWAP', 'instType': 'SWAP', 'method': 'current_period', 'realizedRate': '0.0000731866294177'}"
2025-05-21 00:00:00,1747785600000,7.31866294177e-05,BTC/USDT:USDT,"{'formulaType': 'withRate', 'fundingRate': '0.0000731866294177', 'fundingTime': '1747785600000', 'instId': 'BTC-USDT-SWAP', 'instType': 'SWAP', 'method': 'current_period', 'realizedRate': '0.0000731866294177'}"
2025-05-21 00:00:00,1747785600000,7.31866294177e-05,BTC/USDT:USDT,"{'formulaType': 'withRate', 'fundingRate': '0.0000731866294177', 'fundingTime': '1747785600000', 'instId': 'BTC-USDT-SWAP', 'instType': 'SWAP', 'method': 'current_period', 'realizedRate': '0.0000731866294177'}"
2025-05-21 00:00:00,1747785600000,7.31866294177e-05,BTC/USDT:USDT,"{'formulaType': 'withRate', 'fundingRate': '0.0000731866294177', 'fundingTime': '1747785600000', 'instId': 'BTC-USDT-SWAP', 'instType': 'SWAP', 'method': 'current_period', 'realizedRate': '0.0000731866294177'}"
2025-05-21 00:00:00,1747785600000,7.31866294177e-05,BTC/USDT:USDT,"{'formulaType': 'withRate', 'fundingRate': '0.0000731866294177', 'fundingTime': '1747785600000', 'instId': 'BTC-USDT-SWAP', 'instType': 'SWAP', 'method': 'current_period', 'realizedRate': '0.0000731866294177'}"
2025-05-21 00:00:00,1747785600000,7.31866294177e-05,BTC/USDT:USDT,"{'formulaType': 'withRate', 'fundingRate': '0.0000731866294177', 'fundingTime': '1747785600000', 'instId': 'BTC-USDT-SWAP', 'instType': 'SWAP', 'method': 'current_period', 'realizedRate': '0.0000731866294177'}"
2025-05-21 00:00:00,1747785600000,7.31866294177e-05,BTC/USDT:USDT,"{'formulaType': 'withRate', 'fundingRate': '0.0000731866294177', 'fundingTime': '1747785600000', 'instId': 'BTC-USDT-SWAP', 'instType': 'SWAP', 'method': 'current_period', 'realizedRate': '0.0000731866294177'}"
2025-05-21 00:00:00,1747785600000,7.31866294177e-05,BTC/USDT:USDT,"{'formulaType': 'withRate', 'fundingRate': '0.0000731866294177', 'fundingTime': '1747785600000', 'instId': 'BTC-USDT-SWAP', 'instType': 'SWAP', 'method': 'current_period', 'realizedRate': '0.0000731866294177'}"
2025-05-21 00:00:00,1747785600000,7.31866294177e-05,BTC/USDT:USDT,"{'formulaType': 'withRate', 'fundingRate': '0.0000731866294177', 'fundingTime': '1747785600000', 'instId': 'BTC-USDT-SWAP', 'instType': 'SWAP', 'method': 'current_period', 'realizedRate': '0.0000731866294177'}"
2025-05-21 00:00:00,1747785600000,7.31866294177e-05,BTC/USDT:USDT,"{'formulaType': 'withRate', 'fundingRate': '0.0000731866294177', 'fundingTime': '1747785600000', 'instId': 'BTC-USDT-SWAP', 'instType': 'SWAP', 'method': 'current_period', 'realizedRate': '0.0000731866294177'}"
2025-05-21 00:00:00,1747785600000,7.31866294177e-05,BTC/USDT:USDT,"{'formulaType': 'withRate', 'fundingRate': '0.0000731866294177', 'fundingTime': '1747785600000', 'instId': 'BTC-USDT-SWAP', 'instType': 'SWAP', 'method': 'current_period', 'realizedRate': '0.0000731866294177'}"
2025-05-21 00:00:00,1747785600000,7.31866294177e-05,BTC/USDT:USDT,"{'formulaType': 'withRate', 'fundingRate': '0.0000731866294177', 'fundingTime': '1747785600000', 'instId': 'BTC-USDT-SWAP', 'instType': 'SWAP', 'method': 'current_period', 'realizedRate': '0.0000731866294177'}"
2025-05-21 00:00:00,1747785600000,7.31866294177e-05,BTC/USDT:USDT,"{'formulaType': 'withRate', 'fundingRate': '0.0000731866294177', 'fundingTime': '1747785600000', 'instId': 'BTC-USDT-SWAP', 'instType': 'SWAP', 'method': 'current_period', 'realizedRate': '0.0000731866294177'}"
2025-05-21 00:00:00,1747785600000,7.31866294177e-05,BTC/USDT:USDT,"{'formulaType': 'withRate', 'fundingRate': '0.0000731866294177', 'fundingTime': '1747785600000', 'instId': 'BTC-USDT-SWAP', 'instType': 'SWAP', 'method': 'current_period', 'realizedRate': '0.0000731866294177'}"
2025-05-21 00:00:00,1747785600000,7.31866294177e-05,BTC/USDT:USDT,"{'formulaType': 'withRate', 'fundingRate': '0.0000731866294177', 'fundingTime': '1747785600000', 'instId': 'BTC-USDT-SWAP', 'instType': 'SWAP', 'method': 'current_period', 'realizedRate': '0.0000731866294177'}"
2025-05-21 00:00:00,1747785600000,7.31866294177e-05,BTC/USDT:USDT,"{'formulaType': 'withRate', 'fundingRate': '0.0000731866294177', 'fundingTime': '1747785600000', 'instId': 'BTC-USDT-SWAP', 'instType': 'SWAP', 'method': 'current_period', 'realizedRate': '0.0000731866294177'}"
2025-05-21 00:00:00,1747785600000,7.31866294177e-05,BTC/USDT:USDT,"{'formulaType': 'withRate', 'fundingRate': '0.0000731866294177', 'fundingTime': '1747785600000', 'instId': 'BTC-USDT-SWAP', 'instType': 'SWAP', 'method': 'current_period', 'realizedRate': '0.0000731866294177'}"
2025-05-21 00:00:00,1747785600000,7.31866294177e-05,BTC/USDT:USDT,"{'formulaType': 'withRate', 'fundingRate': '0.0000731866294177', 'fundingTime': '1747785600000', 'instId': 'BTC-USDT-SWAP', 'instType': 'SWAP', 'method': 'current_period', 'realizedRate': '0.0000731866294177'}"
2025-05-21 00:00:00,1747785600000,7.31866294177e-05,BTC/USDT:USDT,"{'formulaType': 'withRate', 'fundingRate': '0.0000731866294177', 'fundingTime': '1747785600000', 'instId': 'BTC-USDT-SWAP', 'instType': 'SWAP', 'method': 'current_period', 'realizedRate': '0.0000731866294177'}"
2025-05-21 00:00:00,1747785600000,7.31866294177e-05,BTC/USDT:USDT,"{'formulaType': 'withRate', 'fundingRate': '0.0000731866294177', 'fundingTime': '1747785600000', 'instId': 'BTC-USDT-SWAP', 'instType': 'SWAP', 'method': 'current_period', 'realizedRate': '0.0000731866294177'}"
2025-05-21 00:00:00,1747785600000,7.31866294177e-05,BTC/USDT:USDT,"{'formulaType': 'withRate', 'fundingRate': '0.0000731866294177', 'fundingTime': '1747785600000', 'instId': 'BTC-USDT-SWAP', 'instType': 'SWAP', 'method': 'current_period', 'realizedRate': '0.0000731866294177'}"
2025-05-21 00:00:00,1747785600000,7.31866294177e-05,BTC/USDT:USDT,"{'formulaType': 'withRate', 'fundingRate': '0.0000731866294177', 'fundingTime': '1747785600000', 'instId': 'BTC-USDT-SWAP', 'instType': 'SWAP', 'method': 'current_period', 'realizedRate': '0.0000731866294177'}"
2025-05-21 00:00:00,1747785600000,7.31866294177e-05,BTC/USDT:USDT,"{'formulaType': 'withRate', 'fundingRate': '0.0000731866294177', 'fundingTime': '1747785600000', 'instId': 'BTC-USDT-SWAP', 'instType': 'SWAP', 'method': 'current_period', 'realizedRate': '0.0000731866294177'}"
2025-05-21 00:00:00,1747785600000,7.31866294177e-05,BTC/USDT:USDT,"{'formulaType': 'withRate', 'fundingRate': '0.0000731866294177', 'fundingTime': '1747785600000', 'instId': 'BTC-USDT-SWAP', 'instType': 'SWAP', 'method': 'current_period', 'realizedRate': '0.0000731866294177'}"
2025-05-21 00:00:00,1747785600000,7.31866294177e-05,BTC/USDT:USDT,"{'formulaType': 'withRate', 'fundingRate': '0.0000731866294177', 'fundingTime': '1747785600000', 'instId': 'BTC-USDT-SWAP', 'instType': 'SWAP', 'method': 'current_period', 'realizedRate': '0.0000731866294177'}"
2025-05-21 00:00:00,1747785600000,7.31866294177e-05,BTC/USDT:USDT,"{'formulaType': 'withRate', 'fundingRate': '0.0000731866294177', 'fundingTime': '1747785600000', 'instId': 'BTC-USDT-SWAP', 'instType': 'SWAP', 'method': 'current_period', 'realizedRate': '0.0000731866294177'}"
2025-05-21 00:00:00,1747785600000,7.31866294177e-05,BTC/USDT:USDT,"{'formulaType': 'withRate', 'fundingRate': '0.0000731866294177', 'fundingTime': '1747785600000', 'instId': 'BTC-USDT-SWAP', 'instType': 'SWAP', 'method': 'current_period', 'realizedRate': '0.0000731866294177'}"
2025-05-21 00:00:00,1747785600000,7.31866294177e-05,BTC/USDT:USDT,"{'formulaType': 'withRate', 'fundingRate': '0.0000731866294177', 'fundingTime': '1747785600000', 'instId': 'BTC-USDT-SWAP', 'instType': 'SWAP', 'method': 'current_period', 'realizedRate': '0.0000731866294177'}"
2025-05-21 08:00:00,1747814400000,0.0001,BTC/USDT:USDT,"{'formulaType': 'withRate', 'fundingRate': '0.0001', 'fundingTime': '1747814400000', 'instId': 'BTC-USDT-SWAP', 'instType': 'SWAP', 'method': 'current_period', 'realizedRate': '0.0001'}"
2025-05-21 08:00:00,1747814400000,0.0001,BTC/USDT:USDT,"{'formulaType': 'withRate', 'fundingRate': '0.0001', 'fundingTime': '1747814400000', 'instId': 'BTC-USDT-SWAP', 'instType': 'SWAP', 'method': 'current_period', 'realizedRate': '0.0001'}"
2025-05-21 08:00:00,1747814400000,0.0001,BTC/USDT:USDT,"{'formulaType': 'withRate', 'fundingRate': '0.0001', 'fundingTime': '1747814400000', 'instId': 'BTC-USDT-SWAP', 'instType': 'SWAP', 'method': 'current_period', 'realizedRate': '0.0001'}"
2025-05-21 08:00:00,1747814400000,0.0001,BTC/USDT:USDT,"{'formulaType': 'withRate', 'fundingRate': '0.0001', 'fundingTime': '1747814400000', 'instId': 'BTC-USDT-SWAP', 'instType': 'SWAP', 'method': 'current_period', 'realizedRate': '0.0001'}"
2025-05-21 08:00:00,1747814400000,0.0001,BTC/USDT:USDT,"{'formulaType': 'withRate', 'fundingRate': '0.0001', 'fundingTime': '1747814400000', 'instId': 'BTC-USDT-SWAP', 'instType': 'SWAP', 'method': 'current_period', 'realizedRate': '0.0001'}"
2025-05-21 08:00:00,1747814400000,0.0001,BTC/USDT:USDT,"{'formulaType': 'withRate', 'fundingRate': '0.0001', 'fundingTime': '1747814400000', 'instId': 'BTC-USDT-SWAP', 'instType': 'SWAP', 'method': 'current_period', 'realizedRate': '0.0001'}"
2025-05-21 08:00:00,1747814400000,0.0001,BTC/USDT:USDT,"{'formulaType': 'withRate', 'fundingRate': '0.0001', 'fundingTime': '1747814400000', 'instId': 'BTC-USDT-SWAP', 'instType': 'SWAP', 'method': 'current_period', 'realizedRate': '0.0001'}"
2025-05-21 08:00:00,1747814400000,0.0001,BTC/USDT:USDT,"{'formulaType': 'withRate', 'fundingRate': '0.0001', 'fundingTime': '1747814400000', 'instId': 'BTC-USDT-SWAP', 'instType': 'SWAP', 'method': 'current_period', 'realizedRate': '0.0001'}"
2025-05-21 08:00:00,1747814400000,0.0001,BTC/USDT:USDT,"{'formulaType': 'withRate', 'fundingRate': '0.0001', 'fundingTime': '1747814400000', 'instId': 'BTC-USDT-SWAP', 'instType': 'SWAP', 'method': 'current_period', 'realizedRate': '0.0001'}"
2025-05-21 08:00:00,1747814400000,0.0001,BTC/USDT:USDT,"{'formulaType': 'withRate', 'fundingRate': '0.0001', 'fundingTime': '1747814400000', 'instId': 'BTC-USDT-SWAP', 'instType': 'SWAP', 'method': 'current_period', 'realizedRate': '0.0001'}"
2025-05-21 08:00:00,1747814400000,0.0001,BTC/USDT:USDT,"{'formulaType': 'withRate', 'fundingRate': '0.0001', 'fundingTime': '1747814400000', 'instId': 'BTC-USDT-SWAP', 'instType': 'SWAP', 'method': 'current_period', 'realizedRate': '0.0001'}"
2025-05-21 08:00:00,1747814400000,0.0001,BTC/USDT:USDT,"{'formulaType': 'withRate', 'fundingRate': '0.0001', 'fundingTime': '1747814400000', 'instId': 'BTC-USDT-SWAP', 'instType': 'SWAP', 'method': 'current_period', 'realizedRate': '0.0001'}"
2025-05-21 08:00:00,1747814400000,0.0001,BTC/USDT:USDT,"{'formulaType': 'withRate', 'fundingRate': '0.0001', 'fundingTime': '1747814400000', 'instId': 'BTC-USDT-SWAP', 'instType': 'SWAP', 'method': 'current_period', 'realizedRate': '0.0001'}"
2025-05-21 08:00:00,1747814400000,0.0001,BTC/USDT:USDT,"{'formulaType': 'withRate', 'fundingRate': '0.0001', 'fundingTime': '1747814400000', 'instId': 'BTC-USDT-SWAP', 'instType': 'SWAP', 'method': 'current_period', 'realizedRate': '0.0001'}"
2025-05-21 08:00:00,1747814400000,0.0001,BTC/USDT:USDT,"{'formulaType': 'withRate', 'fundingRate': '0.0001', 'fundingTime': '1747814400000', 'instId': 'BTC-USDT-SWAP', 'instType': 'SWAP', 'method': 'current_period', 'realizedRate': '0.0001'}"
2025-05-21 08:00:00,1747814400000,0.0001,BTC/USDT:USDT,"{'formulaType': 'withRate', 'fundingRate': '0.0001', 'fundingTime': '1747814400000', 'instId': 'BTC-USDT-SWAP', 'instType': 'SWAP', 'method': 'current_period', 'realizedRate': '0.0001'}"
2025-05-21 08:00:00,1747814400000,0.0001,BTC/USDT:USDT,"{'formulaType': 'withRate', 'fundingRate': '0.0001', 'fundingTime': '1747814400000', 'instId': 'BTC-USDT-SWAP', 'instType': 'SWAP', 'method': 'current_period', 'realizedRate': '0.0001'}"
2025-05-21 08:00:00,1747814400000,0.0001,BTC/USDT:USDT,"{'formulaType': 'withRate', 'fundingRate': '0.0001', 'fundingTime': '1747814400000', 'instId': 'BTC-USDT-SWAP', 'instType': 'SWAP', 'method': 'current_period', 'realizedRate': '0.0001'}"
2025-05-21 08:00:00,1747814400000,0.0001,BTC/USDT:USDT,"{'formulaType': 'withRate', 'fundingRate': '0.0001', 'fundingTime': '1747814400000', 'instId': 'BTC-USDT-SWAP', 'instType': 'SWAP', 'method': 'current_period', 'realizedRate': '0.0001'}"
2025-05-21 08:00:00,1747814400000,0.0001,BTC/USDT:USDT,"{'formulaType': 'withRate', 'fundingRate': '0.0001', 'fundingTime': '1747814400000', 'instId': 'BTC-USDT-SWAP', 'instType': 'SWAP', 'method': 'current_period', 'realizedRate': '0.0001'}"
2025-05-21 08:00:00,1747814400000,0.0001,BTC/USDT:USDT,"{'formulaType': 'withRate', 'fundingRate': '0.0001', 'fundingTime': '1747814400000', 'instId': 'BTC-USDT-SWAP', 'instType': 'SWAP', 'method': 'current_period', 'realizedRate': '0.0001'}"
2025-05-21 08:00:00,1747814400000,0.0001,BTC/USDT:USDT,"{'formulaType': 'withRate', 'fundingRate': '0.0001', 'fundingTime': '1747814400000', 'instId': 'BTC-USDT-SWAP', 'instType': 'SWAP', 'method': 'current_period', 'realizedRate': '0.0001'}"
2025-05-21 08:00:00,1747814400000,0.0001,BTC/USDT:USDT,"{'formulaType': 'withRate', 'fundingRate': '0.0001', 'fundingTime': '1747814400000', 'instId': 'BTC-USDT-SWAP', 'instType': 'SWAP', 'method': 'current_period', 'realizedRate': '0.0001'}"
2025-05-21 08:00:00,1747814400000,0.0001,BTC/USDT:USDT,"{'formulaType': 'withRate', 'fundingRate': '0.0001', 'fundingTime': '1747814400000', 'instId': 'BTC-USDT-SWAP', 'instType': 'SWAP', 'method': 'current_period', 'realizedRate': '0.0001'}"
2025-05-21 08:00:00,1747814400000,0.0001,BTC/USDT:USDT,"{'formulaType': 'withRate', 'fundingRate': '0.0001', 'fundingTime': '1747814400000', 'instId': 'BTC-USDT-SWAP', 'instType': 'SWAP', 'method': 'current_period', 'realizedRate': '0.0001'}"
2025-05-21 08:00:00,1747814400000,0.0001,BTC/USDT:USDT,"{'formulaType': 'withRate', 'fundingRate': '0.0001', 'fundingTime': '1747814400000', 'instId': 'BTC-USDT-SWAP', 'instType': 'SWAP', 'method': 'current_period', 'realizedRate': '0.0001'}"
2025-05-21 08:00:00,1747814400000,0.0001,BTC/USDT:USDT,"{'formulaType': 'withRate', 'fundingRate': '0.0001', 'fundingTime': '1747814400000', 'instId': 'BTC-USDT-SWAP', 'instType': 'SWAP', 'method': 'current_period', 'realizedRate': '0.0001'}"
2025-05-21 08:00:00,1747814400000,0.0001,BTC/USDT:USDT,"{'formulaType': 'withRate', 'fundingRate': '0.0001', 'fundingTime': '1747814400000', 'instId': 'BTC-USDT-SWAP', 'instType': 'SWAP', 'method': 'current_period', 'realizedRate': '0.0001'}"
2025-05-21 08:00:00,1747814400000,0.0001,BTC/USDT:USDT,"{'formulaType': 'withRate', 'fundingRate': '0.0001', 'fundingTime': '1747814400000', 'instId': 'BTC-USDT-SWAP', 'instType': 'SWAP', 'method': 'current_period', 'realizedRate': '0.0001'}"
2025-05-21 08:00:00,1747814400000,0.0001,BTC/USDT:USDT,"{'formulaType': 'withRate', 'fundingRate': '0.0001', 'fundingTime': '1747814400000', 'instId': 'BTC-USDT-SWAP', 'instType': 'SWAP', 'method': 'current_period', 'realizedRate': '0.0001'}"
2025-05-21 08:00:00,1747814400000,0.0001,BTC/USDT:USDT,"{'formulaType': 'withRate', 'fundingRate': '0.0001', 'fundingTime': '1747814400000', 'instId': 'BTC-USDT-SWAP', 'instType': 'SWAP', 'method': 'current_period', 'realizedRate': '0.0001'}"
2025-05-21 08:00:00,1747814400000,0.0001,BTC/USDT:USDT,"{'formulaType': 'withRate', 'fundingRate': '0.0001', 'fundingTime': '1747814400000', 'instId': 'BTC-USDT-SWAP', 'instType': 'SWAP', 'method': 'current_period', 'realizedRate': '0.0001'}"
2025-05-21 08:00:00,1747814400000,0.0001,BTC/USDT:USDT,"{'formulaType': 'withRate', 'fundingRate': '0.0001', 'fundingTime': '1747814400000', 'instId': 'BTC-USDT-SWAP', 'instType': 'SWAP', 'method': 'current_period', 'realizedRate': '0.0001'}"
2025-05-21 08:00:00,1747814400000,0.0001,BTC/USDT:USDT,"{'formulaType': 'withRate', 'fundingRate': '0.0001', 'fundingTime': '1747814400000', 'instId': 'BTC-USDT-SWAP', 'instType': 'SWAP', 'method': 'current_period', 'realizedRate': '0.0001'}"
2025-05-21 08:00:00,1747814400000,0.0001,BTC/USDT:USDT,"{'formulaType': 'withRate', 'fundingRate': '0.0001', 'fundingTime': '1747814400000', 'instId': 'BTC-USDT-SWAP', 'instType': 'SWAP', 'method': 'current_period', 'realizedRate': '0.0001'}"
2025-05-21 08:00:00,1747814400000,0.0001,BTC/USDT:USDT,"{'formulaType': 'withRate', 'fundingRate': '0.0001', 'fundingTime': '1747814400000', 'instId': 'BTC-USDT-SWAP', 'instType': 'SWAP', 'method': 'current_period', 'realizedRate': '0.0001'}"
2025-05-21 08:00:00,1747814400000,0.0001,BTC/USDT:USDT,"{'formulaType': 'withRate', 'fundingRate': '0.0001', 'fundingTime': '1747814400000', 'instId': 'BTC-USDT-SWAP', 'instType': 'SWAP', 'method': 'current_period', 'realizedRate': '0.0001'}"
2025-05-21 16:00:00,1747843200000,4.41730152301e-05,BTC/USDT:USDT,"{'formulaType': 'withRate', 'fundingRate': '0.0000441730152301', 'fundingTime': '1747843200000', 'instId': 'BTC-USDT-SWAP', 'instType': 'SWAP', 'method': 'current_period', 'realizedRate': '0.0000441730152301'}"
2025-05-21 16:00:00,1747843200000,4.41730152301e-05,BTC/USDT:USDT,"{'formulaType': 'withRate', 'fundingRate': '0.0000441730152301', 'fundingTime': '1747843200000', 'instId': 'BTC-USDT-SWAP', 'instType': 'SWAP', 'method': 'current_period', 'realizedRate': '0.0000441730152301'}"
2025-05-21 16:00:00,1747843200000,4.41730152301e-05,BTC/USDT:USDT,"{'formulaType': 'withRate', 'fundingRate': '0.0000441730152301', 'fundingTime': '1747843200000', 'instId': 'BTC-USDT-SWAP', 'instType': 'SWAP', 'method': 'current_period', 'realizedRate': '0.0000441730152301'}"
2025-05-21 16:00:00,1747843200000,4.41730152301e-05,BTC/USDT:USDT,"{'formulaType': 'withRate', 'fundingRate': '0.0000441730152301', 'fundingTime': '1747843200000', 'instId': 'BTC-USDT-SWAP', 'instType': 'SWAP', 'method': 'current_period', 'realizedRate': '0.0000441730152301'}"
2025-05-21 16:00:00,1747843200000,4.41730152301e-05,BTC/USDT:USDT,"{'formulaType': 'withRate', 'fundingRate': '0.0000441730152301', 'fundingTime': '1747843200000', 'instId': 'BTC-USDT-SWAP', 'instType': 'SWAP', 'method': 'current_period', 'realizedRate': '0.0000441730152301'}"
2025-05-21 16:00:00,1747843200000,4.41730152301e-05,BTC/USDT:USDT,"{'formulaType': 'withRate', 'fundingRate': '0.0000441730152301', 'fundingTime': '1747843200000', 'instId': 'BTC-USDT-SWAP', 'instType': 'SWAP', 'method': 'current_period', 'realizedRate': '0.0000441730152301'}"
2025-05-21 16:00:00,1747843200000,4.41730152301e-05,BTC/USDT:USDT,"{'formulaType': 'withRate', 'fundingRate': '0.0000441730152301', 'fundingTime': '1747843200000', 'instId': 'BTC-USDT-SWAP', 'instType': 'SWAP', 'method': 'current_period', 'realizedRate': '0.0000441730152301'}"
2025-05-21 16:00:00,1747843200000,4.41730152301e-05,BTC/USDT:USDT,"{'formulaType': 'withRate', 'fundingRate': '0.0000441730152301', 'fundingTime': '1747843200000', 'instId': 'BTC-USDT-SWAP', 'instType': 'SWAP', 'method': 'current_period', 'realizedRate': '0.0000441730152301'}"
2025-05-21 16:00:00,1747843200000,4.41730152301e-05,BTC/USDT:USDT,"{'formulaType': 'withRate', 'fundingRate': '0.0000441730152301', 'fundingTime': '1747843200000', 'instId': 'BTC-USDT-SWAP', 'instType': 'SWAP', 'method': 'current_period', 'realizedRate': '0.0000441730152301'}"
2025-05-21 16:00:00,1747843200000,4.41730152301e-05,BTC/USDT:USDT,"{'formulaType': 'withRate', 'fundingRate': '0.0000441730152301', 'fundingTime': '1747843200000', 'instId': 'BTC-USDT-SWAP', 'instType': 'SWAP', 'method': 'current_period', 'realizedRate': '0.0000441730152301'}"
2025-05-21 16:00:00,1747843200000,4.41730152301e-05,BTC/USDT:USDT,"{'formulaType': 'withRate', 'fundingRate': '0.0000441730152301', 'fundingTime': '1747843200000', 'instId': 'BTC-USDT-SWAP', 'instType': 'SWAP', 'method': 'current_period', 'realizedRate': '0.0000441730152301'}"
2025-05-21 16:00:00,1747843200000,4.41730152301e-05,BTC/USDT:USDT,"{'formulaType': 'withRate', 'fundingRate': '0.0000441730152301', 'fundingTime': '1747843200000', 'instId': 'BTC-USDT-SWAP', 'instType': 'SWAP', 'method': 'current_period', 'realizedRate': '0.0000441730152301'}"
2025-05-21 16:00:00,1747843200000,4.41730152301e-05,BTC/USDT:USDT,"{'formulaType': 'withRate', 'fundingRate': '0.0000441730152301', 'fundingTime': '1747843200000', 'instId': 'BTC-USDT-SWAP', 'instType': 'SWAP', 'method': 'current_period', 'realizedRate': '0.0000441730152301'}"
2025-05-21 16:00:00,1747843200000,4.41730152301e-05,BTC/USDT:USDT,"{'formulaType': 'withRate', 'fundingRate': '0.0000441730152301', 'fundingTime': '1747843200000', 'instId': 'BTC-USDT-SWAP', 'instType': 'SWAP', 'method': 'current_period', 'realizedRate': '0.0000441730152301'}"
2025-05-21 16:00:00,1747843200000,4.41730152301e-05,BTC/USDT:USDT,"{'formulaType': 'withRate', 'fundingRate': '0.0000441730152301', 'fundingTime': '1747843200000', 'instId': 'BTC-USDT-SWAP', 'instType': 'SWAP', 'method': 'current_period', 'realizedRate': '0.0000441730152301'}"
2025-05-21 16:00:00,1747843200000,4.41730152301e-05,BTC/USDT:USDT,"{'formulaType': 'withRate', 'fundingRate': '0.0000441730152301', 'fundingTime': '1747843200000', 'instId': 'BTC-USDT-SWAP', 'instType': 'SWAP', 'method': 'current_period', 'realizedRate': '0.0000441730152301'}"
2025-05-21 16:00:00,1747843200000,4.41730152301e-05,BTC/USDT:USDT,"{'formulaType': 'withRate', 'fundingRate': '0.0000441730152301', 'fundingTime': '1747843200000', 'instId': 'BTC-USDT-SWAP', 'instType': 'SWAP', 'method': 'current_period', 'realizedRate': '0.0000441730152301'}"
2025-05-21 16:00:00,1747843200000,4.41730152301e-05,BTC/USDT:USDT,"{'formulaType': 'withRate', 'fundingRate': '0.0000441730152301', 'fundingTime': '1747843200000', 'instId': 'BTC-USDT-SWAP', 'instType': 'SWAP', 'method': 'current_period', 'realizedRate': '0.0000441730152301'}"
2025-05-21 16:00:00,1747843200000,4.41730152301e-05,BTC/USDT:USDT,"{'formulaType': 'withRate', 'fundingRate': '0.0000441730152301', 'fundingTime': '1747843200000', 'instId': 'BTC-USDT-SWAP', 'instType': 'SWAP', 'method': 'current_period', 'realizedRate': '0.0000441730152301'}"
2025-05-21 16:00:00,1747843200000,4.41730152301e-05,BTC/USDT:USDT,"{'formulaType': 'withRate', 'fundingRate': '0.0000441730152301', 'fundingTime': '1747843200000', 'instId': 'BTC-USDT-SWAP', 'instType': 'SWAP', 'method': 'current_period', 'realizedRate': '0.0000441730152301'}"
2025-05-21 16:00:00,1747843200000,4.41730152301e-05,BTC/USDT:USDT,"{'formulaType': 'withRate', 'fundingRate': '0.0000441730152301', 'fundingTime': '1747843200000', 'instId': 'BTC-USDT-SWAP', 'instType': 'SWAP', 'method': 'current_period', 'realizedRate': '0.0000441730152301'}"
2025-05-21 16:00:00,1747843200000,4.41730152301e-05,BTC/USDT:USDT,"{'formulaType': 'withRate', 'fundingRate': '0.0000441730152301', 'fundingTime': '1747843200000', 'instId': 'BTC-USDT-SWAP', 'instType': 'SWAP', 'method': 'current_period', 'realizedRate': '0.0000441730152301'}"
2025-05-21 16:00:00,1747843200000,4.41730152301e-05,BTC/USDT:USDT,"{'formulaType': 'withRate', 'fundingRate': '0.0000441730152301', 'fundingTime': '1747843200000', 'instId': 'BTC-USDT-SWAP', 'instType': 'SWAP', 'method': 'current_period', 'realizedRate': '0.0000441730152301'}"
2025-05-21 16:00:00,1747843200000,4.41730152301e-05,BTC/USDT:USDT,"{'formulaType': 'withRate', 'fundingRate': '0.0000441730152301', 'fundingTime': '1747843200000', 'instId': 'BTC-USDT-SWAP', 'instType': 'SWAP', 'method': 'current_period', 'realizedRate': '0.0000441730152301'}"
2025-05-21 16:00:00,1747843200000,4.41730152301e-05,BTC/USDT:USDT,"{'formulaType': 'withRate', 'fundingRate': '0.0000441730152301', 'fundingTime': '1747843200000', 'instId': 'BTC-USDT-SWAP', 'instType': 'SWAP', 'method': 'current_period', 'realizedRate': '0.0000441730152301'}"
2025-05-21 16:00:00,1747843200000,4.41730152301e-05,BTC/USDT:USDT,"{'formulaType': 'withRate', 'fundingRate': '0.0000441730152301', 'fundingTime': '1747843200000', 'instId': 'BTC-USDT-SWAP', 'instType': 'SWAP', 'method': 'current_period', 'realizedRate': '0.0000441730152301'}"
2025-05-21 16:00:00,1747843200000,4.41730152301e-05,BTC/USDT:USDT,"{'formulaType': 'withRate', 'fundingRate': '0.0000441730152301', 'fundingTime': '1747843200000', 'instId': 'BTC-USDT-SWAP', 'instType': 'SWAP', 'method': 'current_period', 'realizedRate': '0.0000441730152301'}"
2025-05-21 16:00:00,1747843200000,4.41730152301e-05,BTC/USDT:USDT,"{'formulaType': 'withRate', 'fundingRate': '0.0000441730152301', 'fundingTime': '1747843200000', 'instId': 'BTC-USDT-SWAP', 'instType': 'SWAP', 'method': 'current_period', 'realizedRate': '0.0000441730152301'}"
2025-05-21 16:00:00,1747843200000,4.41730152301e-05,BTC/USDT:USDT,"{'formulaType': 'withRate', 'fundingRate': '0.0000441730152301', 'fundingTime': '1747843200000', 'instId': 'BTC-USDT-SWAP', 'instType': 'SWAP', 'method': 'current_period', 'realizedRate': '0.0000441730152301'}"
2025-05-21 16:00:00,1747843200000,4.41730152301e-05,BTC/USDT:USDT,"{'formulaType': 'withRate', 'fundingRate': '0.0000441730152301', 'fundingTime': '1747843200000', 'instId': 'BTC-USDT-SWAP', 'instType': 'SWAP', 'method': 'current_period', 'realizedRate': '0.0000441730152301'}"
2025-05-21 16:00:00,1747843200000,4.41730152301e-05,BTC/USDT:USDT,"{'formulaType': 'withRate', 'fundingRate': '0.0000441730152301', 'fundingTime': '1747843200000', 'instId': 'BTC-USDT-SWAP', 'instType': 'SWAP', 'method': 'current_period', 'realizedRate': '0.0000441730152301'}"
2025-05-21 16:00:00,1747843200000,4.41730152301e-05,BTC/USDT:USDT,"{'formulaType': 'withRate', 'fundingRate': '0.0000441730152301', 'fundingTime': '1747843200000', 'instId': 'BTC-USDT-SWAP', 'instType': 'SWAP', 'method': 'current_period', 'realizedRate': '0.0000441730152301'}"
2025-05-21 16:00:00,1747843200000,4.41730152301e-05,BTC/USDT:USDT,"{'formulaType': 'withRate', 'fundingRate': '0.0000441730152301', 'fundingTime': '1747843200000', 'instId': 'BTC-USDT-SWAP', 'instType': 'SWAP', 'method': 'current_period', 'realizedRate': '0.0000441730152301'}"
2025-05-21 16:00:00,1747843200000,4.41730152301e-05,BTC/USDT:USDT,"{'formulaType': 'withRate', 'fundingRate': '0.0000441730152301', 'fundingTime': '1747843200000', 'instId': 'BTC-USDT-SWAP', 'instType': 'SWAP', 'method': 'current_period', 'realizedRate': '0.0000441730152301'}"
2025-05-21 16:00:00,1747843200000,4.41730152301e-05,BTC/USDT:USDT,"{'formulaType': 'withRate', 'fundingRate': '0.0000441730152301', 'fundingTime': '1747843200000', 'instId': 'BTC-USDT-SWAP', 'instType': 'SWAP', 'method': 'current_period', 'realizedRate': '0.0000441730152301'}"
2025-05-21 16:00:00,1747843200000,4.41730152301e-05,BTC/USDT:USDT,"{'formulaType': 'withRate', 'fundingRate': '0.0000441730152301', 'fundingTime': '1747843200000', 'instId': 'BTC-USDT-SWAP', 'instType': 'SWAP', 'method': 'current_period', 'realizedRate': '0.0000441730152301'}"
2025-05-21 16:00:00,1747843200000,4.41730152301e-05,BTC/USDT:USDT,"{'formulaType': 'withRate', 'fundingRate': '0.0000441730152301', 'fundingTime': '1747843200000', 'instId': 'BTC-USDT-SWAP', 'instType': 'SWAP', 'method': 'current_period', 'realizedRate': '0.0000441730152301'}"
2025-05-22 00:00:00,1747872000000,0.0001,BTC/USDT:USDT,"{'formulaType': 'withRate', 'fundingRate': '0.0001', 'fundingTime': '1747872000000', 'instId': 'BTC-USDT-SWAP', 'instType': 'SWAP', 'method': 'current_period', 'realizedRate': '0.0001'}"
2025-05-22 00:00:00,1747872000000,0.0001,BTC/USDT:USDT,"{'formulaType': 'withRate', 'fundingRate': '0.0001', 'fundingTime': '1747872000000', 'instId': 'BTC-USDT-SWAP', 'instType': 'SWAP', 'method': 'current_period', 'realizedRate': '0.0001'}"
2025-05-22 00:00:00,1747872000000,0.0001,BTC/USDT:USDT,"{'formulaType': 'withRate', 'fundingRate': '0.0001', 'fundingTime': '1747872000000', 'instId': 'BTC-USDT-SWAP', 'instType': 'SWAP', 'method': 'current_period', 'realizedRate': '0.0001'}"
2025-05-22 00:00:00,1747872000000,0.0001,BTC/USDT:USDT,"{'formulaType': 'withRate', 'fundingRate': '0.0001', 'fundingTime': '1747872000000', 'instId': 'BTC-USDT-SWAP', 'instType': 'SWAP', 'method': 'current_period', 'realizedRate': '0.0001'}"
2025-05-22 00:00:00,1747872000000,0.0001,BTC/USDT:USDT,"{'formulaType': 'withRate', 'fundingRate': '0.0001', 'fundingTime': '1747872000000', 'instId': 'BTC-USDT-SWAP', 'instType': 'SWAP', 'method': 'current_period', 'realizedRate': '0.0001'}"
2025-05-22 00:00:00,1747872000000,0.0001,BTC/USDT:USDT,"{'formulaType': 'withRate', 'fundingRate': '0.0001', 'fundingTime': '1747872000000', 'instId': 'BTC-USDT-SWAP', 'instType': 'SWAP', 'method': 'current_period', 'realizedRate': '0.0001'}"
2025-05-22 00:00:00,1747872000000,0.0001,BTC/USDT:USDT,"{'formulaType': 'withRate', 'fundingRate': '0.0001', 'fundingTime': '1747872000000', 'instId': 'BTC-USDT-SWAP', 'instType': 'SWAP', 'method': 'current_period', 'realizedRate': '0.0001'}"
2025-05-22 00:00:00,1747872000000,0.0001,BTC/USDT:USDT,"{'formulaType': 'withRate', 'fundingRate': '0.0001', 'fundingTime': '1747872000000', 'instId': 'BTC-USDT-SWAP', 'instType': 'SWAP', 'method': 'current_period', 'realizedRate': '0.0001'}"
2025-05-22 00:00:00,1747872000000,0.0001,BTC/USDT:USDT,"{'formulaType': 'withRate', 'fundingRate': '0.0001', 'fundingTime': '1747872000000', 'instId': 'BTC-USDT-SWAP', 'instType': 'SWAP', 'method': 'current_period', 'realizedRate': '0.0001'}"
2025-05-22 00:00:00,1747872000000,0.0001,BTC/USDT:USDT,"{'formulaType': 'withRate', 'fundingRate': '0.0001', 'fundingTime': '1747872000000', 'instId': 'BTC-USDT-SWAP', 'instType': 'SWAP', 'method': 'current_period', 'realizedRate': '0.0001'}"
2025-05-22 00:00:00,1747872000000,0.0001,BTC/USDT:USDT,"{'formulaType': 'withRate', 'fundingRate': '0.0001', 'fundingTime': '1747872000000', 'instId': 'BTC-USDT-SWAP', 'instType': 'SWAP', 'method': 'current_period', 'realizedRate': '0.0001'}"
2025-05-22 00:00:00,1747872000000,0.0001,BTC/USDT:USDT,"{'formulaType': 'withRate', 'fundingRate': '0.0001', 'fundingTime': '1747872000000', 'instId': 'BTC-USDT-SWAP', 'instType': 'SWAP', 'method': 'current_period', 'realizedRate': '0.0001'}"
2025-05-22 00:00:00,1747872000000,0.0001,BTC/USDT:USDT,"{'formulaType': 'withRate', 'fundingRate': '0.0001', 'fundingTime': '1747872000000', 'instId': 'BTC-USDT-SWAP', 'instType': 'SWAP', 'method': 'current_period', 'realizedRate': '0.0001'}"
2025-05-22 00:00:00,1747872000000,0.0001,BTC/USDT:USDT,"{'formulaType': 'withRate', 'fundingRate': '0.0001', 'fundingTime': '1747872000000', 'instId': 'BTC-USDT-SWAP', 'instType': 'SWAP', 'method': 'current_period', 'realizedRate': '0.0001'}"
2025-05-22 00:00:00,1747872000000,0.0001,BTC/USDT:USDT,"{'formulaType': 'withRate', 'fundingRate': '0.0001', 'fundingTime': '1747872000000', 'instId': 'BTC-USDT-SWAP', 'instType': 'SWAP', 'method': 'current_period', 'realizedRate': '0.0001'}"
2025-05-22 00:00:00,1747872000000,0.0001,BTC/USDT:USDT,"{'formulaType': 'withRate', 'fundingRate': '0.0001', 'fundingTime': '1747872000000', 'instId': 'BTC-USDT-SWAP', 'instType': 'SWAP', 'method': 'current_period', 'realizedRate': '0.0001'}"
2025-05-22 00:00:00,1747872000000,0.0001,BTC/USDT:USDT,"{'formulaType': 'withRate', 'fundingRate': '0.0001', 'fundingTime': '1747872000000', 'instId': 'BTC-USDT-SWAP', 'instType': 'SWAP', 'method': 'current_period', 'realizedRate': '0.0001'}"
2025-05-22 00:00:00,1747872000000,0.0001,BTC/USDT:USDT,"{'formulaType': 'withRate', 'fundingRate': '0.0001', 'fundingTime': '1747872000000', 'instId': 'BTC-USDT-SWAP', 'instType': 'SWAP', 'method': 'current_period', 'realizedRate': '0.0001'}"
2025-05-22 00:00:00,1747872000000,0.0001,BTC/USDT:USDT,"{'formulaType': 'withRate', 'fundingRate': '0.0001', 'fundingTime': '1747872000000', 'instId': 'BTC-USDT-SWAP', 'instType': 'SWAP', 'method': 'current_period', 'realizedRate': '0.0001'}"
2025-05-22 00:00:00,1747872000000,0.0001,BTC/USDT:USDT,"{'formulaType': 'withRate', 'fundingRate': '0.0001', 'fundingTime': '1747872000000', 'instId': 'BTC-USDT-SWAP', 'instType': 'SWAP', 'method': 'current_period', 'realizedRate': '0.0001'}"
2025-05-22 00:00:00,1747872000000,0.0001,BTC/USDT:USDT,"{'formulaType': 'withRate', 'fundingRate': '0.0001', 'fundingTime': '1747872000000', 'instId': 'BTC-USDT-SWAP', 'instType': 'SWAP', 'method': 'current_period', 'realizedRate': '0.0001'}"
2025-05-22 00:00:00,1747872000000,0.0001,BTC/USDT:USDT,"{'formulaType': 'withRate', 'fundingRate': '0.0001', 'fundingTime': '1747872000000', 'instId': 'BTC-USDT-SWAP', 'instType': 'SWAP', 'method': 'current_period', 'realizedRate': '0.0001'}"
2025-05-22 00:00:00,1747872000000,0.0001,BTC/USDT:USDT,"{'formulaType': 'withRate', 'fundingRate': '0.0001', 'fundingTime': '1747872000000', 'instId': 'BTC-USDT-SWAP', 'instType': 'SWAP', 'method': 'current_period', 'realizedRate': '0.0001'}"
2025-05-22 00:00:00,1747872000000,0.0001,BTC/USDT:USDT,"{'formulaType': 'withRate', 'fundingRate': '0.0001', 'fundingTime': '1747872000000', 'instId': 'BTC-USDT-SWAP', 'instType': 'SWAP', 'method': 'current_period', 'realizedRate': '0.0001'}"
2025-05-22 00:00:00,1747872000000,0.0001,BTC/USDT:USDT,"{'formulaType': 'withRate', 'fundingRate': '0.0001', 'fundingTime': '1747872000000', 'instId': 'BTC-USDT-SWAP', 'instType': 'SWAP', 'method': 'current_period', 'realizedRate': '0.0001'}"
2025-05-22 00:00:00,1747872000000,0.0001,BTC/USDT:USDT,"{'formulaType': 'withRate', 'fundingRate': '0.0001', 'fundingTime': '1747872000000', 'instId': 'BTC-USDT-SWAP', 'instType': 'SWAP', 'method': 'current_period', 'realizedRate': '0.0001'}"
2025-05-22 00:00:00,1747872000000,0.0001,BTC/USDT:USDT,"{'formulaType': 'withRate', 'fundingRate': '0.0001', 'fundingTime': '1747872000000', 'instId': 'BTC-USDT-SWAP', 'instType': 'SWAP', 'method': 'current_period', 'realizedRate': '0.0001'}"
2025-05-22 00:00:00,1747872000000,0.0001,BTC/USDT:USDT,"{'formulaType': 'withRate', 'fundingRate': '0.0001', 'fundingTime': '1747872000000', 'instId': 'BTC-USDT-SWAP', 'instType': 'SWAP', 'method': 'current_period', 'realizedRate': '0.0001'}"
2025-05-22 00:00:00,1747872000000,0.0001,BTC/USDT:USDT,"{'formulaType': 'withRate', 'fundingRate': '0.0001', 'fundingTime': '1747872000000', 'instId': 'BTC-USDT-SWAP', 'instType': 'SWAP', 'method': 'current_period', 'realizedRate': '0.0001'}"
2025-05-22 00:00:00,1747872000000,0.0001,BTC/USDT:USDT,"{'formulaType': 'withRate', 'fundingRate': '0.0001', 'fundingTime': '1747872000000', 'instId': 'BTC-USDT-SWAP', 'instType': 'SWAP', 'method': 'current_period', 'realizedRate': '0.0001'}"
2025-05-22 00:00:00,1747872000000,0.0001,BTC/USDT:USDT,"{'formulaType': 'withRate', 'fundingRate': '0.0001', 'fundingTime': '1747872000000', 'instId': 'BTC-USDT-SWAP', 'instType': 'SWAP', 'method': 'current_period', 'realizedRate': '0.0001'}"
2025-05-22 00:00:00,1747872000000,0.0001,BTC/USDT:USDT,"{'formulaType': 'withRate', 'fundingRate': '0.0001', 'fundingTime': '1747872000000', 'instId': 'BTC-USDT-SWAP', 'instType': 'SWAP', 'method': 'current_period', 'realizedRate': '0.0001'}"
2025-05-22 00:00:00,1747872000000,0.0001,BTC/USDT:USDT,"{'formulaType': 'withRate', 'fundingRate': '0.0001', 'fundingTime': '1747872000000', 'instId': 'BTC-USDT-SWAP', 'instType': 'SWAP', 'method': 'current_period', 'realizedRate': '0.0001'}"
2025-05-22 00:00:00,1747872000000,0.0001,BTC/USDT:USDT,"{'formulaType': 'withRate', 'fundingRate': '0.0001', 'fundingTime': '1747872000000', 'instId': 'BTC-USDT-SWAP', 'instType': 'SWAP', 'method': 'current_period', 'realizedRate': '0.0001'}"
2025-05-22 00:00:00,1747872000000,0.0001,BTC/USDT:USDT,"{'formulaType': 'withRate', 'fundingRate': '0.0001', 'fundingTime': '1747872000000', 'instId': 'BTC-USDT-SWAP', 'instType': 'SWAP', 'method': 'current_period', 'realizedRate': '0.0001'}"
2025-05-22 00:00:00,1747872000000,0.0001,BTC/USDT:USDT,"{'formulaType': 'withRate', 'fundingRate': '0.0001', 'fundingTime': '1747872000000', 'instId': 'BTC-USDT-SWAP', 'instType': 'SWAP', 'method': 'current_period', 'realizedRate': '0.0001'}"
2025-05-22 00:00:00,1747872000000,0.0001,BTC/USDT:USDT,"{'formulaType': 'withRate', 'fundingRate': '0.0001', 'fundingTime': '1747872000000', 'instId': 'BTC-USDT-SWAP', 'instType': 'SWAP', 'method': 'current_period', 'realizedRate': '0.0001'}"
2025-05-22 08:00:00,1747900800000,0.0001,BTC/USDT:USDT,"{'formulaType': 'withRate', 'fundingRate': '0.0001', 'fundingTime': '1747900800000', 'instId': 'BTC-USDT-SWAP', 'instType': 'SWAP', 'method': 'current_period', 'realizedRate': '0.0001'}"
2025-05-22 08:00:00,1747900800000,0.0001,BTC/USDT:USDT,"{'formulaType': 'withRate', 'fundingRate': '0.0001', 'fundingTime': '1747900800000', 'instId': 'BTC-USDT-SWAP', 'instType': 'SWAP', 'method': 'current_period', 'realizedRate': '0.0001'}"
2025-05-22 08:00:00,1747900800000,0.0001,BTC/USDT:USDT,"{'formulaType': 'withRate', 'fundingRate': '0.0001', 'fundingTime': '1747900800000', 'instId': 'BTC-USDT-SWAP', 'instType': 'SWAP', 'method': 'current_period', 'realizedRate': '0.0001'}"
2025-05-22 08:00:00,1747900800000,0.0001,BTC/USDT:USDT,"{'formulaType': 'withRate', 'fundingRate': '0.0001', 'fundingTime': '1747900800000', 'instId': 'BTC-USDT-SWAP', 'instType': 'SWAP', 'method': 'current_period', 'realizedRate': '0.0001'}"
2025-05-22 08:00:00,1747900800000,0.0001,BTC/USDT:USDT,"{'formulaType': 'withRate', 'fundingRate': '0.0001', 'fundingTime': '1747900800000', 'instId': 'BTC-USDT-SWAP', 'instType': 'SWAP', 'method': 'current_period', 'realizedRate': '0.0001'}"
2025-05-22 08:00:00,1747900800000,0.0001,BTC/USDT:USDT,"{'formulaType': 'withRate', 'fundingRate': '0.0001', 'fundingTime': '1747900800000', 'instId': 'BTC-USDT-SWAP', 'instType': 'SWAP', 'method': 'current_period', 'realizedRate': '0.0001'}"
2025-05-22 08:00:00,1747900800000,0.0001,BTC/USDT:USDT,"{'formulaType': 'withRate', 'fundingRate': '0.0001', 'fundingTime': '1747900800000', 'instId': 'BTC-USDT-SWAP', 'instType': 'SWAP', 'method': 'current_period', 'realizedRate': '0.0001'}"
2025-05-22 08:00:00,1747900800000,0.0001,BTC/USDT:USDT,"{'formulaType': 'withRate', 'fundingRate': '0.0001', 'fundingTime': '1747900800000', 'instId': 'BTC-USDT-SWAP', 'instType': 'SWAP', 'method': 'current_period', 'realizedRate': '0.0001'}"
2025-05-22 08:00:00,1747900800000,0.0001,BTC/USDT:USDT,"{'formulaType': 'withRate', 'fundingRate': '0.0001', 'fundingTime': '1747900800000', 'instId': 'BTC-USDT-SWAP', 'instType': 'SWAP', 'method': 'current_period', 'realizedRate': '0.0001'}"
2025-05-22 08:00:00,1747900800000,0.0001,BTC/USDT:USDT,"{'formulaType': 'withRate', 'fundingRate': '0.0001', 'fundingTime': '1747900800000', 'instId': 'BTC-USDT-SWAP', 'instType': 'SWAP', 'method': 'current_period', 'realizedRate': '0.0001'}"
2025-05-22 08:00:00,1747900800000,0.0001,BTC/USDT:USDT,"{'formulaType': 'withRate', 'fundingRate': '0.0001', 'fundingTime': '1747900800000', 'instId': 'BTC-USDT-SWAP', 'instType': 'SWAP', 'method': 'current_period', 'realizedRate': '0.0001'}"
2025-05-22 08:00:00,1747900800000,0.0001,BTC/USDT:USDT,"{'formulaType': 'withRate', 'fundingRate': '0.0001', 'fundingTime': '1747900800000', 'instId': 'BTC-USDT-SWAP', 'instType': 'SWAP', 'method': 'current_period', 'realizedRate': '0.0001'}"
2025-05-22 08:00:00,1747900800000,0.0001,BTC/USDT:USDT,"{'formulaType': 'withRate', 'fundingRate': '0.0001', 'fundingTime': '1747900800000', 'instId': 'BTC-USDT-SWAP', 'instType': 'SWAP', 'method': 'current_period', 'realizedRate': '0.0001'}"
2025-05-22 08:00:00,1747900800000,0.0001,BTC/USDT:USDT,"{'formulaType': 'withRate', 'fundingRate': '0.0001', 'fundingTime': '1747900800000', 'instId': 'BTC-USDT-SWAP', 'instType': 'SWAP', 'method': 'current_period', 'realizedRate': '0.0001'}"
2025-05-22 08:00:00,1747900800000,0.0001,BTC/USDT:USDT,"{'formulaType': 'withRate', 'fundingRate': '0.0001', 'fundingTime': '1747900800000', 'instId': 'BTC-USDT-SWAP', 'instType': 'SWAP', 'method': 'current_period', 'realizedRate': '0.0001'}"
2025-05-22 08:00:00,1747900800000,0.0001,BTC/USDT:USDT,"{'formulaType': 'withRate', 'fundingRate': '0.0001', 'fundingTime': '1747900800000', 'instId': 'BTC-USDT-SWAP', 'instType': 'SWAP', 'method': 'current_period', 'realizedRate': '0.0001'}"
2025-05-22 08:00:00,1747900800000,0.0001,BTC/USDT:USDT,"{'formulaType': 'withRate', 'fundingRate': '0.0001', 'fundingTime': '1747900800000', 'instId': 'BTC-USDT-SWAP', 'instType': 'SWAP', 'method': 'current_period', 'realizedRate': '0.0001'}"
2025-05-22 08:00:00,1747900800000,0.0001,BTC/USDT:USDT,"{'formulaType': 'withRate', 'fundingRate': '0.0001', 'fundingTime': '1747900800000', 'instId': 'BTC-USDT-SWAP', 'instType': 'SWAP', 'method': 'current_period', 'realizedRate': '0.0001'}"
2025-05-22 08:00:00,1747900800000,0.0001,BTC/USDT:USDT,"{'formulaType': 'withRate', 'fundingRate': '0.0001', 'fundingTime': '1747900800000', 'instId': 'BTC-USDT-SWAP', 'instType': 'SWAP', 'method': 'current_period', 'realizedRate': '0.0001'}"
2025-05-22 08:00:00,1747900800000,0.0001,BTC/USDT:USDT,"{'formulaType': 'withRate', 'fundingRate': '0.0001', 'fundingTime': '1747900800000', 'instId': 'BTC-USDT-SWAP', 'instType': 'SWAP', 'method': 'current_period', 'realizedRate': '0.0001'}"
2025-05-22 08:00:00,1747900800000,0.0001,BTC/USDT:USDT,"{'formulaType': 'withRate', 'fundingRate': '0.0001', 'fundingTime': '1747900800000', 'instId': 'BTC-USDT-SWAP', 'instType': 'SWAP', 'method': 'current_period', 'realizedRate': '0.0001'}"
2025-05-22 08:00:00,1747900800000,0.0001,BTC/USDT:USDT,"{'formulaType': 'withRate', 'fundingRate': '0.0001', 'fundingTime': '1747900800000', 'instId': 'BTC-USDT-SWAP', 'instType': 'SWAP', 'method': 'current_period', 'realizedRate': '0.0001'}"
2025-05-22 08:00:00,1747900800000,0.0001,BTC/USDT:USDT,"{'formulaType': 'withRate', 'fundingRate': '0.0001', 'fundingTime': '1747900800000', 'instId': 'BTC-USDT-SWAP', 'instType': 'SWAP', 'method': 'current_period', 'realizedRate': '0.0001'}"
2025-05-22 08:00:00,1747900800000,0.0001,BTC/USDT:USDT,"{'formulaType': 'withRate', 'fundingRate': '0.0001', 'fundingTime': '1747900800000', 'instId': 'BTC-USDT-SWAP', 'instType': 'SWAP', 'method': 'current_period', 'realizedRate': '0.0001'}"
2025-05-22 08:00:00,1747900800000,0.0001,BTC/USDT:USDT,"{'formulaType': 'withRate', 'fundingRate': '0.0001', 'fundingTime': '1747900800000', 'instId': 'BTC-USDT-SWAP', 'instType': 'SWAP', 'method': 'current_period', 'realizedRate': '0.0001'}"
2025-05-22 08:00:00,1747900800000,0.0001,BTC/USDT:USDT,"{'formulaType': 'withRate', 'fundingRate': '0.0001', 'fundingTime': '1747900800000', 'instId': 'BTC-USDT-SWAP', 'instType': 'SWAP', 'method': 'current_period', 'realizedRate': '0.0001'}"
2025-05-22 08:00:00,1747900800000,0.0001,BTC/USDT:USDT,"{'formulaType': 'withRate', 'fundingRate': '0.0001', 'fundingTime': '1747900800000', 'instId': 'BTC-USDT-SWAP', 'instType': 'SWAP', 'method': 'current_period', 'realizedRate': '0.0001'}"
2025-05-22 08:00:00,1747900800000,0.0001,BTC/USDT:USDT,"{'formulaType': 'withRate', 'fundingRate': '0.0001', 'fundingTime': '1747900800000', 'instId': 'BTC-USDT-SWAP', 'instType': 'SWAP', 'method': 'current_period', 'realizedRate': '0.0001'}"
2025-05-22 08:00:00,1747900800000,0.0001,BTC/USDT:USDT,"{'formulaType': 'withRate', 'fundingRate': '0.0001', 'fundingTime': '1747900800000', 'instId': 'BTC-USDT-SWAP', 'instType': 'SWAP', 'method': 'current_period', 'realizedRate': '0.0001'}"
2025-05-22 08:00:00,1747900800000,0.0001,BTC/USDT:USDT,"{'formulaType': 'withRate', 'fundingRate': '0.0001', 'fundingTime': '1747900800000', 'instId': 'BTC-USDT-SWAP', 'instType': 'SWAP', 'method': 'current_period', 'realizedRate': '0.0001'}"
2025-05-22 08:00:00,1747900800000,0.0001,BTC/USDT:USDT,"{'formulaType': 'withRate', 'fundingRate': '0.0001', 'fundingTime': '1747900800000', 'instId': 'BTC-USDT-SWAP', 'instType': 'SWAP', 'method': 'current_period', 'realizedRate': '0.0001'}"
2025-05-22 08:00:00,1747900800000,0.0001,BTC/USDT:USDT,"{'formulaType': 'withRate', 'fundingRate': '0.0001', 'fundingTime': '1747900800000', 'instId': 'BTC-USDT-SWAP', 'instType': 'SWAP', 'method': 'current_period', 'realizedRate': '0.0001'}"
2025-05-22 08:00:00,1747900800000,0.0001,BTC/USDT:USDT,"{'formulaType': 'withRate', 'fundingRate': '0.0001', 'fundingTime': '1747900800000', 'instId': 'BTC-USDT-SWAP', 'instType': 'SWAP', 'method': 'current_period', 'realizedRate': '0.0001'}"
2025-05-22 08:00:00,1747900800000,0.0001,BTC/USDT:USDT,"{'formulaType': 'withRate', 'fundingRate': '0.0001', 'fundingTime': '1747900800000', 'instId': 'BTC-USDT-SWAP', 'instType': 'SWAP', 'method': 'current_period', 'realizedRate': '0.0001'}"
2025-05-22 08:00:00,1747900800000,0.0001,BTC/USDT:USDT,"{'formulaType': 'withRate', 'fundingRate': '0.0001', 'fundingTime': '1747900800000', 'instId': 'BTC-USDT-SWAP', 'instType': 'SWAP', 'method': 'current_period', 'realizedRate': '0.0001'}"
2025-05-22 08:00:00,1747900800000,0.0001,BTC/USDT:USDT,"{'formulaType': 'withRate', 'fundingRate': '0.0001', 'fundingTime': '1747900800000', 'instId': 'BTC-USDT-SWAP', 'instType': 'SWAP', 'method': 'current_period', 'realizedRate': '0.0001'}"
2025-05-22 08:00:00,1747900800000,0.0001,BTC/USDT:USDT,"{'formulaType': 'withRate', 'fundingRate': '0.0001', 'fundingTime': '1747900800000', 'instId': 'BTC-USDT-SWAP', 'instType': 'SWAP', 'method': 'current_period', 'realizedRate': '0.0001'}"
2025-05-22 16:00:00,1747929600000,0.0001,BTC/USDT:USDT,"{'formulaType': 'withRate', 'fundingRate': '0.0001', 'fundingTime': '1747929600000', 'instId': 'BTC-USDT-SWAP', 'instType': 'SWAP', 'method': 'current_period', 'realizedRate': '0.0001'}"
2025-05-22 16:00:00,1747929600000,0.0001,BTC/USDT:USDT,"{'formulaType': 'withRate', 'fundingRate': '0.0001', 'fundingTime': '1747929600000', 'instId': 'BTC-USDT-SWAP', 'instType': 'SWAP', 'method': 'current_period', 'realizedRate': '0.0001'}"
2025-05-22 16:00:00,1747929600000,0.0001,BTC/USDT:USDT,"{'formulaType': 'withRate', 'fundingRate': '0.0001', 'fundingTime': '1747929600000', 'instId': 'BTC-USDT-SWAP', 'instType': 'SWAP', 'method': 'current_period', 'realizedRate': '0.0001'}"
2025-05-22 16:00:00,1747929600000,0.0001,BTC/USDT:USDT,"{'formulaType': 'withRate', 'fundingRate': '0.0001', 'fundingTime': '1747929600000', 'instId': 'BTC-USDT-SWAP', 'instType': 'SWAP', 'method': 'current_period', 'realizedRate': '0.0001'}"
2025-05-22 16:00:00,1747929600000,0.0001,BTC/USDT:USDT,"{'formulaType': 'withRate', 'fundingRate': '0.0001', 'fundingTime': '1747929600000', 'instId': 'BTC-USDT-SWAP', 'instType': 'SWAP', 'method': 'current_period', 'realizedRate': '0.0001'}"
2025-05-22 16:00:00,1747929600000,0.0001,BTC/USDT:USDT,"{'formulaType': 'withRate', 'fundingRate': '0.0001', 'fundingTime': '1747929600000', 'instId': 'BTC-USDT-SWAP', 'instType': 'SWAP', 'method': 'current_period', 'realizedRate': '0.0001'}"
2025-05-22 16:00:00,1747929600000,0.0001,BTC/USDT:USDT,"{'formulaType': 'withRate', 'fundingRate': '0.0001', 'fundingTime': '1747929600000', 'instId': 'BTC-USDT-SWAP', 'instType': 'SWAP', 'method': 'current_period', 'realizedRate': '0.0001'}"
2025-05-22 16:00:00,1747929600000,0.0001,BTC/USDT:USDT,"{'formulaType': 'withRate', 'fundingRate': '0.0001', 'fundingTime': '1747929600000', 'instId': 'BTC-USDT-SWAP', 'instType': 'SWAP', 'method': 'current_period', 'realizedRate': '0.0001'}"
2025-05-22 16:00:00,1747929600000,0.0001,BTC/USDT:USDT,"{'formulaType': 'withRate', 'fundingRate': '0.0001', 'fundingTime': '1747929600000', 'instId': 'BTC-USDT-SWAP', 'instType': 'SWAP', 'method': 'current_period', 'realizedRate': '0.0001'}"
2025-05-22 16:00:00,1747929600000,0.0001,BTC/USDT:USDT,"{'formulaType': 'withRate', 'fundingRate': '0.0001', 'fundingTime': '1747929600000', 'instId': 'BTC-USDT-SWAP', 'instType': 'SWAP', 'method': 'current_period', 'realizedRate': '0.0001'}"
2025-05-22 16:00:00,1747929600000,0.0001,BTC/USDT:USDT,"{'formulaType': 'withRate', 'fundingRate': '0.0001', 'fundingTime': '1747929600000', 'instId': 'BTC-USDT-SWAP', 'instType': 'SWAP', 'method': 'current_period', 'realizedRate': '0.0001'}"
2025-05-22 16:00:00,1747929600000,0.0001,BTC/USDT:USDT,"{'formulaType': 'withRate', 'fundingRate': '0.0001', 'fundingTime': '1747929600000', 'instId': 'BTC-USDT-SWAP', 'instType': 'SWAP', 'method': 'current_period', 'realizedRate': '0.0001'}"
2025-05-22 16:00:00,1747929600000,0.0001,BTC/USDT:USDT,"{'formulaType': 'withRate', 'fundingRate': '0.0001', 'fundingTime': '1747929600000', 'instId': 'BTC-USDT-SWAP', 'instType': 'SWAP', 'method': 'current_period', 'realizedRate': '0.0001'}"
2025-05-22 16:00:00,1747929600000,0.0001,BTC/USDT:USDT,"{'formulaType': 'withRate', 'fundingRate': '0.0001', 'fundingTime': '1747929600000', 'instId': 'BTC-USDT-SWAP', 'instType': 'SWAP', 'method': 'current_period', 'realizedRate': '0.0001'}"
2025-05-22 16:00:00,1747929600000,0.0001,BTC/USDT:USDT,"{'formulaType': 'withRate', 'fundingRate': '0.0001', 'fundingTime': '1747929600000', 'instId': 'BTC-USDT-SWAP', 'instType': 'SWAP', 'method': 'current_period', 'realizedRate': '0.0001'}"
2025-05-22 16:00:00,1747929600000,0.0001,BTC/USDT:USDT,"{'formulaType': 'withRate', 'fundingRate': '0.0001', 'fundingTime': '1747929600000', 'instId': 'BTC-USDT-SWAP', 'instType': 'SWAP', 'method': 'current_period', 'realizedRate': '0.0001'}"
2025-05-22 16:00:00,1747929600000,0.0001,BTC/USDT:USDT,"{'formulaType': 'withRate', 'fundingRate': '0.0001', 'fundingTime': '1747929600000', 'instId': 'BTC-USDT-SWAP', 'instType': 'SWAP', 'method': 'current_period', 'realizedRate': '0.0001'}"
2025-05-22 16:00:00,1747929600000,0.0001,BTC/USDT:USDT,"{'formulaType': 'withRate', 'fundingRate': '0.0001', 'fundingTime': '1747929600000', 'instId': 'BTC-USDT-SWAP', 'instType': 'SWAP', 'method': 'current_period', 'realizedRate': '0.0001'}"
2025-05-22 16:00:00,1747929600000,0.0001,BTC/USDT:USDT,"{'formulaType': 'withRate', 'fundingRate': '0.0001', 'fundingTime': '1747929600000', 'instId': 'BTC-USDT-SWAP', 'instType': 'SWAP', 'method': 'current_period', 'realizedRate': '0.0001'}"
2025-05-22 16:00:00,1747929600000,0.0001,BTC/USDT:USDT,"{'formulaType': 'withRate', 'fundingRate': '0.0001', 'fundingTime': '1747929600000', 'instId': 'BTC-USDT-SWAP', 'instType': 'SWAP', 'method': 'current_period', 'realizedRate': '0.0001'}"
2025-05-22 16:00:00,1747929600000,0.0001,BTC/USDT:USDT,"{'formulaType': 'withRate', 'fundingRate': '0.0001', 'fundingTime': '1747929600000', 'instId': 'BTC-USDT-SWAP', 'instType': 'SWAP', 'method': 'current_period', 'realizedRate': '0.0001'}"
2025-05-22 16:00:00,1747929600000,0.0001,BTC/USDT:USDT,"{'formulaType': 'withRate', 'fundingRate': '0.0001', 'fundingTime': '1747929600000', 'instId': 'BTC-USDT-SWAP', 'instType': 'SWAP', 'method': 'current_period', 'realizedRate': '0.0001'}"
2025-05-22 16:00:00,1747929600000,0.0001,BTC/USDT:USDT,"{'formulaType': 'withRate', 'fundingRate': '0.0001', 'fundingTime': '1747929600000', 'instId': 'BTC-USDT-SWAP', 'instType': 'SWAP', 'method': 'current_period', 'realizedRate': '0.0001'}"
2025-05-22 16:00:00,1747929600000,0.0001,BTC/USDT:USDT,"{'formulaType': 'withRate', 'fundingRate': '0.0001', 'fundingTime': '1747929600000', 'instId': 'BTC-USDT-SWAP', 'instType': 'SWAP', 'method': 'current_period', 'realizedRate': '0.0001'}"
2025-05-22 16:00:00,1747929600000,0.0001,BTC/USDT:USDT,"{'formulaType': 'withRate', 'fundingRate': '0.0001', 'fundingTime': '1747929600000', 'instId': 'BTC-USDT-SWAP', 'instType': 'SWAP', 'method': 'current_period', 'realizedRate': '0.0001'}"
2025-05-22 16:00:00,1747929600000,0.0001,BTC/USDT:USDT,"{'formulaType': 'withRate', 'fundingRate': '0.0001', 'fundingTime': '1747929600000', 'instId': 'BTC-USDT-SWAP', 'instType': 'SWAP', 'method': 'current_period', 'realizedRate': '0.0001'}"
2025-05-22 16:00:00,1747929600000,0.0001,BTC/USDT:USDT,"{'formulaType': 'withRate', 'fundingRate': '0.0001', 'fundingTime': '1747929600000', 'instId': 'BTC-USDT-SWAP', 'instType': 'SWAP', 'method': 'current_period', 'realizedRate': '0.0001'}"
2025-05-22 16:00:00,1747929600000,0.0001,BTC/USDT:USDT,"{'formulaType': 'withRate', 'fundingRate': '0.0001', 'fundingTime': '1747929600000', 'instId': 'BTC-USDT-SWAP', 'instType': 'SWAP', 'method': 'current_period', 'realizedRate': '0.0001'}"
2025-05-22 16:00:00,1747929600000,0.0001,BTC/USDT:USDT,"{'formulaType': 'withRate', 'fundingRate': '0.0001', 'fundingTime': '1747929600000', 'instId': 'BTC-USDT-SWAP', 'instType': 'SWAP', 'method': 'current_period', 'realizedRate': '0.0001'}"
2025-05-22 16:00:00,1747929600000,0.0001,BTC/USDT:USDT,"{'formulaType': 'withRate', 'fundingRate': '0.0001', 'fundingTime': '1747929600000', 'instId': 'BTC-USDT-SWAP', 'instType': 'SWAP', 'method': 'current_period', 'realizedRate': '0.0001'}"
2025-05-22 16:00:00,1747929600000,0.0001,BTC/USDT:USDT,"{'formulaType': 'withRate', 'fundingRate': '0.0001', 'fundingTime': '1747929600000', 'instId': 'BTC-USDT-SWAP', 'instType': 'SWAP', 'method': 'current_period', 'realizedRate': '0.0001'}"
2025-05-22 16:00:00,1747929600000,0.0001,BTC/USDT:USDT,"{'formulaType': 'withRate', 'fundingRate': '0.0001', 'fundingTime': '1747929600000', 'instId': 'BTC-USDT-SWAP', 'instType': 'SWAP', 'method': 'current_period', 'realizedRate': '0.0001'}"
2025-05-22 16:00:00,1747929600000,0.0001,BTC/USDT:USDT,"{'formulaType': 'withRate', 'fundingRate': '0.0001', 'fundingTime': '1747929600000', 'instId': 'BTC-USDT-SWAP', 'instType': 'SWAP', 'method': 'current_period', 'realizedRate': '0.0001'}"
2025-05-22 16:00:00,1747929600000,0.0001,BTC/USDT:USDT,"{'formulaType': 'withRate', 'fundingRate': '0.0001', 'fundingTime': '1747929600000', 'instId': 'BTC-USDT-SWAP', 'instType': 'SWAP', 'method': 'current_period', 'realizedRate': '0.0001'}"
2025-05-22 16:00:00,1747929600000,0.0001,BTC/USDT:USDT,"{'formulaType': 'withRate', 'fundingRate': '0.0001', 'fundingTime': '1747929600000', 'instId': 'BTC-USDT-SWAP', 'instType': 'SWAP', 'method': 'current_period', 'realizedRate': '0.0001'}"
2025-05-22 16:00:00,1747929600000,0.0001,BTC/USDT:USDT,"{'formulaType': 'withRate', 'fundingRate': '0.0001', 'fundingTime': '1747929600000', 'instId': 'BTC-USDT-SWAP', 'instType': 'SWAP', 'method': 'current_period', 'realizedRate': '0.0001'}"
2025-05-22 16:00:00,1747929600000,0.0001,BTC/USDT:USDT,"{'formulaType': 'withRate', 'fundingRate': '0.0001', 'fundingTime': '1747929600000', 'instId': 'BTC-USDT-SWAP', 'instType': 'SWAP', 'method': 'current_period', 'realizedRate': '0.0001'}"
2025-05-23 00:00:00,1747958400000,5.00864049387e-05,BTC/USDT:USDT,"{'formulaType': 'withRate', 'fundingRate': '0.0000500864049387', 'fundingTime': '1747958400000', 'instId': 'BTC-USDT-SWAP', 'instType': 'SWAP', 'method': 'current_period', 'realizedRate': '0.0000500864049387'}"
2025-05-23 00:00:00,1747958400000,5.00864049387e-05,BTC/USDT:USDT,"{'formulaType': 'withRate', 'fundingRate': '0.0000500864049387', 'fundingTime': '1747958400000', 'instId': 'BTC-USDT-SWAP', 'instType': 'SWAP', 'method': 'current_period', 'realizedRate': '0.0000500864049387'}"
2025-05-23 00:00:00,1747958400000,5.00864049387e-05,BTC/USDT:USDT,"{'formulaType': 'withRate', 'fundingRate': '0.0000500864049387', 'fundingTime': '1747958400000', 'instId': 'BTC-USDT-SWAP', 'instType': 'SWAP', 'method': 'current_period', 'realizedRate': '0.0000500864049387'}"
2025-05-23 00:00:00,1747958400000,5.00864049387e-05,BTC/USDT:USDT,"{'formulaType': 'withRate', 'fundingRate': '0.0000500864049387', 'fundingTime': '1747958400000', 'instId': 'BTC-USDT-SWAP', 'instType': 'SWAP', 'method': 'current_period', 'realizedRate': '0.0000500864049387'}"
2025-05-23 00:00:00,1747958400000,5.00864049387e-05,BTC/USDT:USDT,"{'formulaType': 'withRate', 'fundingRate': '0.0000500864049387', 'fundingTime': '1747958400000', 'instId': 'BTC-USDT-SWAP', 'instType': 'SWAP', 'method': 'current_period', 'realizedRate': '0.0000500864049387'}"
2025-05-23 00:00:00,1747958400000,5.00864049387e-05,BTC/USDT:USDT,"{'formulaType': 'withRate', 'fundingRate': '0.0000500864049387', 'fundingTime': '1747958400000', 'instId': 'BTC-USDT-SWAP', 'instType': 'SWAP', 'method': 'current_period', 'realizedRate': '0.0000500864049387'}"
2025-05-23 00:00:00,1747958400000,5.00864049387e-05,BTC/USDT:USDT,"{'formulaType': 'withRate', 'fundingRate': '0.0000500864049387', 'fundingTime': '1747958400000', 'instId': 'BTC-USDT-SWAP', 'instType': 'SWAP', 'method': 'current_period', 'realizedRate': '0.0000500864049387'}"
2025-05-23 00:00:00,1747958400000,5.00864049387e-05,BTC/USDT:USDT,"{'formulaType': 'withRate', 'fundingRate': '0.0000500864049387', 'fundingTime': '1747958400000', 'instId': 'BTC-USDT-SWAP', 'instType': 'SWAP', 'method': 'current_period', 'realizedRate': '0.0000500864049387'}"
2025-05-23 00:00:00,1747958400000,5.00864049387e-05,BTC/USDT:USDT,"{'formulaType': 'withRate', 'fundingRate': '0.0000500864049387', 'fundingTime': '1747958400000', 'instId': 'BTC-USDT-SWAP', 'instType': 'SWAP', 'method': 'current_period', 'realizedRate': '0.0000500864049387'}"
2025-05-23 00:00:00,1747958400000,5.00864049387e-05,BTC/USDT:USDT,"{'formulaType': 'withRate', 'fundingRate': '0.0000500864049387', 'fundingTime': '1747958400000', 'instId': 'BTC-USDT-SWAP', 'instType': 'SWAP', 'method': 'current_period', 'realizedRate': '0.0000500864049387'}"
2025-05-23 00:00:00,1747958400000,5.00864049387e-05,BTC/USDT:USDT,"{'formulaType': 'withRate', 'fundingRate': '0.0000500864049387', 'fundingTime': '1747958400000', 'instId': 'BTC-USDT-SWAP', 'instType': 'SWAP', 'method': 'current_period', 'realizedRate': '0.0000500864049387'}"
2025-05-23 00:00:00,1747958400000,5.00864049387e-05,BTC/USDT:USDT,"{'formulaType': 'withRate', 'fundingRate': '0.0000500864049387', 'fundingTime': '1747958400000', 'instId': 'BTC-USDT-SWAP', 'instType': 'SWAP', 'method': 'current_period', 'realizedRate': '0.0000500864049387'}"
2025-05-23 00:00:00,1747958400000,5.00864049387e-05,BTC/USDT:USDT,"{'formulaType': 'withRate', 'fundingRate': '0.0000500864049387', 'fundingTime': '1747958400000', 'instId': 'BTC-USDT-SWAP', 'instType': 'SWAP', 'method': 'current_period', 'realizedRate': '0.0000500864049387'}"
2025-05-23 00:00:00,1747958400000,5.00864049387e-05,BTC/USDT:USDT,"{'formulaType': 'withRate', 'fundingRate': '0.0000500864049387', 'fundingTime': '1747958400000', 'instId': 'BTC-USDT-SWAP', 'instType': 'SWAP', 'method': 'current_period', 'realizedRate': '0.0000500864049387'}"
2025-05-23 00:00:00,1747958400000,5.00864049387e-05,BTC/USDT:USDT,"{'formulaType': 'withRate', 'fundingRate': '0.0000500864049387', 'fundingTime': '1747958400000', 'instId': 'BTC-USDT-SWAP', 'instType': 'SWAP', 'method': 'current_period', 'realizedRate': '0.0000500864049387'}"
2025-05-23 00:00:00,1747958400000,5.00864049387e-05,BTC/USDT:USDT,"{'formulaType': 'withRate', 'fundingRate': '0.0000500864049387', 'fundingTime': '1747958400000', 'instId': 'BTC-USDT-SWAP', 'instType': 'SWAP', 'method': 'current_period', 'realizedRate': '0.0000500864049387'}"
2025-05-23 00:00:00,1747958400000,5.00864049387e-05,BTC/USDT:USDT,"{'formulaType': 'withRate', 'fundingRate': '0.0000500864049387', 'fundingTime': '1747958400000', 'instId': 'BTC-USDT-SWAP', 'instType': 'SWAP', 'method': 'current_period', 'realizedRate': '0.0000500864049387'}"
2025-05-23 00:00:00,1747958400000,5.00864049387e-05,BTC/USDT:USDT,"{'formulaType': 'withRate', 'fundingRate': '0.0000500864049387', 'fundingTime': '1747958400000', 'instId': 'BTC-USDT-SWAP', 'instType': 'SWAP', 'method': 'current_period', 'realizedRate': '0.0000500864049387'}"
2025-05-23 00:00:00,1747958400000,5.00864049387e-05,BTC/USDT:USDT,"{'formulaType': 'withRate', 'fundingRate': '0.0000500864049387', 'fundingTime': '1747958400000', 'instId': 'BTC-USDT-SWAP', 'instType': 'SWAP', 'method': 'current_period', 'realizedRate': '0.0000500864049387'}"
2025-05-23 00:00:00,1747958400000,5.00864049387e-05,BTC/USDT:USDT,"{'formulaType': 'withRate', 'fundingRate': '0.0000500864049387', 'fundingTime': '1747958400000', 'instId': 'BTC-USDT-SWAP', 'instType': 'SWAP', 'method': 'current_period', 'realizedRate': '0.0000500864049387'}"
2025-05-23 00:00:00,1747958400000,5.00864049387e-05,BTC/USDT:USDT,"{'formulaType': 'withRate', 'fundingRate': '0.0000500864049387', 'fundingTime': '1747958400000', 'instId': 'BTC-USDT-SWAP', 'instType': 'SWAP', 'method': 'current_period', 'realizedRate': '0.0000500864049387'}"
2025-05-23 00:00:00,1747958400000,5.00864049387e-05,BTC/USDT:USDT,"{'formulaType': 'withRate', 'fundingRate': '0.0000500864049387', 'fundingTime': '1747958400000', 'instId': 'BTC-USDT-SWAP', 'instType': 'SWAP', 'method': 'current_period', 'realizedRate': '0.0000500864049387'}"
2025-05-23 00:00:00,1747958400000,5.00864049387e-05,BTC/USDT:USDT,"{'formulaType': 'withRate', 'fundingRate': '0.0000500864049387', 'fundingTime': '1747958400000', 'instId': 'BTC-USDT-SWAP', 'instType': 'SWAP', 'method': 'current_period', 'realizedRate': '0.0000500864049387'}"
2025-05-23 00:00:00,1747958400000,5.00864049387e-05,BTC/USDT:USDT,"{'formulaType': 'withRate', 'fundingRate': '0.0000500864049387', 'fundingTime': '1747958400000', 'instId': 'BTC-USDT-SWAP', 'instType': 'SWAP', 'method': 'current_period', 'realizedRate': '0.0000500864049387'}"
2025-05-23 00:00:00,1747958400000,5.00864049387e-05,BTC/USDT:USDT,"{'formulaType': 'withRate', 'fundingRate': '0.0000500864049387', 'fundingTime': '1747958400000', 'instId': 'BTC-USDT-SWAP', 'instType': 'SWAP', 'method': 'current_period', 'realizedRate': '0.0000500864049387'}"
2025-05-23 00:00:00,1747958400000,5.00864049387e-05,BTC/USDT:USDT,"{'formulaType': 'withRate', 'fundingRate': '0.0000500864049387', 'fundingTime': '1747958400000', 'instId': 'BTC-USDT-SWAP', 'instType': 'SWAP', 'method': 'current_period', 'realizedRate': '0.0000500864049387'}"
2025-05-23 00:00:00,1747958400000,5.00864049387e-05,BTC/USDT:USDT,"{'formulaType': 'withRate', 'fundingRate': '0.0000500864049387', 'fundingTime': '1747958400000', 'instId': 'BTC-USDT-SWAP', 'instType': 'SWAP', 'method': 'current_period', 'realizedRate': '0.0000500864049387'}"
2025-05-23 00:00:00,1747958400000,5.00864049387e-05,BTC/USDT:USDT,"{'formulaType': 'withRate', 'fundingRate': '0.0000500864049387', 'fundingTime': '1747958400000', 'instId': 'BTC-USDT-SWAP', 'instType': 'SWAP', 'method': 'current_period', 'realizedRate': '0.0000500864049387'}"
2025-05-23 00:00:00,1747958400000,5.00864049387e-05,BTC/USDT:USDT,"{'formulaType': 'withRate', 'fundingRate': '0.0000500864049387', 'fundingTime': '1747958400000', 'instId': 'BTC-USDT-SWAP', 'instType': 'SWAP', 'method': 'current_period', 'realizedRate': '0.0000500864049387'}"
2025-05-23 00:00:00,1747958400000,5.00864049387e-05,BTC/USDT:USDT,"{'formulaType': 'withRate', 'fundingRate': '0.0000500864049387', 'fundingTime': '1747958400000', 'instId': 'BTC-USDT-SWAP', 'instType': 'SWAP', 'method': 'current_period', 'realizedRate': '0.0000500864049387'}"
2025-05-23 00:00:00,1747958400000,5.00864049387e-05,BTC/USDT:USDT,"{'formulaType': 'withRate', 'fundingRate': '0.0000500864049387', 'fundingTime': '1747958400000', 'instId': 'BTC-USDT-SWAP', 'instType': 'SWAP', 'method': 'current_period', 'realizedRate': '0.0000500864049387'}"
2025-05-23 00:00:00,1747958400000,5.00864049387e-05,BTC/USDT:USDT,"{'formulaType': 'withRate', 'fundingRate': '0.0000500864049387', 'fundingTime': '1747958400000', 'instId': 'BTC-USDT-SWAP', 'instType': 'SWAP', 'method': 'current_period', 'realizedRate': '0.0000500864049387'}"
2025-05-23 00:00:00,1747958400000,5.00864049387e-05,BTC/USDT:USDT,"{'formulaType': 'withRate', 'fundingRate': '0.0000500864049387', 'fundingTime': '1747958400000', 'instId': 'BTC-USDT-SWAP', 'instType': 'SWAP', 'method': 'current_period', 'realizedRate': '0.0000500864049387'}"
2025-05-23 00:00:00,1747958400000,5.00864049387e-05,BTC/USDT:USDT,"{'formulaType': 'withRate', 'fundingRate': '0.0000500864049387', 'fundingTime': '1747958400000', 'instId': 'BTC-USDT-SWAP', 'instType': 'SWAP', 'method': 'current_period', 'realizedRate': '0.0000500864049387'}"
2025-05-23 00:00:00,1747958400000,5.00864049387e-05,BTC/USDT:USDT,"{'formulaType': 'withRate', 'fundingRate': '0.0000500864049387', 'fundingTime': '1747958400000', 'instId': 'BTC-USDT-SWAP', 'instType': 'SWAP', 'method': 'current_period', 'realizedRate': '0.0000500864049387'}"
2025-05-23 00:00:00,1747958400000,5.00864049387e-05,BTC/USDT:USDT,"{'formulaType': 'withRate', 'fundingRate': '0.0000500864049387', 'fundingTime': '1747958400000', 'instId': 'BTC-USDT-SWAP', 'instType': 'SWAP', 'method': 'current_period', 'realizedRate': '0.0000500864049387'}"
2025-05-23 00:00:00,1747958400000,5.00864049387e-05,BTC/USDT:USDT,"{'formulaType': 'withRate', 'fundingRate': '0.0000500864049387', 'fundingTime': '1747958400000', 'instId': 'BTC-USDT-SWAP', 'instType': 'SWAP', 'method': 'current_period', 'realizedRate': '0.0000500864049387'}"
2025-05-23 08:00:00,1747987200000,0.0001,BTC/USDT:USDT,"{'formulaType': 'withRate', 'fundingRate': '0.0001', 'fundingTime': '1747987200000', 'instId': 'BTC-USDT-SWAP', 'instType': 'SWAP', 'method': 'current_period', 'realizedRate': '0.0001'}"
2025-05-23 08:00:00,1747987200000,0.0001,BTC/USDT:USDT,"{'formulaType': 'withRate', 'fundingRate': '0.0001', 'fundingTime': '1747987200000', 'instId': 'BTC-USDT-SWAP', 'instType': 'SWAP', 'method': 'current_period', 'realizedRate': '0.0001'}"
2025-05-23 08:00:00,1747987200000,0.0001,BTC/USDT:USDT,"{'formulaType': 'withRate', 'fundingRate': '0.0001', 'fundingTime': '1747987200000', 'instId': 'BTC-USDT-SWAP', 'instType': 'SWAP', 'method': 'current_period', 'realizedRate': '0.0001'}"
2025-05-23 08:00:00,1747987200000,0.0001,BTC/USDT:USDT,"{'formulaType': 'withRate', 'fundingRate': '0.0001', 'fundingTime': '1747987200000', 'instId': 'BTC-USDT-SWAP', 'instType': 'SWAP', 'method': 'current_period', 'realizedRate': '0.0001'}"
2025-05-23 08:00:00,1747987200000,0.0001,BTC/USDT:USDT,"{'formulaType': 'withRate', 'fundingRate': '0.0001', 'fundingTime': '1747987200000', 'instId': 'BTC-USDT-SWAP', 'instType': 'SWAP', 'method': 'current_period', 'realizedRate': '0.0001'}"
2025-05-23 08:00:00,1747987200000,0.0001,BTC/USDT:USDT,"{'formulaType': 'withRate', 'fundingRate': '0.0001', 'fundingTime': '1747987200000', 'instId': 'BTC-USDT-SWAP', 'instType': 'SWAP', 'method': 'current_period', 'realizedRate': '0.0001'}"
2025-05-23 08:00:00,1747987200000,0.0001,BTC/USDT:USDT,"{'formulaType': 'withRate', 'fundingRate': '0.0001', 'fundingTime': '1747987200000', 'instId': 'BTC-USDT-SWAP', 'instType': 'SWAP', 'method': 'current_period', 'realizedRate': '0.0001'}"
2025-05-23 08:00:00,1747987200000,0.0001,BTC/USDT:USDT,"{'formulaType': 'withRate', 'fundingRate': '0.0001', 'fundingTime': '1747987200000', 'instId': 'BTC-USDT-SWAP', 'instType': 'SWAP', 'method': 'current_period', 'realizedRate': '0.0001'}"
2025-05-23 08:00:00,1747987200000,0.0001,BTC/USDT:USDT,"{'formulaType': 'withRate', 'fundingRate': '0.0001', 'fundingTime': '1747987200000', 'instId': 'BTC-USDT-SWAP', 'instType': 'SWAP', 'method': 'current_period', 'realizedRate': '0.0001'}"
2025-05-23 08:00:00,1747987200000,0.0001,BTC/USDT:USDT,"{'formulaType': 'withRate', 'fundingRate': '0.0001', 'fundingTime': '1747987200000', 'instId': 'BTC-USDT-SWAP', 'instType': 'SWAP', 'method': 'current_period', 'realizedRate': '0.0001'}"
2025-05-23 08:00:00,1747987200000,0.0001,BTC/USDT:USDT,"{'formulaType': 'withRate', 'fundingRate': '0.0001', 'fundingTime': '1747987200000', 'instId': 'BTC-USDT-SWAP', 'instType': 'SWAP', 'method': 'current_period', 'realizedRate': '0.0001'}"
2025-05-23 08:00:00,1747987200000,0.0001,BTC/USDT:USDT,"{'formulaType': 'withRate', 'fundingRate': '0.0001', 'fundingTime': '1747987200000', 'instId': 'BTC-USDT-SWAP', 'instType': 'SWAP', 'method': 'current_period', 'realizedRate': '0.0001'}"
2025-05-23 08:00:00,1747987200000,0.0001,BTC/USDT:USDT,"{'formulaType': 'withRate', 'fundingRate': '0.0001', 'fundingTime': '1747987200000', 'instId': 'BTC-USDT-SWAP', 'instType': 'SWAP', 'method': 'current_period', 'realizedRate': '0.0001'}"
2025-05-23 08:00:00,1747987200000,0.0001,BTC/USDT:USDT,"{'formulaType': 'withRate', 'fundingRate': '0.0001', 'fundingTime': '1747987200000', 'instId': 'BTC-USDT-SWAP', 'instType': 'SWAP', 'method': 'current_period', 'realizedRate': '0.0001'}"
2025-05-23 08:00:00,1747987200000,0.0001,BTC/USDT:USDT,"{'formulaType': 'withRate', 'fundingRate': '0.0001', 'fundingTime': '1747987200000', 'instId': 'BTC-USDT-SWAP', 'instType': 'SWAP', 'method': 'current_period', 'realizedRate': '0.0001'}"
2025-05-23 08:00:00,1747987200000,0.0001,BTC/USDT:USDT,"{'formulaType': 'withRate', 'fundingRate': '0.0001', 'fundingTime': '1747987200000', 'instId': 'BTC-USDT-SWAP', 'instType': 'SWAP', 'method': 'current_period', 'realizedRate': '0.0001'}"
2025-05-23 08:00:00,1747987200000,0.0001,BTC/USDT:USDT,"{'formulaType': 'withRate', 'fundingRate': '0.0001', 'fundingTime': '1747987200000', 'instId': 'BTC-USDT-SWAP', 'instType': 'SWAP', 'method': 'current_period', 'realizedRate': '0.0001'}"
2025-05-23 08:00:00,1747987200000,0.0001,BTC/USDT:USDT,"{'formulaType': 'withRate', 'fundingRate': '0.0001', 'fundingTime': '1747987200000', 'instId': 'BTC-USDT-SWAP', 'instType': 'SWAP', 'method': 'current_period', 'realizedRate': '0.0001'}"
2025-05-23 08:00:00,1747987200000,0.0001,BTC/USDT:USDT,"{'formulaType': 'withRate', 'fundingRate': '0.0001', 'fundingTime': '1747987200000', 'instId': 'BTC-USDT-SWAP', 'instType': 'SWAP', 'method': 'current_period', 'realizedRate': '0.0001'}"
2025-05-23 08:00:00,1747987200000,0.0001,BTC/USDT:USDT,"{'formulaType': 'withRate', 'fundingRate': '0.0001', 'fundingTime': '1747987200000', 'instId': 'BTC-USDT-SWAP', 'instType': 'SWAP', 'method': 'current_period', 'realizedRate': '0.0001'}"
2025-05-23 08:00:00,1747987200000,0.0001,BTC/USDT:USDT,"{'formulaType': 'withRate', 'fundingRate': '0.0001', 'fundingTime': '1747987200000', 'instId': 'BTC-USDT-SWAP', 'instType': 'SWAP', 'method': 'current_period', 'realizedRate': '0.0001'}"
2025-05-23 08:00:00,1747987200000,0.0001,BTC/USDT:USDT,"{'formulaType': 'withRate', 'fundingRate': '0.0001', 'fundingTime': '1747987200000', 'instId': 'BTC-USDT-SWAP', 'instType': 'SWAP', 'method': 'current_period', 'realizedRate': '0.0001'}"
2025-05-23 08:00:00,1747987200000,0.0001,BTC/USDT:USDT,"{'formulaType': 'withRate', 'fundingRate': '0.0001', 'fundingTime': '1747987200000', 'instId': 'BTC-USDT-SWAP', 'instType': 'SWAP', 'method': 'current_period', 'realizedRate': '0.0001'}"
2025-05-23 08:00:00,1747987200000,0.0001,BTC/USDT:USDT,"{'formulaType': 'withRate', 'fundingRate': '0.0001', 'fundingTime': '1747987200000', 'instId': 'BTC-USDT-SWAP', 'instType': 'SWAP', 'method': 'current_period', 'realizedRate': '0.0001'}"
2025-05-23 08:00:00,1747987200000,0.0001,BTC/USDT:USDT,"{'formulaType': 'withRate', 'fundingRate': '0.0001', 'fundingTime': '1747987200000', 'instId': 'BTC-USDT-SWAP', 'instType': 'SWAP', 'method': 'current_period', 'realizedRate': '0.0001'}"
2025-05-23 08:00:00,1747987200000,0.0001,BTC/USDT:USDT,"{'formulaType': 'withRate', 'fundingRate': '0.0001', 'fundingTime': '1747987200000', 'instId': 'BTC-USDT-SWAP', 'instType': 'SWAP', 'method': 'current_period', 'realizedRate': '0.0001'}"
2025-05-23 08:00:00,1747987200000,0.0001,BTC/USDT:USDT,"{'formulaType': 'withRate', 'fundingRate': '0.0001', 'fundingTime': '1747987200000', 'instId': 'BTC-USDT-SWAP', 'instType': 'SWAP', 'method': 'current_period', 'realizedRate': '0.0001'}"
2025-05-23 08:00:00,1747987200000,0.0001,BTC/USDT:USDT,"{'formulaType': 'withRate', 'fundingRate': '0.0001', 'fundingTime': '1747987200000', 'instId': 'BTC-USDT-SWAP', 'instType': 'SWAP', 'method': 'current_period', 'realizedRate': '0.0001'}"
2025-05-23 08:00:00,1747987200000,0.0001,BTC/USDT:USDT,"{'formulaType': 'withRate', 'fundingRate': '0.0001', 'fundingTime': '1747987200000', 'instId': 'BTC-USDT-SWAP', 'instType': 'SWAP', 'method': 'current_period', 'realizedRate': '0.0001'}"
2025-05-23 08:00:00,1747987200000,0.0001,BTC/USDT:USDT,"{'formulaType': 'withRate', 'fundingRate': '0.0001', 'fundingTime': '1747987200000', 'instId': 'BTC-USDT-SWAP', 'instType': 'SWAP', 'method': 'current_period', 'realizedRate': '0.0001'}"
2025-05-23 08:00:00,1747987200000,0.0001,BTC/USDT:USDT,"{'formulaType': 'withRate', 'fundingRate': '0.0001', 'fundingTime': '1747987200000', 'instId': 'BTC-USDT-SWAP', 'instType': 'SWAP', 'method': 'current_period', 'realizedRate': '0.0001'}"
2025-05-23 08:00:00,1747987200000,0.0001,BTC/USDT:USDT,"{'formulaType': 'withRate', 'fundingRate': '0.0001', 'fundingTime': '1747987200000', 'instId': 'BTC-USDT-SWAP', 'instType': 'SWAP', 'method': 'current_period', 'realizedRate': '0.0001'}"
2025-05-23 08:00:00,1747987200000,0.0001,BTC/USDT:USDT,"{'formulaType': 'withRate', 'fundingRate': '0.0001', 'fundingTime': '1747987200000', 'instId': 'BTC-USDT-SWAP', 'instType': 'SWAP', 'method': 'current_period', 'realizedRate': '0.0001'}"
2025-05-23 08:00:00,1747987200000,0.0001,BTC/USDT:USDT,"{'formulaType': 'withRate', 'fundingRate': '0.0001', 'fundingTime': '1747987200000', 'instId': 'BTC-USDT-SWAP', 'instType': 'SWAP', 'method': 'current_period', 'realizedRate': '0.0001'}"
2025-05-23 08:00:00,1747987200000,0.0001,BTC/USDT:USDT,"{'formulaType': 'withRate', 'fundingRate': '0.0001', 'fundingTime': '1747987200000', 'instId': 'BTC-USDT-SWAP', 'instType': 'SWAP', 'method': 'current_period', 'realizedRate': '0.0001'}"
2025-05-23 08:00:00,1747987200000,0.0001,BTC/USDT:USDT,"{'formulaType': 'withRate', 'fundingRate': '0.0001', 'fundingTime': '1747987200000', 'instId': 'BTC-USDT-SWAP', 'instType': 'SWAP', 'method': 'current_period', 'realizedRate': '0.0001'}"
2025-05-23 08:00:00,1747987200000,0.0001,BTC/USDT:USDT,"{'formulaType': 'withRate', 'fundingRate': '0.0001', 'fundingTime': '1747987200000', 'instId': 'BTC-USDT-SWAP', 'instType': 'SWAP', 'method': 'current_period', 'realizedRate': '0.0001'}"
2025-05-23 16:00:00,1748016000000,6.39925758241e-05,BTC/USDT:USDT,"{'formulaType': 'withRate', 'fundingRate': '0.0000639925758241', 'fundingTime': '1748016000000', 'instId': 'BTC-USDT-SWAP', 'instType': 'SWAP', 'method': 'current_period', 'realizedRate': '0.0000639925758241'}"
2025-05-23 16:00:00,1748016000000,6.39925758241e-05,BTC/USDT:USDT,"{'formulaType': 'withRate', 'fundingRate': '0.0000639925758241', 'fundingTime': '1748016000000', 'instId': 'BTC-USDT-SWAP', 'instType': 'SWAP', 'method': 'current_period', 'realizedRate': '0.0000639925758241'}"
2025-05-23 16:00:00,1748016000000,6.39925758241e-05,BTC/USDT:USDT,"{'formulaType': 'withRate', 'fundingRate': '0.0000639925758241', 'fundingTime': '1748016000000', 'instId': 'BTC-USDT-SWAP', 'instType': 'SWAP', 'method': 'current_period', 'realizedRate': '0.0000639925758241'}"
2025-05-23 16:00:00,1748016000000,6.39925758241e-05,BTC/USDT:USDT,"{'formulaType': 'withRate', 'fundingRate': '0.0000639925758241', 'fundingTime': '1748016000000', 'instId': 'BTC-USDT-SWAP', 'instType': 'SWAP', 'method': 'current_period', 'realizedRate': '0.0000639925758241'}"
2025-05-23 16:00:00,1748016000000,6.39925758241e-05,BTC/USDT:USDT,"{'formulaType': 'withRate', 'fundingRate': '0.0000639925758241', 'fundingTime': '1748016000000', 'instId': 'BTC-USDT-SWAP', 'instType': 'SWAP', 'method': 'current_period', 'realizedRate': '0.0000639925758241'}"
2025-05-23 16:00:00,1748016000000,6.39925758241e-05,BTC/USDT:USDT,"{'formulaType': 'withRate', 'fundingRate': '0.0000639925758241', 'fundingTime': '1748016000000', 'instId': 'BTC-USDT-SWAP', 'instType': 'SWAP', 'method': 'current_period', 'realizedRate': '0.0000639925758241'}"
2025-05-23 16:00:00,1748016000000,6.39925758241e-05,BTC/USDT:USDT,"{'formulaType': 'withRate', 'fundingRate': '0.0000639925758241', 'fundingTime': '1748016000000', 'instId': 'BTC-USDT-SWAP', 'instType': 'SWAP', 'method': 'current_period', 'realizedRate': '0.0000639925758241'}"
2025-05-23 16:00:00,1748016000000,6.39925758241e-05,BTC/USDT:USDT,"{'formulaType': 'withRate', 'fundingRate': '0.0000639925758241', 'fundingTime': '1748016000000', 'instId': 'BTC-USDT-SWAP', 'instType': 'SWAP', 'method': 'current_period', 'realizedRate': '0.0000639925758241'}"
2025-05-23 16:00:00,1748016000000,6.39925758241e-05,BTC/USDT:USDT,"{'formulaType': 'withRate', 'fundingRate': '0.0000639925758241', 'fundingTime': '1748016000000', 'instId': 'BTC-USDT-SWAP', 'instType': 'SWAP', 'method': 'current_period', 'realizedRate': '0.0000639925758241'}"
2025-05-23 16:00:00,1748016000000,6.39925758241e-05,BTC/USDT:USDT,"{'formulaType': 'withRate', 'fundingRate': '0.0000639925758241', 'fundingTime': '1748016000000', 'instId': 'BTC-USDT-SWAP', 'instType': 'SWAP', 'method': 'current_period', 'realizedRate': '0.0000639925758241'}"
2025-05-23 16:00:00,1748016000000,6.39925758241e-05,BTC/USDT:USDT,"{'formulaType': 'withRate', 'fundingRate': '0.0000639925758241', 'fundingTime': '1748016000000', 'instId': 'BTC-USDT-SWAP', 'instType': 'SWAP', 'method': 'current_period', 'realizedRate': '0.0000639925758241'}"
2025-05-23 16:00:00,1748016000000,6.39925758241e-05,BTC/USDT:USDT,"{'formulaType': 'withRate', 'fundingRate': '0.0000639925758241', 'fundingTime': '1748016000000', 'instId': 'BTC-USDT-SWAP', 'instType': 'SWAP', 'method': 'current_period', 'realizedRate': '0.0000639925758241'}"
2025-05-23 16:00:00,1748016000000,6.39925758241e-05,BTC/USDT:USDT,"{'formulaType': 'withRate', 'fundingRate': '0.0000639925758241', 'fundingTime': '1748016000000', 'instId': 'BTC-USDT-SWAP', 'instType': 'SWAP', 'method': 'current_period', 'realizedRate': '0.0000639925758241'}"
2025-05-23 16:00:00,1748016000000,6.39925758241e-05,BTC/USDT:USDT,"{'formulaType': 'withRate', 'fundingRate': '0.0000639925758241', 'fundingTime': '1748016000000', 'instId': 'BTC-USDT-SWAP', 'instType': 'SWAP', 'method': 'current_period', 'realizedRate': '0.0000639925758241'}"
2025-05-23 16:00:00,1748016000000,6.39925758241e-05,BTC/USDT:USDT,"{'formulaType': 'withRate', 'fundingRate': '0.0000639925758241', 'fundingTime': '1748016000000', 'instId': 'BTC-USDT-SWAP', 'instType': 'SWAP', 'method': 'current_period', 'realizedRate': '0.0000639925758241'}"
2025-05-23 16:00:00,1748016000000,6.39925758241e-05,BTC/USDT:USDT,"{'formulaType': 'withRate', 'fundingRate': '0.0000639925758241', 'fundingTime': '1748016000000', 'instId': 'BTC-USDT-SWAP', 'instType': 'SWAP', 'method': 'current_period', 'realizedRate': '0.0000639925758241'}"
2025-05-23 16:00:00,1748016000000,6.39925758241e-05,BTC/USDT:USDT,"{'formulaType': 'withRate', 'fundingRate': '0.0000639925758241', 'fundingTime': '1748016000000', 'instId': 'BTC-USDT-SWAP', 'instType': 'SWAP', 'method': 'current_period', 'realizedRate': '0.0000639925758241'}"
2025-05-23 16:00:00,1748016000000,6.39925758241e-05,BTC/USDT:USDT,"{'formulaType': 'withRate', 'fundingRate': '0.0000639925758241', 'fundingTime': '1748016000000', 'instId': 'BTC-USDT-SWAP', 'instType': 'SWAP', 'method': 'current_period', 'realizedRate': '0.0000639925758241'}"
2025-05-23 16:00:00,1748016000000,6.39925758241e-05,BTC/USDT:USDT,"{'formulaType': 'withRate', 'fundingRate': '0.0000639925758241', 'fundingTime': '1748016000000', 'instId': 'BTC-USDT-SWAP', 'instType': 'SWAP', 'method': 'current_period', 'realizedRate': '0.0000639925758241'}"
2025-05-23 16:00:00,1748016000000,6.39925758241e-05,BTC/USDT:USDT,"{'formulaType': 'withRate', 'fundingRate': '0.0000639925758241', 'fundingTime': '1748016000000', 'instId': 'BTC-USDT-SWAP', 'instType': 'SWAP', 'method': 'current_period', 'realizedRate': '0.0000639925758241'}"
2025-05-23 16:00:00,1748016000000,6.39925758241e-05,BTC/USDT:USDT,"{'formulaType': 'withRate', 'fundingRate': '0.0000639925758241', 'fundingTime': '1748016000000', 'instId': 'BTC-USDT-SWAP', 'instType': 'SWAP', 'method': 'current_period', 'realizedRate': '0.0000639925758241'}"
2025-05-23 16:00:00,1748016000000,6.39925758241e-05,BTC/USDT:USDT,"{'formulaType': 'withRate', 'fundingRate': '0.0000639925758241', 'fundingTime': '1748016000000', 'instId': 'BTC-USDT-SWAP', 'instType': 'SWAP', 'method': 'current_period', 'realizedRate': '0.0000639925758241'}"
2025-05-23 16:00:00,1748016000000,6.39925758241e-05,BTC/USDT:USDT,"{'formulaType': 'withRate', 'fundingRate': '0.0000639925758241', 'fundingTime': '1748016000000', 'instId': 'BTC-USDT-SWAP', 'instType': 'SWAP', 'method': 'current_period', 'realizedRate': '0.0000639925758241'}"
2025-05-23 16:00:00,1748016000000,6.39925758241e-05,BTC/USDT:USDT,"{'formulaType': 'withRate', 'fundingRate': '0.0000639925758241', 'fundingTime': '1748016000000', 'instId': 'BTC-USDT-SWAP', 'instType': 'SWAP', 'method': 'current_period', 'realizedRate': '0.0000639925758241'}"
2025-05-23 16:00:00,1748016000000,6.39925758241e-05,BTC/USDT:USDT,"{'formulaType': 'withRate', 'fundingRate': '0.0000639925758241', 'fundingTime': '1748016000000', 'instId': 'BTC-USDT-SWAP', 'instType': 'SWAP', 'method': 'current_period', 'realizedRate': '0.0000639925758241'}"
2025-05-23 16:00:00,1748016000000,6.39925758241e-05,BTC/USDT:USDT,"{'formulaType': 'withRate', 'fundingRate': '0.0000639925758241', 'fundingTime': '1748016000000', 'instId': 'BTC-USDT-SWAP', 'instType': 'SWAP', 'method': 'current_period', 'realizedRate': '0.0000639925758241'}"
2025-05-23 16:00:00,1748016000000,6.39925758241e-05,BTC/USDT:USDT,"{'formulaType': 'withRate', 'fundingRate': '0.0000639925758241', 'fundingTime': '1748016000000', 'instId': 'BTC-USDT-SWAP', 'instType': 'SWAP', 'method': 'current_period', 'realizedRate': '0.0000639925758241'}"
2025-05-23 16:00:00,1748016000000,6.39925758241e-05,BTC/USDT:USDT,"{'formulaType': 'withRate', 'fundingRate': '0.0000639925758241', 'fundingTime': '1748016000000', 'instId': 'BTC-USDT-SWAP', 'instType': 'SWAP', 'method': 'current_period', 'realizedRate': '0.0000639925758241'}"
2025-05-23 16:00:00,1748016000000,6.39925758241e-05,BTC/USDT:USDT,"{'formulaType': 'withRate', 'fundingRate': '0.0000639925758241', 'fundingTime': '1748016000000', 'instId': 'BTC-USDT-SWAP', 'instType': 'SWAP', 'method': 'current_period', 'realizedRate': '0.0000639925758241'}"
2025-05-23 16:00:00,1748016000000,6.39925758241e-05,BTC/USDT:USDT,"{'formulaType': 'withRate', 'fundingRate': '0.0000639925758241', 'fundingTime': '1748016000000', 'instId': 'BTC-USDT-SWAP', 'instType': 'SWAP', 'method': 'current_period', 'realizedRate': '0.0000639925758241'}"
2025-05-23 16:00:00,1748016000000,6.39925758241e-05,BTC/USDT:USDT,"{'formulaType': 'withRate', 'fundingRate': '0.0000639925758241', 'fundingTime': '1748016000000', 'instId': 'BTC-USDT-SWAP', 'instType': 'SWAP', 'method': 'current_period', 'realizedRate': '0.0000639925758241'}"
2025-05-23 16:00:00,1748016000000,6.39925758241e-05,BTC/USDT:USDT,"{'formulaType': 'withRate', 'fundingRate': '0.0000639925758241', 'fundingTime': '1748016000000', 'instId': 'BTC-USDT-SWAP', 'instType': 'SWAP', 'method': 'current_period', 'realizedRate': '0.0000639925758241'}"
2025-05-23 16:00:00,1748016000000,6.39925758241e-05,BTC/USDT:USDT,"{'formulaType': 'withRate', 'fundingRate': '0.0000639925758241', 'fundingTime': '1748016000000', 'instId': 'BTC-USDT-SWAP', 'instType': 'SWAP', 'method': 'current_period', 'realizedRate': '0.0000639925758241'}"
2025-05-23 16:00:00,1748016000000,6.39925758241e-05,BTC/USDT:USDT,"{'formulaType': 'withRate', 'fundingRate': '0.0000639925758241', 'fundingTime': '1748016000000', 'instId': 'BTC-USDT-SWAP', 'instType': 'SWAP', 'method': 'current_period', 'realizedRate': '0.0000639925758241'}"
2025-05-23 16:00:00,1748016000000,6.39925758241e-05,BTC/USDT:USDT,"{'formulaType': 'withRate', 'fundingRate': '0.0000639925758241', 'fundingTime': '1748016000000', 'instId': 'BTC-USDT-SWAP', 'instType': 'SWAP', 'method': 'current_period', 'realizedRate': '0.0000639925758241'}"
2025-05-23 16:00:00,1748016000000,6.39925758241e-05,BTC/USDT:USDT,"{'formulaType': 'withRate', 'fundingRate': '0.0000639925758241', 'fundingTime': '1748016000000', 'instId': 'BTC-USDT-SWAP', 'instType': 'SWAP', 'method': 'current_period', 'realizedRate': '0.0000639925758241'}"
2025-05-23 16:00:00,1748016000000,6.39925758241e-05,BTC/USDT:USDT,"{'formulaType': 'withRate', 'fundingRate': '0.0000639925758241', 'fundingTime': '1748016000000', 'instId': 'BTC-USDT-SWAP', 'instType': 'SWAP', 'method': 'current_period', 'realizedRate': '0.0000639925758241'}"
2025-05-24 00:00:00,1748044800000,7.00781411061e-05,BTC/USDT:USDT,"{'formulaType': 'withRate', 'fundingRate': '0.0000700781411061', 'fundingTime': '1748044800000', 'instId': 'BTC-USDT-SWAP', 'instType': 'SWAP', 'method': 'current_period', 'realizedRate': '0.0000700781411061'}"
2025-05-24 00:00:00,1748044800000,7.00781411061e-05,BTC/USDT:USDT,"{'formulaType': 'withRate', 'fundingRate': '0.0000700781411061', 'fundingTime': '1748044800000', 'instId': 'BTC-USDT-SWAP', 'instType': 'SWAP', 'method': 'current_period', 'realizedRate': '0.0000700781411061'}"
2025-05-24 00:00:00,1748044800000,7.00781411061e-05,BTC/USDT:USDT,"{'formulaType': 'withRate', 'fundingRate': '0.0000700781411061', 'fundingTime': '1748044800000', 'instId': 'BTC-USDT-SWAP', 'instType': 'SWAP', 'method': 'current_period', 'realizedRate': '0.0000700781411061'}"
2025-05-24 00:00:00,1748044800000,7.00781411061e-05,BTC/USDT:USDT,"{'formulaType': 'withRate', 'fundingRate': '0.0000700781411061', 'fundingTime': '1748044800000', 'instId': 'BTC-USDT-SWAP', 'instType': 'SWAP', 'method': 'current_period', 'realizedRate': '0.0000700781411061'}"
2025-05-24 00:00:00,1748044800000,7.00781411061e-05,BTC/USDT:USDT,"{'formulaType': 'withRate', 'fundingRate': '0.0000700781411061', 'fundingTime': '1748044800000', 'instId': 'BTC-USDT-SWAP', 'instType': 'SWAP', 'method': 'current_period', 'realizedRate': '0.0000700781411061'}"
2025-05-24 00:00:00,1748044800000,7.00781411061e-05,BTC/USDT:USDT,"{'formulaType': 'withRate', 'fundingRate': '0.0000700781411061', 'fundingTime': '1748044800000', 'instId': 'BTC-USDT-SWAP', 'instType': 'SWAP', 'method': 'current_period', 'realizedRate': '0.0000700781411061'}"
2025-05-24 00:00:00,1748044800000,7.00781411061e-05,BTC/USDT:USDT,"{'formulaType': 'withRate', 'fundingRate': '0.0000700781411061', 'fundingTime': '1748044800000', 'instId': 'BTC-USDT-SWAP', 'instType': 'SWAP', 'method': 'current_period', 'realizedRate': '0.0000700781411061'}"
2025-05-24 00:00:00,1748044800000,7.00781411061e-05,BTC/USDT:USDT,"{'formulaType': 'withRate', 'fundingRate': '0.0000700781411061', 'fundingTime': '1748044800000', 'instId': 'BTC-USDT-SWAP', 'instType': 'SWAP', 'method': 'current_period', 'realizedRate': '0.0000700781411061'}"
2025-05-24 00:00:00,1748044800000,7.00781411061e-05,BTC/USDT:USDT,"{'formulaType': 'withRate', 'fundingRate': '0.0000700781411061', 'fundingTime': '1748044800000', 'instId': 'BTC-USDT-SWAP', 'instType': 'SWAP', 'method': 'current_period', 'realizedRate': '0.0000700781411061'}"
2025-05-24 00:00:00,1748044800000,7.00781411061e-05,BTC/USDT:USDT,"{'formulaType': 'withRate', 'fundingRate': '0.0000700781411061', 'fundingTime': '1748044800000', 'instId': 'BTC-USDT-SWAP', 'instType': 'SWAP', 'method': 'current_period', 'realizedRate': '0.0000700781411061'}"
2025-05-24 00:00:00,1748044800000,7.00781411061e-05,BTC/USDT:USDT,"{'formulaType': 'withRate', 'fundingRate': '0.0000700781411061', 'fundingTime': '1748044800000', 'instId': 'BTC-USDT-SWAP', 'instType': 'SWAP', 'method': 'current_period', 'realizedRate': '0.0000700781411061'}"
2025-05-24 00:00:00,1748044800000,7.00781411061e-05,BTC/USDT:USDT,"{'formulaType': 'withRate', 'fundingRate': '0.0000700781411061', 'fundingTime': '1748044800000', 'instId': 'BTC-USDT-SWAP', 'instType': 'SWAP', 'method': 'current_period', 'realizedRate': '0.0000700781411061'}"
2025-05-24 00:00:00,1748044800000,7.00781411061e-05,BTC/USDT:USDT,"{'formulaType': 'withRate', 'fundingRate': '0.0000700781411061', 'fundingTime': '1748044800000', 'instId': 'BTC-USDT-SWAP', 'instType': 'SWAP', 'method': 'current_period', 'realizedRate': '0.0000700781411061'}"
2025-05-24 00:00:00,1748044800000,7.00781411061e-05,BTC/USDT:USDT,"{'formulaType': 'withRate', 'fundingRate': '0.0000700781411061', 'fundingTime': '1748044800000', 'instId': 'BTC-USDT-SWAP', 'instType': 'SWAP', 'method': 'current_period', 'realizedRate': '0.0000700781411061'}"
2025-05-24 00:00:00,1748044800000,7.00781411061e-05,BTC/USDT:USDT,"{'formulaType': 'withRate', 'fundingRate': '0.0000700781411061', 'fundingTime': '1748044800000', 'instId': 'BTC-USDT-SWAP', 'instType': 'SWAP', 'method': 'current_period', 'realizedRate': '0.0000700781411061'}"
2025-05-24 00:00:00,1748044800000,7.00781411061e-05,BTC/USDT:USDT,"{'formulaType': 'withRate', 'fundingRate': '0.0000700781411061', 'fundingTime': '1748044800000', 'instId': 'BTC-USDT-SWAP', 'instType': 'SWAP', 'method': 'current_period', 'realizedRate': '0.0000700781411061'}"
2025-05-24 00:00:00,1748044800000,7.00781411061e-05,BTC/USDT:USDT,"{'formulaType': 'withRate', 'fundingRate': '0.0000700781411061', 'fundingTime': '1748044800000', 'instId': 'BTC-USDT-SWAP', 'instType': 'SWAP', 'method': 'current_period', 'realizedRate': '0.0000700781411061'}"
2025-05-24 00:00:00,1748044800000,7.00781411061e-05,BTC/USDT:USDT,"{'formulaType': 'withRate', 'fundingRate': '0.0000700781411061', 'fundingTime': '1748044800000', 'instId': 'BTC-USDT-SWAP', 'instType': 'SWAP', 'method': 'current_period', 'realizedRate': '0.0000700781411061'}"
2025-05-24 00:00:00,1748044800000,7.00781411061e-05,BTC/USDT:USDT,"{'formulaType': 'withRate', 'fundingRate': '0.0000700781411061', 'fundingTime': '1748044800000', 'instId': 'BTC-USDT-SWAP', 'instType': 'SWAP', 'method': 'current_period', 'realizedRate': '0.0000700781411061'}"
2025-05-24 00:00:00,1748044800000,7.00781411061e-05,BTC/USDT:USDT,"{'formulaType': 'withRate', 'fundingRate': '0.0000700781411061', 'fundingTime': '1748044800000', 'instId': 'BTC-USDT-SWAP', 'instType': 'SWAP', 'method': 'current_period', 'realizedRate': '0.0000700781411061'}"
2025-05-24 00:00:00,1748044800000,7.00781411061e-05,BTC/USDT:USDT,"{'formulaType': 'withRate', 'fundingRate': '0.0000700781411061', 'fundingTime': '1748044800000', 'instId': 'BTC-USDT-SWAP', 'instType': 'SWAP', 'method': 'current_period', 'realizedRate': '0.0000700781411061'}"
2025-05-24 00:00:00,1748044800000,7.00781411061e-05,BTC/USDT:USDT,"{'formulaType': 'withRate', 'fundingRate': '0.0000700781411061', 'fundingTime': '1748044800000', 'instId': 'BTC-USDT-SWAP', 'instType': 'SWAP', 'method': 'current_period', 'realizedRate': '0.0000700781411061'}"
2025-05-24 00:00:00,1748044800000,7.00781411061e-05,BTC/USDT:USDT,"{'formulaType': 'withRate', 'fundingRate': '0.0000700781411061', 'fundingTime': '1748044800000', 'instId': 'BTC-USDT-SWAP', 'instType': 'SWAP', 'method': 'current_period', 'realizedRate': '0.0000700781411061'}"
2025-05-24 00:00:00,1748044800000,7.00781411061e-05,BTC/USDT:USDT,"{'formulaType': 'withRate', 'fundingRate': '0.0000700781411061', 'fundingTime': '1748044800000', 'instId': 'BTC-USDT-SWAP', 'instType': 'SWAP', 'method': 'current_period', 'realizedRate': '0.0000700781411061'}"
2025-05-24 00:00:00,1748044800000,7.00781411061e-05,BTC/USDT:USDT,"{'formulaType': 'withRate', 'fundingRate': '0.0000700781411061', 'fundingTime': '1748044800000', 'instId': 'BTC-USDT-SWAP', 'instType': 'SWAP', 'method': 'current_period', 'realizedRate': '0.0000700781411061'}"
2025-05-24 00:00:00,1748044800000,7.00781411061e-05,BTC/USDT:USDT,"{'formulaType': 'withRate', 'fundingRate': '0.0000700781411061', 'fundingTime': '1748044800000', 'instId': 'BTC-USDT-SWAP', 'instType': 'SWAP', 'method': 'current_period', 'realizedRate': '0.0000700781411061'}"
2025-05-24 00:00:00,1748044800000,7.00781411061e-05,BTC/USDT:USDT,"{'formulaType': 'withRate', 'fundingRate': '0.0000700781411061', 'fundingTime': '1748044800000', 'instId': 'BTC-USDT-SWAP', 'instType': 'SWAP', 'method': 'current_period', 'realizedRate': '0.0000700781411061'}"
2025-05-24 00:00:00,1748044800000,7.00781411061e-05,BTC/USDT:USDT,"{'formulaType': 'withRate', 'fundingRate': '0.0000700781411061', 'fundingTime': '1748044800000', 'instId': 'BTC-USDT-SWAP', 'instType': 'SWAP', 'method': 'current_period', 'realizedRate': '0.0000700781411061'}"
2025-05-24 00:00:00,1748044800000,7.00781411061e-05,BTC/USDT:USDT,"{'formulaType': 'withRate', 'fundingRate': '0.0000700781411061', 'fundingTime': '1748044800000', 'instId': 'BTC-USDT-SWAP', 'instType': 'SWAP', 'method': 'current_period', 'realizedRate': '0.0000700781411061'}"
2025-05-24 00:00:00,1748044800000,7.00781411061e-05,BTC/USDT:USDT,"{'formulaType': 'withRate', 'fundingRate': '0.0000700781411061', 'fundingTime': '1748044800000', 'instId': 'BTC-USDT-SWAP', 'instType': 'SWAP', 'method': 'current_period', 'realizedRate': '0.0000700781411061'}"
2025-05-24 00:00:00,1748044800000,7.00781411061e-05,BTC/USDT:USDT,"{'formulaType': 'withRate', 'fundingRate': '0.0000700781411061', 'fundingTime': '1748044800000', 'instId': 'BTC-USDT-SWAP', 'instType': 'SWAP', 'method': 'current_period', 'realizedRate': '0.0000700781411061'}"
2025-05-24 00:00:00,1748044800000,7.00781411061e-05,BTC/USDT:USDT,"{'formulaType': 'withRate', 'fundingRate': '0.0000700781411061', 'fundingTime': '1748044800000', 'instId': 'BTC-USDT-SWAP', 'instType': 'SWAP', 'method': 'current_period', 'realizedRate': '0.0000700781411061'}"
2025-05-24 00:00:00,1748044800000,7.00781411061e-05,BTC/USDT:USDT,"{'formulaType': 'withRate', 'fundingRate': '0.0000700781411061', 'fundingTime': '1748044800000', 'instId': 'BTC-USDT-SWAP', 'instType': 'SWAP', 'method': 'current_period', 'realizedRate': '0.0000700781411061'}"
2025-05-24 00:00:00,1748044800000,7.00781411061e-05,BTC/USDT:USDT,"{'formulaType': 'withRate', 'fundingRate': '0.0000700781411061', 'fundingTime': '1748044800000', 'instId': 'BTC-USDT-SWAP', 'instType': 'SWAP', 'method': 'current_period', 'realizedRate': '0.0000700781411061'}"
2025-05-24 00:00:00,1748044800000,7.00781411061e-05,BTC/USDT:USDT,"{'formulaType': 'withRate', 'fundingRate': '0.0000700781411061', 'fundingTime': '1748044800000', 'instId': 'BTC-USDT-SWAP', 'instType': 'SWAP', 'method': 'current_period', 'realizedRate': '0.0000700781411061'}"
2025-05-24 00:00:00,1748044800000,7.00781411061e-05,BTC/USDT:USDT,"{'formulaType': 'withRate', 'fundingRate': '0.0000700781411061', 'fundingTime': '1748044800000', 'instId': 'BTC-USDT-SWAP', 'instType': 'SWAP', 'method': 'current_period', 'realizedRate': '0.0000700781411061'}"
2025-05-24 00:00:00,1748044800000,7.00781411061e-05,BTC/USDT:USDT,"{'formulaType': 'withRate', 'fundingRate': '0.0000700781411061', 'fundingTime': '1748044800000', 'instId': 'BTC-USDT-SWAP', 'instType': 'SWAP', 'method': 'current_period', 'realizedRate': '0.0000700781411061'}"
2025-05-24 08:00:00,1748073600000,9.78884787909e-05,BTC/USDT:USDT,"{'formulaType': 'withRate', 'fundingRate': '0.0000978884787909', 'fundingTime': '1748073600000', 'instId': 'BTC-USDT-SWAP', 'instType': 'SWAP', 'method': 'current_period', 'realizedRate': '0.0000978884787909'}"
2025-05-24 08:00:00,1748073600000,9.78884787909e-05,BTC/USDT:USDT,"{'formulaType': 'withRate', 'fundingRate': '0.0000978884787909', 'fundingTime': '1748073600000', 'instId': 'BTC-USDT-SWAP', 'instType': 'SWAP', 'method': 'current_period', 'realizedRate': '0.0000978884787909'}"
2025-05-24 08:00:00,1748073600000,9.78884787909e-05,BTC/USDT:USDT,"{'formulaType': 'withRate', 'fundingRate': '0.0000978884787909', 'fundingTime': '1748073600000', 'instId': 'BTC-USDT-SWAP', 'instType': 'SWAP', 'method': 'current_period', 'realizedRate': '0.0000978884787909'}"
2025-05-24 08:00:00,1748073600000,9.78884787909e-05,BTC/USDT:USDT,"{'formulaType': 'withRate', 'fundingRate': '0.0000978884787909', 'fundingTime': '1748073600000', 'instId': 'BTC-USDT-SWAP', 'instType': 'SWAP', 'method': 'current_period', 'realizedRate': '0.0000978884787909'}"
2025-05-24 08:00:00,1748073600000,9.78884787909e-05,BTC/USDT:USDT,"{'formulaType': 'withRate', 'fundingRate': '0.0000978884787909', 'fundingTime': '1748073600000', 'instId': 'BTC-USDT-SWAP', 'instType': 'SWAP', 'method': 'current_period', 'realizedRate': '0.0000978884787909'}"
2025-05-24 08:00:00,1748073600000,9.78884787909e-05,BTC/USDT:USDT,"{'formulaType': 'withRate', 'fundingRate': '0.0000978884787909', 'fundingTime': '1748073600000', 'instId': 'BTC-USDT-SWAP', 'instType': 'SWAP', 'method': 'current_period', 'realizedRate': '0.0000978884787909'}"
2025-05-24 08:00:00,1748073600000,9.78884787909e-05,BTC/USDT:USDT,"{'formulaType': 'withRate', 'fundingRate': '0.0000978884787909', 'fundingTime': '1748073600000', 'instId': 'BTC-USDT-SWAP', 'instType': 'SWAP', 'method': 'current_period', 'realizedRate': '0.0000978884787909'}"
2025-05-24 08:00:00,1748073600000,9.78884787909e-05,BTC/USDT:USDT,"{'formulaType': 'withRate', 'fundingRate': '0.0000978884787909', 'fundingTime': '1748073600000', 'instId': 'BTC-USDT-SWAP', 'instType': 'SWAP', 'method': 'current_period', 'realizedRate': '0.0000978884787909'}"
2025-05-24 08:00:00,1748073600000,9.78884787909e-05,BTC/USDT:USDT,"{'formulaType': 'withRate', 'fundingRate': '0.0000978884787909', 'fundingTime': '1748073600000', 'instId': 'BTC-USDT-SWAP', 'instType': 'SWAP', 'method': 'current_period', 'realizedRate': '0.0000978884787909'}"
2025-05-24 08:00:00,1748073600000,9.78884787909e-05,BTC/USDT:USDT,"{'formulaType': 'withRate', 'fundingRate': '0.0000978884787909', 'fundingTime': '1748073600000', 'instId': 'BTC-USDT-SWAP', 'instType': 'SWAP', 'method': 'current_period', 'realizedRate': '0.0000978884787909'}"
2025-05-24 08:00:00,1748073600000,9.78884787909e-05,BTC/USDT:USDT,"{'formulaType': 'withRate', 'fundingRate': '0.0000978884787909', 'fundingTime': '1748073600000', 'instId': 'BTC-USDT-SWAP', 'instType': 'SWAP', 'method': 'current_period', 'realizedRate': '0.0000978884787909'}"
2025-05-24 08:00:00,1748073600000,9.78884787909e-05,BTC/USDT:USDT,"{'formulaType': 'withRate', 'fundingRate': '0.0000978884787909', 'fundingTime': '1748073600000', 'instId': 'BTC-USDT-SWAP', 'instType': 'SWAP', 'method': 'current_period', 'realizedRate': '0.0000978884787909'}"
2025-05-24 08:00:00,1748073600000,9.78884787909e-05,BTC/USDT:USDT,"{'formulaType': 'withRate', 'fundingRate': '0.0000978884787909', 'fundingTime': '1748073600000', 'instId': 'BTC-USDT-SWAP', 'instType': 'SWAP', 'method': 'current_period', 'realizedRate': '0.0000978884787909'}"
2025-05-24 08:00:00,1748073600000,9.78884787909e-05,BTC/USDT:USDT,"{'formulaType': 'withRate', 'fundingRate': '0.0000978884787909', 'fundingTime': '1748073600000', 'instId': 'BTC-USDT-SWAP', 'instType': 'SWAP', 'method': 'current_period', 'realizedRate': '0.0000978884787909'}"
2025-05-24 08:00:00,1748073600000,9.78884787909e-05,BTC/USDT:USDT,"{'formulaType': 'withRate', 'fundingRate': '0.0000978884787909', 'fundingTime': '1748073600000', 'instId': 'BTC-USDT-SWAP', 'instType': 'SWAP', 'method': 'current_period', 'realizedRate': '0.0000978884787909'}"
2025-05-24 08:00:00,1748073600000,9.78884787909e-05,BTC/USDT:USDT,"{'formulaType': 'withRate', 'fundingRate': '0.0000978884787909', 'fundingTime': '1748073600000', 'instId': 'BTC-USDT-SWAP', 'instType': 'SWAP', 'method': 'current_period', 'realizedRate': '0.0000978884787909'}"
2025-05-24 08:00:00,1748073600000,9.78884787909e-05,BTC/USDT:USDT,"{'formulaType': 'withRate', 'fundingRate': '0.0000978884787909', 'fundingTime': '1748073600000', 'instId': 'BTC-USDT-SWAP', 'instType': 'SWAP', 'method': 'current_period', 'realizedRate': '0.0000978884787909'}"
2025-05-24 08:00:00,1748073600000,9.78884787909e-05,BTC/USDT:USDT,"{'formulaType': 'withRate', 'fundingRate': '0.0000978884787909', 'fundingTime': '1748073600000', 'instId': 'BTC-USDT-SWAP', 'instType': 'SWAP', 'method': 'current_period', 'realizedRate': '0.0000978884787909'}"
2025-05-24 08:00:00,1748073600000,9.78884787909e-05,BTC/USDT:USDT,"{'formulaType': 'withRate', 'fundingRate': '0.0000978884787909', 'fundingTime': '1748073600000', 'instId': 'BTC-USDT-SWAP', 'instType': 'SWAP', 'method': 'current_period', 'realizedRate': '0.0000978884787909'}"
2025-05-24 08:00:00,1748073600000,9.78884787909e-05,BTC/USDT:USDT,"{'formulaType': 'withRate', 'fundingRate': '0.0000978884787909', 'fundingTime': '1748073600000', 'instId': 'BTC-USDT-SWAP', 'instType': 'SWAP', 'method': 'current_period', 'realizedRate': '0.0000978884787909'}"
2025-05-24 08:00:00,1748073600000,9.78884787909e-05,BTC/USDT:USDT,"{'formulaType': 'withRate', 'fundingRate': '0.0000978884787909', 'fundingTime': '1748073600000', 'instId': 'BTC-USDT-SWAP', 'instType': 'SWAP', 'method': 'current_period', 'realizedRate': '0.0000978884787909'}"
2025-05-24 08:00:00,1748073600000,9.78884787909e-05,BTC/USDT:USDT,"{'formulaType': 'withRate', 'fundingRate': '0.0000978884787909', 'fundingTime': '1748073600000', 'instId': 'BTC-USDT-SWAP', 'instType': 'SWAP', 'method': 'current_period', 'realizedRate': '0.0000978884787909'}"
2025-05-24 08:00:00,1748073600000,9.78884787909e-05,BTC/USDT:USDT,"{'formulaType': 'withRate', 'fundingRate': '0.0000978884787909', 'fundingTime': '1748073600000', 'instId': 'BTC-USDT-SWAP', 'instType': 'SWAP', 'method': 'current_period', 'realizedRate': '0.0000978884787909'}"
2025-05-24 08:00:00,1748073600000,9.78884787909e-05,BTC/USDT:USDT,"{'formulaType': 'withRate', 'fundingRate': '0.0000978884787909', 'fundingTime': '1748073600000', 'instId': 'BTC-USDT-SWAP', 'instType': 'SWAP', 'method': 'current_period', 'realizedRate': '0.0000978884787909'}"
2025-05-24 08:00:00,1748073600000,9.78884787909e-05,BTC/USDT:USDT,"{'formulaType': 'withRate', 'fundingRate': '0.0000978884787909', 'fundingTime': '1748073600000', 'instId': 'BTC-USDT-SWAP', 'instType': 'SWAP', 'method': 'current_period', 'realizedRate': '0.0000978884787909'}"
2025-05-24 08:00:00,1748073600000,9.78884787909e-05,BTC/USDT:USDT,"{'formulaType': 'withRate', 'fundingRate': '0.0000978884787909', 'fundingTime': '1748073600000', 'instId': 'BTC-USDT-SWAP', 'instType': 'SWAP', 'method': 'current_period', 'realizedRate': '0.0000978884787909'}"
2025-05-24 08:00:00,1748073600000,9.78884787909e-05,BTC/USDT:USDT,"{'formulaType': 'withRate', 'fundingRate': '0.0000978884787909', 'fundingTime': '1748073600000', 'instId': 'BTC-USDT-SWAP', 'instType': 'SWAP', 'method': 'current_period', 'realizedRate': '0.0000978884787909'}"
2025-05-24 08:00:00,1748073600000,9.78884787909e-05,BTC/USDT:USDT,"{'formulaType': 'withRate', 'fundingRate': '0.0000978884787909', 'fundingTime': '1748073600000', 'instId': 'BTC-USDT-SWAP', 'instType': 'SWAP', 'method': 'current_period', 'realizedRate': '0.0000978884787909'}"
2025-05-24 08:00:00,1748073600000,9.78884787909e-05,BTC/USDT:USDT,"{'formulaType': 'withRate', 'fundingRate': '0.0000978884787909', 'fundingTime': '1748073600000', 'instId': 'BTC-USDT-SWAP', 'instType': 'SWAP', 'method': 'current_period', 'realizedRate': '0.0000978884787909'}"
2025-05-24 08:00:00,1748073600000,9.78884787909e-05,BTC/USDT:USDT,"{'formulaType': 'withRate', 'fundingRate': '0.0000978884787909', 'fundingTime': '1748073600000', 'instId': 'BTC-USDT-SWAP', 'instType': 'SWAP', 'method': 'current_period', 'realizedRate': '0.0000978884787909'}"
2025-05-24 08:00:00,1748073600000,9.78884787909e-05,BTC/USDT:USDT,"{'formulaType': 'withRate', 'fundingRate': '0.0000978884787909', 'fundingTime': '1748073600000', 'instId': 'BTC-USDT-SWAP', 'instType': 'SWAP', 'method': 'current_period', 'realizedRate': '0.0000978884787909'}"
2025-05-24 08:00:00,1748073600000,9.78884787909e-05,BTC/USDT:USDT,"{'formulaType': 'withRate', 'fundingRate': '0.0000978884787909', 'fundingTime': '1748073600000', 'instId': 'BTC-USDT-SWAP', 'instType': 'SWAP', 'method': 'current_period', 'realizedRate': '0.0000978884787909'}"
2025-05-24 08:00:00,1748073600000,9.78884787909e-05,BTC/USDT:USDT,"{'formulaType': 'withRate', 'fundingRate': '0.0000978884787909', 'fundingTime': '1748073600000', 'instId': 'BTC-USDT-SWAP', 'instType': 'SWAP', 'method': 'current_period', 'realizedRate': '0.0000978884787909'}"
2025-05-24 08:00:00,1748073600000,9.78884787909e-05,BTC/USDT:USDT,"{'formulaType': 'withRate', 'fundingRate': '0.0000978884787909', 'fundingTime': '1748073600000', 'instId': 'BTC-USDT-SWAP', 'instType': 'SWAP', 'method': 'current_period', 'realizedRate': '0.0000978884787909'}"
2025-05-24 08:00:00,1748073600000,9.78884787909e-05,BTC/USDT:USDT,"{'formulaType': 'withRate', 'fundingRate': '0.0000978884787909', 'fundingTime': '1748073600000', 'instId': 'BTC-USDT-SWAP', 'instType': 'SWAP', 'method': 'current_period', 'realizedRate': '0.0000978884787909'}"
2025-05-24 08:00:00,1748073600000,9.78884787909e-05,BTC/USDT:USDT,"{'formulaType': 'withRate', 'fundingRate': '0.0000978884787909', 'fundingTime': '1748073600000', 'instId': 'BTC-USDT-SWAP', 'instType': 'SWAP', 'method': 'current_period', 'realizedRate': '0.0000978884787909'}"
2025-05-24 08:00:00,1748073600000,9.78884787909e-05,BTC/USDT:USDT,"{'formulaType': 'withRate', 'fundingRate': '0.0000978884787909', 'fundingTime': '1748073600000', 'instId': 'BTC-USDT-SWAP', 'instType': 'SWAP', 'method': 'current_period', 'realizedRate': '0.0000978884787909'}"
2025-05-24 16:00:00,1748102400000,0.0001,BTC/USDT:USDT,"{'formulaType': 'withRate', 'fundingRate': '0.0001', 'fundingTime': '1748102400000', 'instId': 'BTC-USDT-SWAP', 'instType': 'SWAP', 'method': 'current_period', 'realizedRate': '0.0001'}"
2025-05-24 16:00:00,1748102400000,0.0001,BTC/USDT:USDT,"{'formulaType': 'withRate', 'fundingRate': '0.0001', 'fundingTime': '1748102400000', 'instId': 'BTC-USDT-SWAP', 'instType': 'SWAP', 'method': 'current_period', 'realizedRate': '0.0001'}"
2025-05-24 16:00:00,1748102400000,0.0001,BTC/USDT:USDT,"{'formulaType': 'withRate', 'fundingRate': '0.0001', 'fundingTime': '1748102400000', 'instId': 'BTC-USDT-SWAP', 'instType': 'SWAP', 'method': 'current_period', 'realizedRate': '0.0001'}"
2025-05-24 16:00:00,1748102400000,0.0001,BTC/USDT:USDT,"{'formulaType': 'withRate', 'fundingRate': '0.0001', 'fundingTime': '1748102400000', 'instId': 'BTC-USDT-SWAP', 'instType': 'SWAP', 'method': 'current_period', 'realizedRate': '0.0001'}"
2025-05-24 16:00:00,1748102400000,0.0001,BTC/USDT:USDT,"{'formulaType': 'withRate', 'fundingRate': '0.0001', 'fundingTime': '1748102400000', 'instId': 'BTC-USDT-SWAP', 'instType': 'SWAP', 'method': 'current_period', 'realizedRate': '0.0001'}"
2025-05-24 16:00:00,1748102400000,0.0001,BTC/USDT:USDT,"{'formulaType': 'withRate', 'fundingRate': '0.0001', 'fundingTime': '1748102400000', 'instId': 'BTC-USDT-SWAP', 'instType': 'SWAP', 'method': 'current_period', 'realizedRate': '0.0001'}"
2025-05-24 16:00:00,1748102400000,0.0001,BTC/USDT:USDT,"{'formulaType': 'withRate', 'fundingRate': '0.0001', 'fundingTime': '1748102400000', 'instId': 'BTC-USDT-SWAP', 'instType': 'SWAP', 'method': 'current_period', 'realizedRate': '0.0001'}"
2025-05-24 16:00:00,1748102400000,0.0001,BTC/USDT:USDT,"{'formulaType': 'withRate', 'fundingRate': '0.0001', 'fundingTime': '1748102400000', 'instId': 'BTC-USDT-SWAP', 'instType': 'SWAP', 'method': 'current_period', 'realizedRate': '0.0001'}"
2025-05-24 16:00:00,1748102400000,0.0001,BTC/USDT:USDT,"{'formulaType': 'withRate', 'fundingRate': '0.0001', 'fundingTime': '1748102400000', 'instId': 'BTC-USDT-SWAP', 'instType': 'SWAP', 'method': 'current_period', 'realizedRate': '0.0001'}"
2025-05-24 16:00:00,1748102400000,0.0001,BTC/USDT:USDT,"{'formulaType': 'withRate', 'fundingRate': '0.0001', 'fundingTime': '1748102400000', 'instId': 'BTC-USDT-SWAP', 'instType': 'SWAP', 'method': 'current_period', 'realizedRate': '0.0001'}"
2025-05-24 16:00:00,1748102400000,0.0001,BTC/USDT:USDT,"{'formulaType': 'withRate', 'fundingRate': '0.0001', 'fundingTime': '1748102400000', 'instId': 'BTC-USDT-SWAP', 'instType': 'SWAP', 'method': 'current_period', 'realizedRate': '0.0001'}"
2025-05-24 16:00:00,1748102400000,0.0001,BTC/USDT:USDT,"{'formulaType': 'withRate', 'fundingRate': '0.0001', 'fundingTime': '1748102400000', 'instId': 'BTC-USDT-SWAP', 'instType': 'SWAP', 'method': 'current_period', 'realizedRate': '0.0001'}"
2025-05-24 16:00:00,1748102400000,0.0001,BTC/USDT:USDT,"{'formulaType': 'withRate', 'fundingRate': '0.0001', 'fundingTime': '1748102400000', 'instId': 'BTC-USDT-SWAP', 'instType': 'SWAP', 'method': 'current_period', 'realizedRate': '0.0001'}"
2025-05-24 16:00:00,1748102400000,0.0001,BTC/USDT:USDT,"{'formulaType': 'withRate', 'fundingRate': '0.0001', 'fundingTime': '1748102400000', 'instId': 'BTC-USDT-SWAP', 'instType': 'SWAP', 'method': 'current_period', 'realizedRate': '0.0001'}"
2025-05-24 16:00:00,1748102400000,0.0001,BTC/USDT:USDT,"{'formulaType': 'withRate', 'fundingRate': '0.0001', 'fundingTime': '1748102400000', 'instId': 'BTC-USDT-SWAP', 'instType': 'SWAP', 'method': 'current_period', 'realizedRate': '0.0001'}"
2025-05-24 16:00:00,1748102400000,0.0001,BTC/USDT:USDT,"{'formulaType': 'withRate', 'fundingRate': '0.0001', 'fundingTime': '1748102400000', 'instId': 'BTC-USDT-SWAP', 'instType': 'SWAP', 'method': 'current_period', 'realizedRate': '0.0001'}"
2025-05-24 16:00:00,1748102400000,0.0001,BTC/USDT:USDT,"{'formulaType': 'withRate', 'fundingRate': '0.0001', 'fundingTime': '1748102400000', 'instId': 'BTC-USDT-SWAP', 'instType': 'SWAP', 'method': 'current_period', 'realizedRate': '0.0001'}"
2025-05-24 16:00:00,1748102400000,0.0001,BTC/USDT:USDT,"{'formulaType': 'withRate', 'fundingRate': '0.0001', 'fundingTime': '1748102400000', 'instId': 'BTC-USDT-SWAP', 'instType': 'SWAP', 'method': 'current_period', 'realizedRate': '0.0001'}"
2025-05-24 16:00:00,1748102400000,0.0001,BTC/USDT:USDT,"{'formulaType': 'withRate', 'fundingRate': '0.0001', 'fundingTime': '1748102400000', 'instId': 'BTC-USDT-SWAP', 'instType': 'SWAP', 'method': 'current_period', 'realizedRate': '0.0001'}"
2025-05-24 16:00:00,1748102400000,0.0001,BTC/USDT:USDT,"{'formulaType': 'withRate', 'fundingRate': '0.0001', 'fundingTime': '1748102400000', 'instId': 'BTC-USDT-SWAP', 'instType': 'SWAP', 'method': 'current_period', 'realizedRate': '0.0001'}"
2025-05-24 16:00:00,1748102400000,0.0001,BTC/USDT:USDT,"{'formulaType': 'withRate', 'fundingRate': '0.0001', 'fundingTime': '1748102400000', 'instId': 'BTC-USDT-SWAP', 'instType': 'SWAP', 'method': 'current_period', 'realizedRate': '0.0001'}"
2025-05-24 16:00:00,1748102400000,0.0001,BTC/USDT:USDT,"{'formulaType': 'withRate', 'fundingRate': '0.0001', 'fundingTime': '1748102400000', 'instId': 'BTC-USDT-SWAP', 'instType': 'SWAP', 'method': 'current_period', 'realizedRate': '0.0001'}"
2025-05-24 16:00:00,1748102400000,0.0001,BTC/USDT:USDT,"{'formulaType': 'withRate', 'fundingRate': '0.0001', 'fundingTime': '1748102400000', 'instId': 'BTC-USDT-SWAP', 'instType': 'SWAP', 'method': 'current_period', 'realizedRate': '0.0001'}"
2025-05-24 16:00:00,1748102400000,0.0001,BTC/USDT:USDT,"{'formulaType': 'withRate', 'fundingRate': '0.0001', 'fundingTime': '1748102400000', 'instId': 'BTC-USDT-SWAP', 'instType': 'SWAP', 'method': 'current_period', 'realizedRate': '0.0001'}"
2025-05-24 16:00:00,1748102400000,0.0001,BTC/USDT:USDT,"{'formulaType': 'withRate', 'fundingRate': '0.0001', 'fundingTime': '1748102400000', 'instId': 'BTC-USDT-SWAP', 'instType': 'SWAP', 'method': 'current_period', 'realizedRate': '0.0001'}"
2025-05-24 16:00:00,1748102400000,0.0001,BTC/USDT:USDT,"{'formulaType': 'withRate', 'fundingRate': '0.0001', 'fundingTime': '1748102400000', 'instId': 'BTC-USDT-SWAP', 'instType': 'SWAP', 'method': 'current_period', 'realizedRate': '0.0001'}"
2025-05-24 16:00:00,1748102400000,0.0001,BTC/USDT:USDT,"{'formulaType': 'withRate', 'fundingRate': '0.0001', 'fundingTime': '1748102400000', 'instId': 'BTC-USDT-SWAP', 'instType': 'SWAP', 'method': 'current_period', 'realizedRate': '0.0001'}"
2025-05-24 16:00:00,1748102400000,0.0001,BTC/USDT:USDT,"{'formulaType': 'withRate', 'fundingRate': '0.0001', 'fundingTime': '1748102400000', 'instId': 'BTC-USDT-SWAP', 'instType': 'SWAP', 'method': 'current_period', 'realizedRate': '0.0001'}"
2025-05-24 16:00:00,1748102400000,0.0001,BTC/USDT:USDT,"{'formulaType': 'withRate', 'fundingRate': '0.0001', 'fundingTime': '1748102400000', 'instId': 'BTC-USDT-SWAP', 'instType': 'SWAP', 'method': 'current_period', 'realizedRate': '0.0001'}"
2025-05-24 16:00:00,1748102400000,0.0001,BTC/USDT:USDT,"{'formulaType': 'withRate', 'fundingRate': '0.0001', 'fundingTime': '1748102400000', 'instId': 'BTC-USDT-SWAP', 'instType': 'SWAP', 'method': 'current_period', 'realizedRate': '0.0001'}"
2025-05-24 16:00:00,1748102400000,0.0001,BTC/USDT:USDT,"{'formulaType': 'withRate', 'fundingRate': '0.0001', 'fundingTime': '1748102400000', 'instId': 'BTC-USDT-SWAP', 'instType': 'SWAP', 'method': 'current_period', 'realizedRate': '0.0001'}"
2025-05-24 16:00:00,1748102400000,0.0001,BTC/USDT:USDT,"{'formulaType': 'withRate', 'fundingRate': '0.0001', 'fundingTime': '1748102400000', 'instId': 'BTC-USDT-SWAP', 'instType': 'SWAP', 'method': 'current_period', 'realizedRate': '0.0001'}"
2025-05-24 16:00:00,1748102400000,0.0001,BTC/USDT:USDT,"{'formulaType': 'withRate', 'fundingRate': '0.0001', 'fundingTime': '1748102400000', 'instId': 'BTC-USDT-SWAP', 'instType': 'SWAP', 'method': 'current_period', 'realizedRate': '0.0001'}"
2025-05-24 16:00:00,1748102400000,0.0001,BTC/USDT:USDT,"{'formulaType': 'withRate', 'fundingRate': '0.0001', 'fundingTime': '1748102400000', 'instId': 'BTC-USDT-SWAP', 'instType': 'SWAP', 'method': 'current_period', 'realizedRate': '0.0001'}"
2025-05-24 16:00:00,1748102400000,0.0001,BTC/USDT:USDT,"{'formulaType': 'withRate', 'fundingRate': '0.0001', 'fundingTime': '1748102400000', 'instId': 'BTC-USDT-SWAP', 'instType': 'SWAP', 'method': 'current_period', 'realizedRate': '0.0001'}"
2025-05-24 16:00:00,1748102400000,0.0001,BTC/USDT:USDT,"{'formulaType': 'withRate', 'fundingRate': '0.0001', 'fundingTime': '1748102400000', 'instId': 'BTC-USDT-SWAP', 'instType': 'SWAP', 'method': 'current_period', 'realizedRate': '0.0001'}"
2025-05-24 16:00:00,1748102400000,0.0001,BTC/USDT:USDT,"{'formulaType': 'withRate', 'fundingRate': '0.0001', 'fundingTime': '1748102400000', 'instId': 'BTC-USDT-SWAP', 'instType': 'SWAP', 'method': 'current_period', 'realizedRate': '0.0001'}"
2025-05-25 00:00:00,1748131200000,0.0001,BTC/USDT:USDT,"{'formulaType': 'withRate', 'fundingRate': '0.0001', 'fundingTime': '1748131200000', 'instId': 'BTC-USDT-SWAP', 'instType': 'SWAP', 'method': 'current_period', 'realizedRate': '0.0001'}"
2025-05-25 00:00:00,1748131200000,0.0001,BTC/USDT:USDT,"{'formulaType': 'withRate', 'fundingRate': '0.0001', 'fundingTime': '1748131200000', 'instId': 'BTC-USDT-SWAP', 'instType': 'SWAP', 'method': 'current_period', 'realizedRate': '0.0001'}"
2025-05-25 00:00:00,1748131200000,0.0001,BTC/USDT:USDT,"{'formulaType': 'withRate', 'fundingRate': '0.0001', 'fundingTime': '1748131200000', 'instId': 'BTC-USDT-SWAP', 'instType': 'SWAP', 'method': 'current_period', 'realizedRate': '0.0001'}"
2025-05-25 00:00:00,1748131200000,0.0001,BTC/USDT:USDT,"{'formulaType': 'withRate', 'fundingRate': '0.0001', 'fundingTime': '1748131200000', 'instId': 'BTC-USDT-SWAP', 'instType': 'SWAP', 'method': 'current_period', 'realizedRate': '0.0001'}"
2025-05-25 00:00:00,1748131200000,0.0001,BTC/USDT:USDT,"{'formulaType': 'withRate', 'fundingRate': '0.0001', 'fundingTime': '1748131200000', 'instId': 'BTC-USDT-SWAP', 'instType': 'SWAP', 'method': 'current_period', 'realizedRate': '0.0001'}"
2025-05-25 00:00:00,1748131200000,0.0001,BTC/USDT:USDT,"{'formulaType': 'withRate', 'fundingRate': '0.0001', 'fundingTime': '1748131200000', 'instId': 'BTC-USDT-SWAP', 'instType': 'SWAP', 'method': 'current_period', 'realizedRate': '0.0001'}"
2025-05-25 00:00:00,1748131200000,0.0001,BTC/USDT:USDT,"{'formulaType': 'withRate', 'fundingRate': '0.0001', 'fundingTime': '1748131200000', 'instId': 'BTC-USDT-SWAP', 'instType': 'SWAP', 'method': 'current_period', 'realizedRate': '0.0001'}"
2025-05-25 00:00:00,1748131200000,0.0001,BTC/USDT:USDT,"{'formulaType': 'withRate', 'fundingRate': '0.0001', 'fundingTime': '1748131200000', 'instId': 'BTC-USDT-SWAP', 'instType': 'SWAP', 'method': 'current_period', 'realizedRate': '0.0001'}"
2025-05-25 00:00:00,1748131200000,0.0001,BTC/USDT:USDT,"{'formulaType': 'withRate', 'fundingRate': '0.0001', 'fundingTime': '1748131200000', 'instId': 'BTC-USDT-SWAP', 'instType': 'SWAP', 'method': 'current_period', 'realizedRate': '0.0001'}"
2025-05-25 00:00:00,1748131200000,0.0001,BTC/USDT:USDT,"{'formulaType': 'withRate', 'fundingRate': '0.0001', 'fundingTime': '1748131200000', 'instId': 'BTC-USDT-SWAP', 'instType': 'SWAP', 'method': 'current_period', 'realizedRate': '0.0001'}"
2025-05-25 00:00:00,1748131200000,0.0001,BTC/USDT:USDT,"{'formulaType': 'withRate', 'fundingRate': '0.0001', 'fundingTime': '1748131200000', 'instId': 'BTC-USDT-SWAP', 'instType': 'SWAP', 'method': 'current_period', 'realizedRate': '0.0001'}"
2025-05-25 00:00:00,1748131200000,0.0001,BTC/USDT:USDT,"{'formulaType': 'withRate', 'fundingRate': '0.0001', 'fundingTime': '1748131200000', 'instId': 'BTC-USDT-SWAP', 'instType': 'SWAP', 'method': 'current_period', 'realizedRate': '0.0001'}"
2025-05-25 00:00:00,1748131200000,0.0001,BTC/USDT:USDT,"{'formulaType': 'withRate', 'fundingRate': '0.0001', 'fundingTime': '1748131200000', 'instId': 'BTC-USDT-SWAP', 'instType': 'SWAP', 'method': 'current_period', 'realizedRate': '0.0001'}"
2025-05-25 00:00:00,1748131200000,0.0001,BTC/USDT:USDT,"{'formulaType': 'withRate', 'fundingRate': '0.0001', 'fundingTime': '1748131200000', 'instId': 'BTC-USDT-SWAP', 'instType': 'SWAP', 'method': 'current_period', 'realizedRate': '0.0001'}"
2025-05-25 00:00:00,1748131200000,0.0001,BTC/USDT:USDT,"{'formulaType': 'withRate', 'fundingRate': '0.0001', 'fundingTime': '1748131200000', 'instId': 'BTC-USDT-SWAP', 'instType': 'SWAP', 'method': 'current_period', 'realizedRate': '0.0001'}"
2025-05-25 00:00:00,1748131200000,0.0001,BTC/USDT:USDT,"{'formulaType': 'withRate', 'fundingRate': '0.0001', 'fundingTime': '1748131200000', 'instId': 'BTC-USDT-SWAP', 'instType': 'SWAP', 'method': 'current_period', 'realizedRate': '0.0001'}"
2025-05-25 00:00:00,1748131200000,0.0001,BTC/USDT:USDT,"{'formulaType': 'withRate', 'fundingRate': '0.0001', 'fundingTime': '1748131200000', 'instId': 'BTC-USDT-SWAP', 'instType': 'SWAP', 'method': 'current_period', 'realizedRate': '0.0001'}"
2025-05-25 00:00:00,1748131200000,0.0001,BTC/USDT:USDT,"{'formulaType': 'withRate', 'fundingRate': '0.0001', 'fundingTime': '1748131200000', 'instId': 'BTC-USDT-SWAP', 'instType': 'SWAP', 'method': 'current_period', 'realizedRate': '0.0001'}"
2025-05-25 00:00:00,1748131200000,0.0001,BTC/USDT:USDT,"{'formulaType': 'withRate', 'fundingRate': '0.0001', 'fundingTime': '1748131200000', 'instId': 'BTC-USDT-SWAP', 'instType': 'SWAP', 'method': 'current_period', 'realizedRate': '0.0001'}"
2025-05-25 00:00:00,1748131200000,0.0001,BTC/USDT:USDT,"{'formulaType': 'withRate', 'fundingRate': '0.0001', 'fundingTime': '1748131200000', 'instId': 'BTC-USDT-SWAP', 'instType': 'SWAP', 'method': 'current_period', 'realizedRate': '0.0001'}"
2025-05-25 00:00:00,1748131200000,0.0001,BTC/USDT:USDT,"{'formulaType': 'withRate', 'fundingRate': '0.0001', 'fundingTime': '1748131200000', 'instId': 'BTC-USDT-SWAP', 'instType': 'SWAP', 'method': 'current_period', 'realizedRate': '0.0001'}"
2025-05-25 00:00:00,1748131200000,0.0001,BTC/USDT:USDT,"{'formulaType': 'withRate', 'fundingRate': '0.0001', 'fundingTime': '1748131200000', 'instId': 'BTC-USDT-SWAP', 'instType': 'SWAP', 'method': 'current_period', 'realizedRate': '0.0001'}"
2025-05-25 00:00:00,1748131200000,0.0001,BTC/USDT:USDT,"{'formulaType': 'withRate', 'fundingRate': '0.0001', 'fundingTime': '1748131200000', 'instId': 'BTC-USDT-SWAP', 'instType': 'SWAP', 'method': 'current_period', 'realizedRate': '0.0001'}"
2025-05-25 00:00:00,1748131200000,0.0001,BTC/USDT:USDT,"{'formulaType': 'withRate', 'fundingRate': '0.0001', 'fundingTime': '1748131200000', 'instId': 'BTC-USDT-SWAP', 'instType': 'SWAP', 'method': 'current_period', 'realizedRate': '0.0001'}"
2025-05-25 00:00:00,1748131200000,0.0001,BTC/USDT:USDT,"{'formulaType': 'withRate', 'fundingRate': '0.0001', 'fundingTime': '1748131200000', 'instId': 'BTC-USDT-SWAP', 'instType': 'SWAP', 'method': 'current_period', 'realizedRate': '0.0001'}"
2025-05-25 00:00:00,1748131200000,0.0001,BTC/USDT:USDT,"{'formulaType': 'withRate', 'fundingRate': '0.0001', 'fundingTime': '1748131200000', 'instId': 'BTC-USDT-SWAP', 'instType': 'SWAP', 'method': 'current_period', 'realizedRate': '0.0001'}"
2025-05-25 00:00:00,1748131200000,0.0001,BTC/USDT:USDT,"{'formulaType': 'withRate', 'fundingRate': '0.0001', 'fundingTime': '1748131200000', 'instId': 'BTC-USDT-SWAP', 'instType': 'SWAP', 'method': 'current_period', 'realizedRate': '0.0001'}"
2025-05-25 00:00:00,1748131200000,0.0001,BTC/USDT:USDT,"{'formulaType': 'withRate', 'fundingRate': '0.0001', 'fundingTime': '1748131200000', 'instId': 'BTC-USDT-SWAP', 'instType': 'SWAP', 'method': 'current_period', 'realizedRate': '0.0001'}"
2025-05-25 00:00:00,1748131200000,0.0001,BTC/USDT:USDT,"{'formulaType': 'withRate', 'fundingRate': '0.0001', 'fundingTime': '1748131200000', 'instId': 'BTC-USDT-SWAP', 'instType': 'SWAP', 'method': 'current_period', 'realizedRate': '0.0001'}"
2025-05-25 00:00:00,1748131200000,0.0001,BTC/USDT:USDT,"{'formulaType': 'withRate', 'fundingRate': '0.0001', 'fundingTime': '1748131200000', 'instId': 'BTC-USDT-SWAP', 'instType': 'SWAP', 'method': 'current_period', 'realizedRate': '0.0001'}"
2025-05-25 00:00:00,1748131200000,0.0001,BTC/USDT:USDT,"{'formulaType': 'withRate', 'fundingRate': '0.0001', 'fundingTime': '1748131200000', 'instId': 'BTC-USDT-SWAP', 'instType': 'SWAP', 'method': 'current_period', 'realizedRate': '0.0001'}"
2025-05-25 00:00:00,1748131200000,0.0001,BTC/USDT:USDT,"{'formulaType': 'withRate', 'fundingRate': '0.0001', 'fundingTime': '1748131200000', 'instId': 'BTC-USDT-SWAP', 'instType': 'SWAP', 'method': 'current_period', 'realizedRate': '0.0001'}"
2025-05-25 00:00:00,1748131200000,0.0001,BTC/USDT:USDT,"{'formulaType': 'withRate', 'fundingRate': '0.0001', 'fundingTime': '1748131200000', 'instId': 'BTC-USDT-SWAP', 'instType': 'SWAP', 'method': 'current_period', 'realizedRate': '0.0001'}"
2025-05-25 00:00:00,1748131200000,0.0001,BTC/USDT:USDT,"{'formulaType': 'withRate', 'fundingRate': '0.0001', 'fundingTime': '1748131200000', 'instId': 'BTC-USDT-SWAP', 'instType': 'SWAP', 'method': 'current_period', 'realizedRate': '0.0001'}"
2025-05-25 00:00:00,1748131200000,0.0001,BTC/USDT:USDT,"{'formulaType': 'withRate', 'fundingRate': '0.0001', 'fundingTime': '1748131200000', 'instId': 'BTC-USDT-SWAP', 'instType': 'SWAP', 'method': 'current_period', 'realizedRate': '0.0001'}"
2025-05-25 00:00:00,1748131200000,0.0001,BTC/USDT:USDT,"{'formulaType': 'withRate', 'fundingRate': '0.0001', 'fundingTime': '1748131200000', 'instId': 'BTC-USDT-SWAP', 'instType': 'SWAP', 'method': 'current_period', 'realizedRate': '0.0001'}"
2025-05-25 00:00:00,1748131200000,0.0001,BTC/USDT:USDT,"{'formulaType': 'withRate', 'fundingRate': '0.0001', 'fundingTime': '1748131200000', 'instId': 'BTC-USDT-SWAP', 'instType': 'SWAP', 'method': 'current_period', 'realizedRate': '0.0001'}"
2025-05-25 08:00:00,1748160000000,6.35397311851e-05,BTC/USDT:USDT,"{'formulaType': 'withRate', 'fundingRate': '0.0000635397311851', 'fundingTime': '1748160000000', 'instId': 'BTC-USDT-SWAP', 'instType': 'SWAP', 'method': 'current_period', 'realizedRate': '0.0000635397311851'}"
2025-05-25 08:00:00,1748160000000,6.35397311851e-05,BTC/USDT:USDT,"{'formulaType': 'withRate', 'fundingRate': '0.0000635397311851', 'fundingTime': '1748160000000', 'instId': 'BTC-USDT-SWAP', 'instType': 'SWAP', 'method': 'current_period', 'realizedRate': '0.0000635397311851'}"
2025-05-25 08:00:00,1748160000000,6.35397311851e-05,BTC/USDT:USDT,"{'formulaType': 'withRate', 'fundingRate': '0.0000635397311851', 'fundingTime': '1748160000000', 'instId': 'BTC-USDT-SWAP', 'instType': 'SWAP', 'method': 'current_period', 'realizedRate': '0.0000635397311851'}"
2025-05-25 08:00:00,1748160000000,6.35397311851e-05,BTC/USDT:USDT,"{'formulaType': 'withRate', 'fundingRate': '0.0000635397311851', 'fundingTime': '1748160000000', 'instId': 'BTC-USDT-SWAP', 'instType': 'SWAP', 'method': 'current_period', 'realizedRate': '0.0000635397311851'}"
2025-05-25 08:00:00,1748160000000,6.35397311851e-05,BTC/USDT:USDT,"{'formulaType': 'withRate', 'fundingRate': '0.0000635397311851', 'fundingTime': '1748160000000', 'instId': 'BTC-USDT-SWAP', 'instType': 'SWAP', 'method': 'current_period', 'realizedRate': '0.0000635397311851'}"
2025-05-25 08:00:00,1748160000000,6.35397311851e-05,BTC/USDT:USDT,"{'formulaType': 'withRate', 'fundingRate': '0.0000635397311851', 'fundingTime': '1748160000000', 'instId': 'BTC-USDT-SWAP', 'instType': 'SWAP', 'method': 'current_period', 'realizedRate': '0.0000635397311851'}"
2025-05-25 08:00:00,1748160000000,6.35397311851e-05,BTC/USDT:USDT,"{'formulaType': 'withRate', 'fundingRate': '0.0000635397311851', 'fundingTime': '1748160000000', 'instId': 'BTC-USDT-SWAP', 'instType': 'SWAP', 'method': 'current_period', 'realizedRate': '0.0000635397311851'}"
2025-05-25 08:00:00,1748160000000,6.35397311851e-05,BTC/USDT:USDT,"{'formulaType': 'withRate', 'fundingRate': '0.0000635397311851', 'fundingTime': '1748160000000', 'instId': 'BTC-USDT-SWAP', 'instType': 'SWAP', 'method': 'current_period', 'realizedRate': '0.0000635397311851'}"
2025-05-25 08:00:00,1748160000000,6.35397311851e-05,BTC/USDT:USDT,"{'formulaType': 'withRate', 'fundingRate': '0.0000635397311851', 'fundingTime': '1748160000000', 'instId': 'BTC-USDT-SWAP', 'instType': 'SWAP', 'method': 'current_period', 'realizedRate': '0.0000635397311851'}"
2025-05-25 08:00:00,1748160000000,6.35397311851e-05,BTC/USDT:USDT,"{'formulaType': 'withRate', 'fundingRate': '0.0000635397311851', 'fundingTime': '1748160000000', 'instId': 'BTC-USDT-SWAP', 'instType': 'SWAP', 'method': 'current_period', 'realizedRate': '0.0000635397311851'}"
2025-05-25 08:00:00,1748160000000,6.35397311851e-05,BTC/USDT:USDT,"{'formulaType': 'withRate', 'fundingRate': '0.0000635397311851', 'fundingTime': '1748160000000', 'instId': 'BTC-USDT-SWAP', 'instType': 'SWAP', 'method': 'current_period', 'realizedRate': '0.0000635397311851'}"
2025-05-25 08:00:00,1748160000000,6.35397311851e-05,BTC/USDT:USDT,"{'formulaType': 'withRate', 'fundingRate': '0.0000635397311851', 'fundingTime': '1748160000000', 'instId': 'BTC-USDT-SWAP', 'instType': 'SWAP', 'method': 'current_period', 'realizedRate': '0.0000635397311851'}"
2025-05-25 08:00:00,1748160000000,6.35397311851e-05,BTC/USDT:USDT,"{'formulaType': 'withRate', 'fundingRate': '0.0000635397311851', 'fundingTime': '1748160000000', 'instId': 'BTC-USDT-SWAP', 'instType': 'SWAP', 'method': 'current_period', 'realizedRate': '0.0000635397311851'}"
2025-05-25 08:00:00,1748160000000,6.35397311851e-05,BTC/USDT:USDT,"{'formulaType': 'withRate', 'fundingRate': '0.0000635397311851', 'fundingTime': '1748160000000', 'instId': 'BTC-USDT-SWAP', 'instType': 'SWAP', 'method': 'current_period', 'realizedRate': '0.0000635397311851'}"
2025-05-25 08:00:00,1748160000000,6.35397311851e-05,BTC/USDT:USDT,"{'formulaType': 'withRate', 'fundingRate': '0.0000635397311851', 'fundingTime': '1748160000000', 'instId': 'BTC-USDT-SWAP', 'instType': 'SWAP', 'method': 'current_period', 'realizedRate': '0.0000635397311851'}"
2025-05-25 08:00:00,1748160000000,6.35397311851e-05,BTC/USDT:USDT,"{'formulaType': 'withRate', 'fundingRate': '0.0000635397311851', 'fundingTime': '1748160000000', 'instId': 'BTC-USDT-SWAP', 'instType': 'SWAP', 'method': 'current_period', 'realizedRate': '0.0000635397311851'}"
2025-05-25 08:00:00,1748160000000,6.35397311851e-05,BTC/USDT:USDT,"{'formulaType': 'withRate', 'fundingRate': '0.0000635397311851', 'fundingTime': '1748160000000', 'instId': 'BTC-USDT-SWAP', 'instType': 'SWAP', 'method': 'current_period', 'realizedRate': '0.0000635397311851'}"
2025-05-25 08:00:00,1748160000000,6.35397311851e-05,BTC/USDT:USDT,"{'formulaType': 'withRate', 'fundingRate': '0.0000635397311851', 'fundingTime': '1748160000000', 'instId': 'BTC-USDT-SWAP', 'instType': 'SWAP', 'method': 'current_period', 'realizedRate': '0.0000635397311851'}"
2025-05-25 08:00:00,1748160000000,6.35397311851e-05,BTC/USDT:USDT,"{'formulaType': 'withRate', 'fundingRate': '0.0000635397311851', 'fundingTime': '1748160000000', 'instId': 'BTC-USDT-SWAP', 'instType': 'SWAP', 'method': 'current_period', 'realizedRate': '0.0000635397311851'}"
2025-05-25 08:00:00,1748160000000,6.35397311851e-05,BTC/USDT:USDT,"{'formulaType': 'withRate', 'fundingRate': '0.0000635397311851', 'fundingTime': '1748160000000', 'instId': 'BTC-USDT-SWAP', 'instType': 'SWAP', 'method': 'current_period', 'realizedRate': '0.0000635397311851'}"
2025-05-25 08:00:00,1748160000000,6.35397311851e-05,BTC/USDT:USDT,"{'formulaType': 'withRate', 'fundingRate': '0.0000635397311851', 'fundingTime': '1748160000000', 'instId': 'BTC-USDT-SWAP', 'instType': 'SWAP', 'method': 'current_period', 'realizedRate': '0.0000635397311851'}"
2025-05-25 08:00:00,1748160000000,6.35397311851e-05,BTC/USDT:USDT,"{'formulaType': 'withRate', 'fundingRate': '0.0000635397311851', 'fundingTime': '1748160000000', 'instId': 'BTC-USDT-SWAP', 'instType': 'SWAP', 'method': 'current_period', 'realizedRate': '0.0000635397311851'}"
2025-05-25 08:00:00,1748160000000,6.35397311851e-05,BTC/USDT:USDT,"{'formulaType': 'withRate', 'fundingRate': '0.0000635397311851', 'fundingTime': '1748160000000', 'instId': 'BTC-USDT-SWAP', 'instType': 'SWAP', 'method': 'current_period', 'realizedRate': '0.0000635397311851'}"
2025-05-25 08:00:00,1748160000000,6.35397311851e-05,BTC/USDT:USDT,"{'formulaType': 'withRate', 'fundingRate': '0.0000635397311851', 'fundingTime': '1748160000000', 'instId': 'BTC-USDT-SWAP', 'instType': 'SWAP', 'method': 'current_period', 'realizedRate': '0.0000635397311851'}"
2025-05-25 08:00:00,1748160000000,6.35397311851e-05,BTC/USDT:USDT,"{'formulaType': 'withRate', 'fundingRate': '0.0000635397311851', 'fundingTime': '1748160000000', 'instId': 'BTC-USDT-SWAP', 'instType': 'SWAP', 'method': 'current_period', 'realizedRate': '0.0000635397311851'}"
2025-05-25 08:00:00,1748160000000,6.35397311851e-05,BTC/USDT:USDT,"{'formulaType': 'withRate', 'fundingRate': '0.0000635397311851', 'fundingTime': '1748160000000', 'instId': 'BTC-USDT-SWAP', 'instType': 'SWAP', 'method': 'current_period', 'realizedRate': '0.0000635397311851'}"
2025-05-25 08:00:00,1748160000000,6.35397311851e-05,BTC/USDT:USDT,"{'formulaType': 'withRate', 'fundingRate': '0.0000635397311851', 'fundingTime': '1748160000000', 'instId': 'BTC-USDT-SWAP', 'instType': 'SWAP', 'method': 'current_period', 'realizedRate': '0.0000635397311851'}"
2025-05-25 08:00:00,1748160000000,6.35397311851e-05,BTC/USDT:USDT,"{'formulaType': 'withRate', 'fundingRate': '0.0000635397311851', 'fundingTime': '1748160000000', 'instId': 'BTC-USDT-SWAP', 'instType': 'SWAP', 'method': 'current_period', 'realizedRate': '0.0000635397311851'}"
2025-05-25 08:00:00,1748160000000,6.35397311851e-05,BTC/USDT:USDT,"{'formulaType': 'withRate', 'fundingRate': '0.0000635397311851', 'fundingTime': '1748160000000', 'instId': 'BTC-USDT-SWAP', 'instType': 'SWAP', 'method': 'current_period', 'realizedRate': '0.0000635397311851'}"
2025-05-25 08:00:00,1748160000000,6.35397311851e-05,BTC/USDT:USDT,"{'formulaType': 'withRate', 'fundingRate': '0.0000635397311851', 'fundingTime': '1748160000000', 'instId': 'BTC-USDT-SWAP', 'instType': 'SWAP', 'method': 'current_period', 'realizedRate': '0.0000635397311851'}"
2025-05-25 08:00:00,1748160000000,6.35397311851e-05,BTC/USDT:USDT,"{'formulaType': 'withRate', 'fundingRate': '0.0000635397311851', 'fundingTime': '1748160000000', 'instId': 'BTC-USDT-SWAP', 'instType': 'SWAP', 'method': 'current_period', 'realizedRate': '0.0000635397311851'}"
2025-05-25 08:00:00,1748160000000,6.35397311851e-05,BTC/USDT:USDT,"{'formulaType': 'withRate', 'fundingRate': '0.0000635397311851', 'fundingTime': '1748160000000', 'instId': 'BTC-USDT-SWAP', 'instType': 'SWAP', 'method': 'current_period', 'realizedRate': '0.0000635397311851'}"
2025-05-25 08:00:00,1748160000000,6.35397311851e-05,BTC/USDT:USDT,"{'formulaType': 'withRate', 'fundingRate': '0.0000635397311851', 'fundingTime': '1748160000000', 'instId': 'BTC-USDT-SWAP', 'instType': 'SWAP', 'method': 'current_period', 'realizedRate': '0.0000635397311851'}"
2025-05-25 08:00:00,1748160000000,6.35397311851e-05,BTC/USDT:USDT,"{'formulaType': 'withRate', 'fundingRate': '0.0000635397311851', 'fundingTime': '1748160000000', 'instId': 'BTC-USDT-SWAP', 'instType': 'SWAP', 'method': 'current_period', 'realizedRate': '0.0000635397311851'}"
2025-05-25 08:00:00,1748160000000,6.35397311851e-05,BTC/USDT:USDT,"{'formulaType': 'withRate', 'fundingRate': '0.0000635397311851', 'fundingTime': '1748160000000', 'instId': 'BTC-USDT-SWAP', 'instType': 'SWAP', 'method': 'current_period', 'realizedRate': '0.0000635397311851'}"
2025-05-25 08:00:00,1748160000000,6.35397311851e-05,BTC/USDT:USDT,"{'formulaType': 'withRate', 'fundingRate': '0.0000635397311851', 'fundingTime': '1748160000000', 'instId': 'BTC-USDT-SWAP', 'instType': 'SWAP', 'method': 'current_period', 'realizedRate': '0.0000635397311851'}"
2025-05-25 08:00:00,1748160000000,6.35397311851e-05,BTC/USDT:USDT,"{'formulaType': 'withRate', 'fundingRate': '0.0000635397311851', 'fundingTime': '1748160000000', 'instId': 'BTC-USDT-SWAP', 'instType': 'SWAP', 'method': 'current_period', 'realizedRate': '0.0000635397311851'}"
2025-05-25 16:00:00,1748188800000,7.22316980628e-05,BTC/USDT:USDT,"{'formulaType': 'withRate', 'fundingRate': '0.0000722316980628', 'fundingTime': '1748188800000', 'instId': 'BTC-USDT-SWAP', 'instType': 'SWAP', 'method': 'current_period', 'realizedRate': '0.0000722316980628'}"
2025-05-25 16:00:00,1748188800000,7.22316980628e-05,BTC/USDT:USDT,"{'formulaType': 'withRate', 'fundingRate': '0.0000722316980628', 'fundingTime': '1748188800000', 'instId': 'BTC-USDT-SWAP', 'instType': 'SWAP', 'method': 'current_period', 'realizedRate': '0.0000722316980628'}"
2025-05-25 16:00:00,1748188800000,7.22316980628e-05,BTC/USDT:USDT,"{'formulaType': 'withRate', 'fundingRate': '0.0000722316980628', 'fundingTime': '1748188800000', 'instId': 'BTC-USDT-SWAP', 'instType': 'SWAP', 'method': 'current_period', 'realizedRate': '0.0000722316980628'}"
2025-05-25 16:00:00,1748188800000,7.22316980628e-05,BTC/USDT:USDT,"{'formulaType': 'withRate', 'fundingRate': '0.0000722316980628', 'fundingTime': '1748188800000', 'instId': 'BTC-USDT-SWAP', 'instType': 'SWAP', 'method': 'current_period', 'realizedRate': '0.0000722316980628'}"
2025-05-25 16:00:00,1748188800000,7.22316980628e-05,BTC/USDT:USDT,"{'formulaType': 'withRate', 'fundingRate': '0.0000722316980628', 'fundingTime': '1748188800000', 'instId': 'BTC-USDT-SWAP', 'instType': 'SWAP', 'method': 'current_period', 'realizedRate': '0.0000722316980628'}"
2025-05-25 16:00:00,1748188800000,7.22316980628e-05,BTC/USDT:USDT,"{'formulaType': 'withRate', 'fundingRate': '0.0000722316980628', 'fundingTime': '1748188800000', 'instId': 'BTC-USDT-SWAP', 'instType': 'SWAP', 'method': 'current_period', 'realizedRate': '0.0000722316980628'}"
2025-05-25 16:00:00,1748188800000,7.22316980628e-05,BTC/USDT:USDT,"{'formulaType': 'withRate', 'fundingRate': '0.0000722316980628', 'fundingTime': '1748188800000', 'instId': 'BTC-USDT-SWAP', 'instType': 'SWAP', 'method': 'current_period', 'realizedRate': '0.0000722316980628'}"
2025-05-25 16:00:00,1748188800000,7.22316980628e-05,BTC/USDT:USDT,"{'formulaType': 'withRate', 'fundingRate': '0.0000722316980628', 'fundingTime': '1748188800000', 'instId': 'BTC-USDT-SWAP', 'instType': 'SWAP', 'method': 'current_period', 'realizedRate': '0.0000722316980628'}"
2025-05-25 16:00:00,1748188800000,7.22316980628e-05,BTC/USDT:USDT,"{'formulaType': 'withRate', 'fundingRate': '0.0000722316980628', 'fundingTime': '1748188800000', 'instId': 'BTC-USDT-SWAP', 'instType': 'SWAP', 'method': 'current_period', 'realizedRate': '0.0000722316980628'}"
2025-05-25 16:00:00,1748188800000,7.22316980628e-05,BTC/USDT:USDT,"{'formulaType': 'withRate', 'fundingRate': '0.0000722316980628', 'fundingTime': '1748188800000', 'instId': 'BTC-USDT-SWAP', 'instType': 'SWAP', 'method': 'current_period', 'realizedRate': '0.0000722316980628'}"
2025-05-25 16:00:00,1748188800000,7.22316980628e-05,BTC/USDT:USDT,"{'formulaType': 'withRate', 'fundingRate': '0.0000722316980628', 'fundingTime': '1748188800000', 'instId': 'BTC-USDT-SWAP', 'instType': 'SWAP', 'method': 'current_period', 'realizedRate': '0.0000722316980628'}"
2025-05-25 16:00:00,1748188800000,7.22316980628e-05,BTC/USDT:USDT,"{'formulaType': 'withRate', 'fundingRate': '0.0000722316980628', 'fundingTime': '1748188800000', 'instId': 'BTC-USDT-SWAP', 'instType': 'SWAP', 'method': 'current_period', 'realizedRate': '0.0000722316980628'}"
2025-05-25 16:00:00,1748188800000,7.22316980628e-05,BTC/USDT:USDT,"{'formulaType': 'withRate', 'fundingRate': '0.0000722316980628', 'fundingTime': '1748188800000', 'instId': 'BTC-USDT-SWAP', 'instType': 'SWAP', 'method': 'current_period', 'realizedRate': '0.0000722316980628'}"
2025-05-25 16:00:00,1748188800000,7.22316980628e-05,BTC/USDT:USDT,"{'formulaType': 'withRate', 'fundingRate': '0.0000722316980628', 'fundingTime': '1748188800000', 'instId': 'BTC-USDT-SWAP', 'instType': 'SWAP', 'method': 'current_period', 'realizedRate': '0.0000722316980628'}"
2025-05-25 16:00:00,1748188800000,7.22316980628e-05,BTC/USDT:USDT,"{'formulaType': 'withRate', 'fundingRate': '0.0000722316980628', 'fundingTime': '1748188800000', 'instId': 'BTC-USDT-SWAP', 'instType': 'SWAP', 'method': 'current_period', 'realizedRate': '0.0000722316980628'}"
2025-05-25 16:00:00,1748188800000,7.22316980628e-05,BTC/USDT:USDT,"{'formulaType': 'withRate', 'fundingRate': '0.0000722316980628', 'fundingTime': '1748188800000', 'instId': 'BTC-USDT-SWAP', 'instType': 'SWAP', 'method': 'current_period', 'realizedRate': '0.0000722316980628'}"
2025-05-25 16:00:00,1748188800000,7.22316980628e-05,BTC/USDT:USDT,"{'formulaType': 'withRate', 'fundingRate': '0.0000722316980628', 'fundingTime': '1748188800000', 'instId': 'BTC-USDT-SWAP', 'instType': 'SWAP', 'method': 'current_period', 'realizedRate': '0.0000722316980628'}"
2025-05-25 16:00:00,1748188800000,7.22316980628e-05,BTC/USDT:USDT,"{'formulaType': 'withRate', 'fundingRate': '0.0000722316980628', 'fundingTime': '1748188800000', 'instId': 'BTC-USDT-SWAP', 'instType': 'SWAP', 'method': 'current_period', 'realizedRate': '0.0000722316980628'}"
2025-05-25 16:00:00,1748188800000,7.22316980628e-05,BTC/USDT:USDT,"{'formulaType': 'withRate', 'fundingRate': '0.0000722316980628', 'fundingTime': '1748188800000', 'instId': 'BTC-USDT-SWAP', 'instType': 'SWAP', 'method': 'current_period', 'realizedRate': '0.0000722316980628'}"
2025-05-25 16:00:00,1748188800000,7.22316980628e-05,BTC/USDT:USDT,"{'formulaType': 'withRate', 'fundingRate': '0.0000722316980628', 'fundingTime': '1748188800000', 'instId': 'BTC-USDT-SWAP', 'instType': 'SWAP', 'method': 'current_period', 'realizedRate': '0.0000722316980628'}"
2025-05-25 16:00:00,1748188800000,7.22316980628e-05,BTC/USDT:USDT,"{'formulaType': 'withRate', 'fundingRate': '0.0000722316980628', 'fundingTime': '1748188800000', 'instId': 'BTC-USDT-SWAP', 'instType': 'SWAP', 'method': 'current_period', 'realizedRate': '0.0000722316980628'}"
2025-05-25 16:00:00,1748188800000,7.22316980628e-05,BTC/USDT:USDT,"{'formulaType': 'withRate', 'fundingRate': '0.0000722316980628', 'fundingTime': '1748188800000', 'instId': 'BTC-USDT-SWAP', 'instType': 'SWAP', 'method': 'current_period', 'realizedRate': '0.0000722316980628'}"
2025-05-25 16:00:00,1748188800000,7.22316980628e-05,BTC/USDT:USDT,"{'formulaType': 'withRate', 'fundingRate': '0.0000722316980628', 'fundingTime': '1748188800000', 'instId': 'BTC-USDT-SWAP', 'instType': 'SWAP', 'method': 'current_period', 'realizedRate': '0.0000722316980628'}"
2025-05-25 16:00:00,1748188800000,7.22316980628e-05,BTC/USDT:USDT,"{'formulaType': 'withRate', 'fundingRate': '0.0000722316980628', 'fundingTime': '1748188800000', 'instId': 'BTC-USDT-SWAP', 'instType': 'SWAP', 'method': 'current_period', 'realizedRate': '0.0000722316980628'}"
2025-05-25 16:00:00,1748188800000,7.22316980628e-05,BTC/USDT:USDT,"{'formulaType': 'withRate', 'fundingRate': '0.0000722316980628', 'fundingTime': '1748188800000', 'instId': 'BTC-USDT-SWAP', 'instType': 'SWAP', 'method': 'current_period', 'realizedRate': '0.0000722316980628'}"
2025-05-25 16:00:00,1748188800000,7.22316980628e-05,BTC/USDT:USDT,"{'formulaType': 'withRate', 'fundingRate': '0.0000722316980628', 'fundingTime': '1748188800000', 'instId': 'BTC-USDT-SWAP', 'instType': 'SWAP', 'method': 'current_period', 'realizedRate': '0.0000722316980628'}"
2025-05-25 16:00:00,1748188800000,7.22316980628e-05,BTC/USDT:USDT,"{'formulaType': 'withRate', 'fundingRate': '0.0000722316980628', 'fundingTime': '1748188800000', 'instId': 'BTC-USDT-SWAP', 'instType': 'SWAP', 'method': 'current_period', 'realizedRate': '0.0000722316980628'}"
2025-05-25 16:00:00,1748188800000,7.22316980628e-05,BTC/USDT:USDT,"{'formulaType': 'withRate', 'fundingRate': '0.0000722316980628', 'fundingTime': '1748188800000', 'instId': 'BTC-USDT-SWAP', 'instType': 'SWAP', 'method': 'current_period', 'realizedRate': '0.0000722316980628'}"
2025-05-25 16:00:00,1748188800000,7.22316980628e-05,BTC/USDT:USDT,"{'formulaType': 'withRate', 'fundingRate': '0.0000722316980628', 'fundingTime': '1748188800000', 'instId': 'BTC-USDT-SWAP', 'instType': 'SWAP', 'method': 'current_period', 'realizedRate': '0.0000722316980628'}"
2025-05-25 16:00:00,1748188800000,7.22316980628e-05,BTC/USDT:USDT,"{'formulaType': 'withRate', 'fundingRate': '0.0000722316980628', 'fundingTime': '1748188800000', 'instId': 'BTC-USDT-SWAP', 'instType': 'SWAP', 'method': 'current_period', 'realizedRate': '0.0000722316980628'}"
2025-05-25 16:00:00,1748188800000,7.22316980628e-05,BTC/USDT:USDT,"{'formulaType': 'withRate', 'fundingRate': '0.0000722316980628', 'fundingTime': '1748188800000', 'instId': 'BTC-USDT-SWAP', 'instType': 'SWAP', 'method': 'current_period', 'realizedRate': '0.0000722316980628'}"
2025-05-25 16:00:00,1748188800000,7.22316980628e-05,BTC/USDT:USDT,"{'formulaType': 'withRate', 'fundingRate': '0.0000722316980628', 'fundingTime': '1748188800000', 'instId': 'BTC-USDT-SWAP', 'instType': 'SWAP', 'method': 'current_period', 'realizedRate': '0.0000722316980628'}"
2025-05-25 16:00:00,1748188800000,7.22316980628e-05,BTC/USDT:USDT,"{'formulaType': 'withRate', 'fundingRate': '0.0000722316980628', 'fundingTime': '1748188800000', 'instId': 'BTC-USDT-SWAP', 'instType': 'SWAP', 'method': 'current_period', 'realizedRate': '0.0000722316980628'}"
2025-05-25 16:00:00,1748188800000,7.22316980628e-05,BTC/USDT:USDT,"{'formulaType': 'withRate', 'fundingRate': '0.0000722316980628', 'fundingTime': '1748188800000', 'instId': 'BTC-USDT-SWAP', 'instType': 'SWAP', 'method': 'current_period', 'realizedRate': '0.0000722316980628'}"
2025-05-25 16:00:00,1748188800000,7.22316980628e-05,BTC/USDT:USDT,"{'formulaType': 'withRate', 'fundingRate': '0.0000722316980628', 'fundingTime': '1748188800000', 'instId': 'BTC-USDT-SWAP', 'instType': 'SWAP', 'method': 'current_period', 'realizedRate': '0.0000722316980628'}"
2025-05-25 16:00:00,1748188800000,7.22316980628e-05,BTC/USDT:USDT,"{'formulaType': 'withRate', 'fundingRate': '0.0000722316980628', 'fundingTime': '1748188800000', 'instId': 'BTC-USDT-SWAP', 'instType': 'SWAP', 'method': 'current_period', 'realizedRate': '0.0000722316980628'}"
2025-05-25 16:00:00,1748188800000,7.22316980628e-05,BTC/USDT:USDT,"{'formulaType': 'withRate', 'fundingRate': '0.0000722316980628', 'fundingTime': '1748188800000', 'instId': 'BTC-USDT-SWAP', 'instType': 'SWAP', 'method': 'current_period', 'realizedRate': '0.0000722316980628'}"
2025-05-26 00:00:00,1748217600000,0.0001,BTC/USDT:USDT,"{'formulaType': 'withRate', 'fundingRate': '0.0001', 'fundingTime': '1748217600000', 'instId': 'BTC-USDT-SWAP', 'instType': 'SWAP', 'method': 'current_period', 'realizedRate': '0.0001'}"
2025-05-26 00:00:00,1748217600000,0.0001,BTC/USDT:USDT,"{'formulaType': 'withRate', 'fundingRate': '0.0001', 'fundingTime': '1748217600000', 'instId': 'BTC-USDT-SWAP', 'instType': 'SWAP', 'method': 'current_period', 'realizedRate': '0.0001'}"
2025-05-26 00:00:00,1748217600000,0.0001,BTC/USDT:USDT,"{'formulaType': 'withRate', 'fundingRate': '0.0001', 'fundingTime': '1748217600000', 'instId': 'BTC-USDT-SWAP', 'instType': 'SWAP', 'method': 'current_period', 'realizedRate': '0.0001'}"
2025-05-26 00:00:00,1748217600000,0.0001,BTC/USDT:USDT,"{'formulaType': 'withRate', 'fundingRate': '0.0001', 'fundingTime': '1748217600000', 'instId': 'BTC-USDT-SWAP', 'instType': 'SWAP', 'method': 'current_period', 'realizedRate': '0.0001'}"
2025-05-26 00:00:00,1748217600000,0.0001,BTC/USDT:USDT,"{'formulaType': 'withRate', 'fundingRate': '0.0001', 'fundingTime': '1748217600000', 'instId': 'BTC-USDT-SWAP', 'instType': 'SWAP', 'method': 'current_period', 'realizedRate': '0.0001'}"
2025-05-26 00:00:00,1748217600000,0.0001,BTC/USDT:USDT,"{'formulaType': 'withRate', 'fundingRate': '0.0001', 'fundingTime': '1748217600000', 'instId': 'BTC-USDT-SWAP', 'instType': 'SWAP', 'method': 'current_period', 'realizedRate': '0.0001'}"
2025-05-26 00:00:00,1748217600000,0.0001,BTC/USDT:USDT,"{'formulaType': 'withRate', 'fundingRate': '0.0001', 'fundingTime': '1748217600000', 'instId': 'BTC-USDT-SWAP', 'instType': 'SWAP', 'method': 'current_period', 'realizedRate': '0.0001'}"
2025-05-26 00:00:00,1748217600000,0.0001,BTC/USDT:USDT,"{'formulaType': 'withRate', 'fundingRate': '0.0001', 'fundingTime': '1748217600000', 'instId': 'BTC-USDT-SWAP', 'instType': 'SWAP', 'method': 'current_period', 'realizedRate': '0.0001'}"
2025-05-26 00:00:00,1748217600000,0.0001,BTC/USDT:USDT,"{'formulaType': 'withRate', 'fundingRate': '0.0001', 'fundingTime': '1748217600000', 'instId': 'BTC-USDT-SWAP', 'instType': 'SWAP', 'method': 'current_period', 'realizedRate': '0.0001'}"
2025-05-26 00:00:00,1748217600000,0.0001,BTC/USDT:USDT,"{'formulaType': 'withRate', 'fundingRate': '0.0001', 'fundingTime': '1748217600000', 'instId': 'BTC-USDT-SWAP', 'instType': 'SWAP', 'method': 'current_period', 'realizedRate': '0.0001'}"
2025-05-26 00:00:00,1748217600000,0.0001,BTC/USDT:USDT,"{'formulaType': 'withRate', 'fundingRate': '0.0001', 'fundingTime': '1748217600000', 'instId': 'BTC-USDT-SWAP', 'instType': 'SWAP', 'method': 'current_period', 'realizedRate': '0.0001'}"
2025-05-26 00:00:00,1748217600000,0.0001,BTC/USDT:USDT,"{'formulaType': 'withRate', 'fundingRate': '0.0001', 'fundingTime': '1748217600000', 'instId': 'BTC-USDT-SWAP', 'instType': 'SWAP', 'method': 'current_period', 'realizedRate': '0.0001'}"
2025-05-26 00:00:00,1748217600000,0.0001,BTC/USDT:USDT,"{'formulaType': 'withRate', 'fundingRate': '0.0001', 'fundingTime': '1748217600000', 'instId': 'BTC-USDT-SWAP', 'instType': 'SWAP', 'method': 'current_period', 'realizedRate': '0.0001'}"
2025-05-26 00:00:00,1748217600000,0.0001,BTC/USDT:USDT,"{'formulaType': 'withRate', 'fundingRate': '0.0001', 'fundingTime': '1748217600000', 'instId': 'BTC-USDT-SWAP', 'instType': 'SWAP', 'method': 'current_period', 'realizedRate': '0.0001'}"
2025-05-26 00:00:00,1748217600000,0.0001,BTC/USDT:USDT,"{'formulaType': 'withRate', 'fundingRate': '0.0001', 'fundingTime': '1748217600000', 'instId': 'BTC-USDT-SWAP', 'instType': 'SWAP', 'method': 'current_period', 'realizedRate': '0.0001'}"
2025-05-26 00:00:00,1748217600000,0.0001,BTC/USDT:USDT,"{'formulaType': 'withRate', 'fundingRate': '0.0001', 'fundingTime': '1748217600000', 'instId': 'BTC-USDT-SWAP', 'instType': 'SWAP', 'method': 'current_period', 'realizedRate': '0.0001'}"
2025-05-26 00:00:00,1748217600000,0.0001,BTC/USDT:USDT,"{'formulaType': 'withRate', 'fundingRate': '0.0001', 'fundingTime': '1748217600000', 'instId': 'BTC-USDT-SWAP', 'instType': 'SWAP', 'method': 'current_period', 'realizedRate': '0.0001'}"
2025-05-26 00:00:00,1748217600000,0.0001,BTC/USDT:USDT,"{'formulaType': 'withRate', 'fundingRate': '0.0001', 'fundingTime': '1748217600000', 'instId': 'BTC-USDT-SWAP', 'instType': 'SWAP', 'method': 'current_period', 'realizedRate': '0.0001'}"
2025-05-26 00:00:00,1748217600000,0.0001,BTC/USDT:USDT,"{'formulaType': 'withRate', 'fundingRate': '0.0001', 'fundingTime': '1748217600000', 'instId': 'BTC-USDT-SWAP', 'instType': 'SWAP', 'method': 'current_period', 'realizedRate': '0.0001'}"
2025-05-26 00:00:00,1748217600000,0.0001,BTC/USDT:USDT,"{'formulaType': 'withRate', 'fundingRate': '0.0001', 'fundingTime': '1748217600000', 'instId': 'BTC-USDT-SWAP', 'instType': 'SWAP', 'method': 'current_period', 'realizedRate': '0.0001'}"
2025-05-26 00:00:00,1748217600000,0.0001,BTC/USDT:USDT,"{'formulaType': 'withRate', 'fundingRate': '0.0001', 'fundingTime': '1748217600000', 'instId': 'BTC-USDT-SWAP', 'instType': 'SWAP', 'method': 'current_period', 'realizedRate': '0.0001'}"
2025-05-26 00:00:00,1748217600000,0.0001,BTC/USDT:USDT,"{'formulaType': 'withRate', 'fundingRate': '0.0001', 'fundingTime': '1748217600000', 'instId': 'BTC-USDT-SWAP', 'instType': 'SWAP', 'method': 'current_period', 'realizedRate': '0.0001'}"
2025-05-26 00:00:00,1748217600000,0.0001,BTC/USDT:USDT,"{'formulaType': 'withRate', 'fundingRate': '0.0001', 'fundingTime': '1748217600000', 'instId': 'BTC-USDT-SWAP', 'instType': 'SWAP', 'method': 'current_period', 'realizedRate': '0.0001'}"
2025-05-26 00:00:00,1748217600000,0.0001,BTC/USDT:USDT,"{'formulaType': 'withRate', 'fundingRate': '0.0001', 'fundingTime': '1748217600000', 'instId': 'BTC-USDT-SWAP', 'instType': 'SWAP', 'method': 'current_period', 'realizedRate': '0.0001'}"
2025-05-26 00:00:00,1748217600000,0.0001,BTC/USDT:USDT,"{'formulaType': 'withRate', 'fundingRate': '0.0001', 'fundingTime': '1748217600000', 'instId': 'BTC-USDT-SWAP', 'instType': 'SWAP', 'method': 'current_period', 'realizedRate': '0.0001'}"
2025-05-26 00:00:00,1748217600000,0.0001,BTC/USDT:USDT,"{'formulaType': 'withRate', 'fundingRate': '0.0001', 'fundingTime': '1748217600000', 'instId': 'BTC-USDT-SWAP', 'instType': 'SWAP', 'method': 'current_period', 'realizedRate': '0.0001'}"
2025-05-26 00:00:00,1748217600000,0.0001,BTC/USDT:USDT,"{'formulaType': 'withRate', 'fundingRate': '0.0001', 'fundingTime': '1748217600000', 'instId': 'BTC-USDT-SWAP', 'instType': 'SWAP', 'method': 'current_period', 'realizedRate': '0.0001'}"
2025-05-26 00:00:00,1748217600000,0.0001,BTC/USDT:USDT,"{'formulaType': 'withRate', 'fundingRate': '0.0001', 'fundingTime': '1748217600000', 'instId': 'BTC-USDT-SWAP', 'instType': 'SWAP', 'method': 'current_period', 'realizedRate': '0.0001'}"
2025-05-26 00:00:00,1748217600000,0.0001,BTC/USDT:USDT,"{'formulaType': 'withRate', 'fundingRate': '0.0001', 'fundingTime': '1748217600000', 'instId': 'BTC-USDT-SWAP', 'instType': 'SWAP', 'method': 'current_period', 'realizedRate': '0.0001'}"
2025-05-26 00:00:00,1748217600000,0.0001,BTC/USDT:USDT,"{'formulaType': 'withRate', 'fundingRate': '0.0001', 'fundingTime': '1748217600000', 'instId': 'BTC-USDT-SWAP', 'instType': 'SWAP', 'method': 'current_period', 'realizedRate': '0.0001'}"
2025-05-26 00:00:00,1748217600000,0.0001,BTC/USDT:USDT,"{'formulaType': 'withRate', 'fundingRate': '0.0001', 'fundingTime': '1748217600000', 'instId': 'BTC-USDT-SWAP', 'instType': 'SWAP', 'method': 'current_period', 'realizedRate': '0.0001'}"
2025-05-26 00:00:00,1748217600000,0.0001,BTC/USDT:USDT,"{'formulaType': 'withRate', 'fundingRate': '0.0001', 'fundingTime': '1748217600000', 'instId': 'BTC-USDT-SWAP', 'instType': 'SWAP', 'method': 'current_period', 'realizedRate': '0.0001'}"
2025-05-26 00:00:00,1748217600000,0.0001,BTC/USDT:USDT,"{'formulaType': 'withRate', 'fundingRate': '0.0001', 'fundingTime': '1748217600000', 'instId': 'BTC-USDT-SWAP', 'instType': 'SWAP', 'method': 'current_period', 'realizedRate': '0.0001'}"
2025-05-26 00:00:00,1748217600000,0.0001,BTC/USDT:USDT,"{'formulaType': 'withRate', 'fundingRate': '0.0001', 'fundingTime': '1748217600000', 'instId': 'BTC-USDT-SWAP', 'instType': 'SWAP', 'method': 'current_period', 'realizedRate': '0.0001'}"
2025-05-26 00:00:00,1748217600000,0.0001,BTC/USDT:USDT,"{'formulaType': 'withRate', 'fundingRate': '0.0001', 'fundingTime': '1748217600000', 'instId': 'BTC-USDT-SWAP', 'instType': 'SWAP', 'method': 'current_period', 'realizedRate': '0.0001'}"
2025-05-26 00:00:00,1748217600000,0.0001,BTC/USDT:USDT,"{'formulaType': 'withRate', 'fundingRate': '0.0001', 'fundingTime': '1748217600000', 'instId': 'BTC-USDT-SWAP', 'instType': 'SWAP', 'method': 'current_period', 'realizedRate': '0.0001'}"
2025-05-26 00:00:00,1748217600000,0.0001,BTC/USDT:USDT,"{'formulaType': 'withRate', 'fundingRate': '0.0001', 'fundingTime': '1748217600000', 'instId': 'BTC-USDT-SWAP', 'instType': 'SWAP', 'method': 'current_period', 'realizedRate': '0.0001'}"
2025-05-26 08:00:00,1748246400000,0.0001,BTC/USDT:USDT,"{'formulaType': 'withRate', 'fundingRate': '0.0001', 'fundingTime': '1748246400000', 'instId': 'BTC-USDT-SWAP', 'instType': 'SWAP', 'method': 'current_period', 'realizedRate': '0.0001'}"
2025-05-26 08:00:00,1748246400000,0.0001,BTC/USDT:USDT,"{'formulaType': 'withRate', 'fundingRate': '0.0001', 'fundingTime': '1748246400000', 'instId': 'BTC-USDT-SWAP', 'instType': 'SWAP', 'method': 'current_period', 'realizedRate': '0.0001'}"
2025-05-26 08:00:00,1748246400000,0.0001,BTC/USDT:USDT,"{'formulaType': 'withRate', 'fundingRate': '0.0001', 'fundingTime': '1748246400000', 'instId': 'BTC-USDT-SWAP', 'instType': 'SWAP', 'method': 'current_period', 'realizedRate': '0.0001'}"
2025-05-26 08:00:00,1748246400000,0.0001,BTC/USDT:USDT,"{'formulaType': 'withRate', 'fundingRate': '0.0001', 'fundingTime': '1748246400000', 'instId': 'BTC-USDT-SWAP', 'instType': 'SWAP', 'method': 'current_period', 'realizedRate': '0.0001'}"
2025-05-26 08:00:00,1748246400000,0.0001,BTC/USDT:USDT,"{'formulaType': 'withRate', 'fundingRate': '0.0001', 'fundingTime': '1748246400000', 'instId': 'BTC-USDT-SWAP', 'instType': 'SWAP', 'method': 'current_period', 'realizedRate': '0.0001'}"
2025-05-26 08:00:00,1748246400000,0.0001,BTC/USDT:USDT,"{'formulaType': 'withRate', 'fundingRate': '0.0001', 'fundingTime': '1748246400000', 'instId': 'BTC-USDT-SWAP', 'instType': 'SWAP', 'method': 'current_period', 'realizedRate': '0.0001'}"
2025-05-26 08:00:00,1748246400000,0.0001,BTC/USDT:USDT,"{'formulaType': 'withRate', 'fundingRate': '0.0001', 'fundingTime': '1748246400000', 'instId': 'BTC-USDT-SWAP', 'instType': 'SWAP', 'method': 'current_period', 'realizedRate': '0.0001'}"
2025-05-26 08:00:00,1748246400000,0.0001,BTC/USDT:USDT,"{'formulaType': 'withRate', 'fundingRate': '0.0001', 'fundingTime': '1748246400000', 'instId': 'BTC-USDT-SWAP', 'instType': 'SWAP', 'method': 'current_period', 'realizedRate': '0.0001'}"
2025-05-26 08:00:00,1748246400000,0.0001,BTC/USDT:USDT,"{'formulaType': 'withRate', 'fundingRate': '0.0001', 'fundingTime': '1748246400000', 'instId': 'BTC-USDT-SWAP', 'instType': 'SWAP', 'method': 'current_period', 'realizedRate': '0.0001'}"
2025-05-26 08:00:00,1748246400000,0.0001,BTC/USDT:USDT,"{'formulaType': 'withRate', 'fundingRate': '0.0001', 'fundingTime': '1748246400000', 'instId': 'BTC-USDT-SWAP', 'instType': 'SWAP', 'method': 'current_period', 'realizedRate': '0.0001'}"
2025-05-26 08:00:00,1748246400000,0.0001,BTC/USDT:USDT,"{'formulaType': 'withRate', 'fundingRate': '0.0001', 'fundingTime': '1748246400000', 'instId': 'BTC-USDT-SWAP', 'instType': 'SWAP', 'method': 'current_period', 'realizedRate': '0.0001'}"
2025-05-26 08:00:00,1748246400000,0.0001,BTC/USDT:USDT,"{'formulaType': 'withRate', 'fundingRate': '0.0001', 'fundingTime': '1748246400000', 'instId': 'BTC-USDT-SWAP', 'instType': 'SWAP', 'method': 'current_period', 'realizedRate': '0.0001'}"
2025-05-26 08:00:00,1748246400000,0.0001,BTC/USDT:USDT,"{'formulaType': 'withRate', 'fundingRate': '0.0001', 'fundingTime': '1748246400000', 'instId': 'BTC-USDT-SWAP', 'instType': 'SWAP', 'method': 'current_period', 'realizedRate': '0.0001'}"
2025-05-26 08:00:00,1748246400000,0.0001,BTC/USDT:USDT,"{'formulaType': 'withRate', 'fundingRate': '0.0001', 'fundingTime': '1748246400000', 'instId': 'BTC-USDT-SWAP', 'instType': 'SWAP', 'method': 'current_period', 'realizedRate': '0.0001'}"
2025-05-26 08:00:00,1748246400000,0.0001,BTC/USDT:USDT,"{'formulaType': 'withRate', 'fundingRate': '0.0001', 'fundingTime': '1748246400000', 'instId': 'BTC-USDT-SWAP', 'instType': 'SWAP', 'method': 'current_period', 'realizedRate': '0.0001'}"
2025-05-26 08:00:00,1748246400000,0.0001,BTC/USDT:USDT,"{'formulaType': 'withRate', 'fundingRate': '0.0001', 'fundingTime': '1748246400000', 'instId': 'BTC-USDT-SWAP', 'instType': 'SWAP', 'method': 'current_period', 'realizedRate': '0.0001'}"
2025-05-26 08:00:00,1748246400000,0.0001,BTC/USDT:USDT,"{'formulaType': 'withRate', 'fundingRate': '0.0001', 'fundingTime': '1748246400000', 'instId': 'BTC-USDT-SWAP', 'instType': 'SWAP', 'method': 'current_period', 'realizedRate': '0.0001'}"
2025-05-26 08:00:00,1748246400000,0.0001,BTC/USDT:USDT,"{'formulaType': 'withRate', 'fundingRate': '0.0001', 'fundingTime': '1748246400000', 'instId': 'BTC-USDT-SWAP', 'instType': 'SWAP', 'method': 'current_period', 'realizedRate': '0.0001'}"
2025-05-26 08:00:00,1748246400000,0.0001,BTC/USDT:USDT,"{'formulaType': 'withRate', 'fundingRate': '0.0001', 'fundingTime': '1748246400000', 'instId': 'BTC-USDT-SWAP', 'instType': 'SWAP', 'method': 'current_period', 'realizedRate': '0.0001'}"
2025-05-26 08:00:00,1748246400000,0.0001,BTC/USDT:USDT,"{'formulaType': 'withRate', 'fundingRate': '0.0001', 'fundingTime': '1748246400000', 'instId': 'BTC-USDT-SWAP', 'instType': 'SWAP', 'method': 'current_period', 'realizedRate': '0.0001'}"
2025-05-26 08:00:00,1748246400000,0.0001,BTC/USDT:USDT,"{'formulaType': 'withRate', 'fundingRate': '0.0001', 'fundingTime': '1748246400000', 'instId': 'BTC-USDT-SWAP', 'instType': 'SWAP', 'method': 'current_period', 'realizedRate': '0.0001'}"
2025-05-26 08:00:00,1748246400000,0.0001,BTC/USDT:USDT,"{'formulaType': 'withRate', 'fundingRate': '0.0001', 'fundingTime': '1748246400000', 'instId': 'BTC-USDT-SWAP', 'instType': 'SWAP', 'method': 'current_period', 'realizedRate': '0.0001'}"
2025-05-26 08:00:00,1748246400000,0.0001,BTC/USDT:USDT,"{'formulaType': 'withRate', 'fundingRate': '0.0001', 'fundingTime': '1748246400000', 'instId': 'BTC-USDT-SWAP', 'instType': 'SWAP', 'method': 'current_period', 'realizedRate': '0.0001'}"
2025-05-26 08:00:00,1748246400000,0.0001,BTC/USDT:USDT,"{'formulaType': 'withRate', 'fundingRate': '0.0001', 'fundingTime': '1748246400000', 'instId': 'BTC-USDT-SWAP', 'instType': 'SWAP', 'method': 'current_period', 'realizedRate': '0.0001'}"
2025-05-26 08:00:00,1748246400000,0.0001,BTC/USDT:USDT,"{'formulaType': 'withRate', 'fundingRate': '0.0001', 'fundingTime': '1748246400000', 'instId': 'BTC-USDT-SWAP', 'instType': 'SWAP', 'method': 'current_period', 'realizedRate': '0.0001'}"
2025-05-26 08:00:00,1748246400000,0.0001,BTC/USDT:USDT,"{'formulaType': 'withRate', 'fundingRate': '0.0001', 'fundingTime': '1748246400000', 'instId': 'BTC-USDT-SWAP', 'instType': 'SWAP', 'method': 'current_period', 'realizedRate': '0.0001'}"
2025-05-26 08:00:00,1748246400000,0.0001,BTC/USDT:USDT,"{'formulaType': 'withRate', 'fundingRate': '0.0001', 'fundingTime': '1748246400000', 'instId': 'BTC-USDT-SWAP', 'instType': 'SWAP', 'method': 'current_period', 'realizedRate': '0.0001'}"
2025-05-26 08:00:00,1748246400000,0.0001,BTC/USDT:USDT,"{'formulaType': 'withRate', 'fundingRate': '0.0001', 'fundingTime': '1748246400000', 'instId': 'BTC-USDT-SWAP', 'instType': 'SWAP', 'method': 'current_period', 'realizedRate': '0.0001'}"
2025-05-26 08:00:00,1748246400000,0.0001,BTC/USDT:USDT,"{'formulaType': 'withRate', 'fundingRate': '0.0001', 'fundingTime': '1748246400000', 'instId': 'BTC-USDT-SWAP', 'instType': 'SWAP', 'method': 'current_period', 'realizedRate': '0.0001'}"
2025-05-26 08:00:00,1748246400000,0.0001,BTC/USDT:USDT,"{'formulaType': 'withRate', 'fundingRate': '0.0001', 'fundingTime': '1748246400000', 'instId': 'BTC-USDT-SWAP', 'instType': 'SWAP', 'method': 'current_period', 'realizedRate': '0.0001'}"
2025-05-26 08:00:00,1748246400000,0.0001,BTC/USDT:USDT,"{'formulaType': 'withRate', 'fundingRate': '0.0001', 'fundingTime': '1748246400000', 'instId': 'BTC-USDT-SWAP', 'instType': 'SWAP', 'method': 'current_period', 'realizedRate': '0.0001'}"
2025-05-26 08:00:00,1748246400000,0.0001,BTC/USDT:USDT,"{'formulaType': 'withRate', 'fundingRate': '0.0001', 'fundingTime': '1748246400000', 'instId': 'BTC-USDT-SWAP', 'instType': 'SWAP', 'method': 'current_period', 'realizedRate': '0.0001'}"
2025-05-26 08:00:00,1748246400000,0.0001,BTC/USDT:USDT,"{'formulaType': 'withRate', 'fundingRate': '0.0001', 'fundingTime': '1748246400000', 'instId': 'BTC-USDT-SWAP', 'instType': 'SWAP', 'method': 'current_period', 'realizedRate': '0.0001'}"
2025-05-26 08:00:00,1748246400000,0.0001,BTC/USDT:USDT,"{'formulaType': 'withRate', 'fundingRate': '0.0001', 'fundingTime': '1748246400000', 'instId': 'BTC-USDT-SWAP', 'instType': 'SWAP', 'method': 'current_period', 'realizedRate': '0.0001'}"
2025-05-26 08:00:00,1748246400000,0.0001,BTC/USDT:USDT,"{'formulaType': 'withRate', 'fundingRate': '0.0001', 'fundingTime': '1748246400000', 'instId': 'BTC-USDT-SWAP', 'instType': 'SWAP', 'method': 'current_period', 'realizedRate': '0.0001'}"
2025-05-26 08:00:00,1748246400000,0.0001,BTC/USDT:USDT,"{'formulaType': 'withRate', 'fundingRate': '0.0001', 'fundingTime': '1748246400000', 'instId': 'BTC-USDT-SWAP', 'instType': 'SWAP', 'method': 'current_period', 'realizedRate': '0.0001'}"
2025-05-26 08:00:00,1748246400000,0.0001,BTC/USDT:USDT,"{'formulaType': 'withRate', 'fundingRate': '0.0001', 'fundingTime': '1748246400000', 'instId': 'BTC-USDT-SWAP', 'instType': 'SWAP', 'method': 'current_period', 'realizedRate': '0.0001'}"
2025-05-26 16:00:00,1748275200000,0.0001,BTC/USDT:USDT,"{'formulaType': 'withRate', 'fundingRate': '0.0001', 'fundingTime': '1748275200000', 'instId': 'BTC-USDT-SWAP', 'instType': 'SWAP', 'method': 'current_period', 'realizedRate': '0.0001'}"
2025-05-26 16:00:00,1748275200000,0.0001,BTC/USDT:USDT,"{'formulaType': 'withRate', 'fundingRate': '0.0001', 'fundingTime': '1748275200000', 'instId': 'BTC-USDT-SWAP', 'instType': 'SWAP', 'method': 'current_period', 'realizedRate': '0.0001'}"
2025-05-26 16:00:00,1748275200000,0.0001,BTC/USDT:USDT,"{'formulaType': 'withRate', 'fundingRate': '0.0001', 'fundingTime': '1748275200000', 'instId': 'BTC-USDT-SWAP', 'instType': 'SWAP', 'method': 'current_period', 'realizedRate': '0.0001'}"
2025-05-26 16:00:00,1748275200000,0.0001,BTC/USDT:USDT,"{'formulaType': 'withRate', 'fundingRate': '0.0001', 'fundingTime': '1748275200000', 'instId': 'BTC-USDT-SWAP', 'instType': 'SWAP', 'method': 'current_period', 'realizedRate': '0.0001'}"
2025-05-26 16:00:00,1748275200000,0.0001,BTC/USDT:USDT,"{'formulaType': 'withRate', 'fundingRate': '0.0001', 'fundingTime': '1748275200000', 'instId': 'BTC-USDT-SWAP', 'instType': 'SWAP', 'method': 'current_period', 'realizedRate': '0.0001'}"
2025-05-26 16:00:00,1748275200000,0.0001,BTC/USDT:USDT,"{'formulaType': 'withRate', 'fundingRate': '0.0001', 'fundingTime': '1748275200000', 'instId': 'BTC-USDT-SWAP', 'instType': 'SWAP', 'method': 'current_period', 'realizedRate': '0.0001'}"
2025-05-26 16:00:00,1748275200000,0.0001,BTC/USDT:USDT,"{'formulaType': 'withRate', 'fundingRate': '0.0001', 'fundingTime': '1748275200000', 'instId': 'BTC-USDT-SWAP', 'instType': 'SWAP', 'method': 'current_period', 'realizedRate': '0.0001'}"
2025-05-26 16:00:00,1748275200000,0.0001,BTC/USDT:USDT,"{'formulaType': 'withRate', 'fundingRate': '0.0001', 'fundingTime': '1748275200000', 'instId': 'BTC-USDT-SWAP', 'instType': 'SWAP', 'method': 'current_period', 'realizedRate': '0.0001'}"
2025-05-26 16:00:00,1748275200000,0.0001,BTC/USDT:USDT,"{'formulaType': 'withRate', 'fundingRate': '0.0001', 'fundingTime': '1748275200000', 'instId': 'BTC-USDT-SWAP', 'instType': 'SWAP', 'method': 'current_period', 'realizedRate': '0.0001'}"
2025-05-26 16:00:00,1748275200000,0.0001,BTC/USDT:USDT,"{'formulaType': 'withRate', 'fundingRate': '0.0001', 'fundingTime': '1748275200000', 'instId': 'BTC-USDT-SWAP', 'instType': 'SWAP', 'method': 'current_period', 'realizedRate': '0.0001'}"
2025-05-26 16:00:00,1748275200000,0.0001,BTC/USDT:USDT,"{'formulaType': 'withRate', 'fundingRate': '0.0001', 'fundingTime': '1748275200000', 'instId': 'BTC-USDT-SWAP', 'instType': 'SWAP', 'method': 'current_period', 'realizedRate': '0.0001'}"
2025-05-26 16:00:00,1748275200000,0.0001,BTC/USDT:USDT,"{'formulaType': 'withRate', 'fundingRate': '0.0001', 'fundingTime': '1748275200000', 'instId': 'BTC-USDT-SWAP', 'instType': 'SWAP', 'method': 'current_period', 'realizedRate': '0.0001'}"
2025-05-26 16:00:00,1748275200000,0.0001,BTC/USDT:USDT,"{'formulaType': 'withRate', 'fundingRate': '0.0001', 'fundingTime': '1748275200000', 'instId': 'BTC-USDT-SWAP', 'instType': 'SWAP', 'method': 'current_period', 'realizedRate': '0.0001'}"
2025-05-26 16:00:00,1748275200000,0.0001,BTC/USDT:USDT,"{'formulaType': 'withRate', 'fundingRate': '0.0001', 'fundingTime': '1748275200000', 'instId': 'BTC-USDT-SWAP', 'instType': 'SWAP', 'method': 'current_period', 'realizedRate': '0.0001'}"
2025-05-26 16:00:00,1748275200000,0.0001,BTC/USDT:USDT,"{'formulaType': 'withRate', 'fundingRate': '0.0001', 'fundingTime': '1748275200000', 'instId': 'BTC-USDT-SWAP', 'instType': 'SWAP', 'method': 'current_period', 'realizedRate': '0.0001'}"
2025-05-26 16:00:00,1748275200000,0.0001,BTC/USDT:USDT,"{'formulaType': 'withRate', 'fundingRate': '0.0001', 'fundingTime': '1748275200000', 'instId': 'BTC-USDT-SWAP', 'instType': 'SWAP', 'method': 'current_period', 'realizedRate': '0.0001'}"
2025-05-26 16:00:00,1748275200000,0.0001,BTC/USDT:USDT,"{'formulaType': 'withRate', 'fundingRate': '0.0001', 'fundingTime': '1748275200000', 'instId': 'BTC-USDT-SWAP', 'instType': 'SWAP', 'method': 'current_period', 'realizedRate': '0.0001'}"
2025-05-26 16:00:00,1748275200000,0.0001,BTC/USDT:USDT,"{'formulaType': 'withRate', 'fundingRate': '0.0001', 'fundingTime': '1748275200000', 'instId': 'BTC-USDT-SWAP', 'instType': 'SWAP', 'method': 'current_period', 'realizedRate': '0.0001'}"
2025-05-26 16:00:00,1748275200000,0.0001,BTC/USDT:USDT,"{'formulaType': 'withRate', 'fundingRate': '0.0001', 'fundingTime': '1748275200000', 'instId': 'BTC-USDT-SWAP', 'instType': 'SWAP', 'method': 'current_period', 'realizedRate': '0.0001'}"
2025-05-26 16:00:00,1748275200000,0.0001,BTC/USDT:USDT,"{'formulaType': 'withRate', 'fundingRate': '0.0001', 'fundingTime': '1748275200000', 'instId': 'BTC-USDT-SWAP', 'instType': 'SWAP', 'method': 'current_period', 'realizedRate': '0.0001'}"
2025-05-26 16:00:00,1748275200000,0.0001,BTC/USDT:USDT,"{'formulaType': 'withRate', 'fundingRate': '0.0001', 'fundingTime': '1748275200000', 'instId': 'BTC-USDT-SWAP', 'instType': 'SWAP', 'method': 'current_period', 'realizedRate': '0.0001'}"
2025-05-26 16:00:00,1748275200000,0.0001,BTC/USDT:USDT,"{'formulaType': 'withRate', 'fundingRate': '0.0001', 'fundingTime': '1748275200000', 'instId': 'BTC-USDT-SWAP', 'instType': 'SWAP', 'method': 'current_period', 'realizedRate': '0.0001'}"
2025-05-26 16:00:00,1748275200000,0.0001,BTC/USDT:USDT,"{'formulaType': 'withRate', 'fundingRate': '0.0001', 'fundingTime': '1748275200000', 'instId': 'BTC-USDT-SWAP', 'instType': 'SWAP', 'method': 'current_period', 'realizedRate': '0.0001'}"
2025-05-26 16:00:00,1748275200000,0.0001,BTC/USDT:USDT,"{'formulaType': 'withRate', 'fundingRate': '0.0001', 'fundingTime': '1748275200000', 'instId': 'BTC-USDT-SWAP', 'instType': 'SWAP', 'method': 'current_period', 'realizedRate': '0.0001'}"
2025-05-26 16:00:00,1748275200000,0.0001,BTC/USDT:USDT,"{'formulaType': 'withRate', 'fundingRate': '0.0001', 'fundingTime': '1748275200000', 'instId': 'BTC-USDT-SWAP', 'instType': 'SWAP', 'method': 'current_period', 'realizedRate': '0.0001'}"
2025-05-26 16:00:00,1748275200000,0.0001,BTC/USDT:USDT,"{'formulaType': 'withRate', 'fundingRate': '0.0001', 'fundingTime': '1748275200000', 'instId': 'BTC-USDT-SWAP', 'instType': 'SWAP', 'method': 'current_period', 'realizedRate': '0.0001'}"
2025-05-26 16:00:00,1748275200000,0.0001,BTC/USDT:USDT,"{'formulaType': 'withRate', 'fundingRate': '0.0001', 'fundingTime': '1748275200000', 'instId': 'BTC-USDT-SWAP', 'instType': 'SWAP', 'method': 'current_period', 'realizedRate': '0.0001'}"
2025-05-26 16:00:00,1748275200000,0.0001,BTC/USDT:USDT,"{'formulaType': 'withRate', 'fundingRate': '0.0001', 'fundingTime': '1748275200000', 'instId': 'BTC-USDT-SWAP', 'instType': 'SWAP', 'method': 'current_period', 'realizedRate': '0.0001'}"
2025-05-26 16:00:00,1748275200000,0.0001,BTC/USDT:USDT,"{'formulaType': 'withRate', 'fundingRate': '0.0001', 'fundingTime': '1748275200000', 'instId': 'BTC-USDT-SWAP', 'instType': 'SWAP', 'method': 'current_period', 'realizedRate': '0.0001'}"
2025-05-26 16:00:00,1748275200000,0.0001,BTC/USDT:USDT,"{'formulaType': 'withRate', 'fundingRate': '0.0001', 'fundingTime': '1748275200000', 'instId': 'BTC-USDT-SWAP', 'instType': 'SWAP', 'method': 'current_period', 'realizedRate': '0.0001'}"
2025-05-26 16:00:00,1748275200000,0.0001,BTC/USDT:USDT,"{'formulaType': 'withRate', 'fundingRate': '0.0001', 'fundingTime': '1748275200000', 'instId': 'BTC-USDT-SWAP', 'instType': 'SWAP', 'method': 'current_period', 'realizedRate': '0.0001'}"
2025-05-26 16:00:00,1748275200000,0.0001,BTC/USDT:USDT,"{'formulaType': 'withRate', 'fundingRate': '0.0001', 'fundingTime': '1748275200000', 'instId': 'BTC-USDT-SWAP', 'instType': 'SWAP', 'method': 'current_period', 'realizedRate': '0.0001'}"
2025-05-26 16:00:00,1748275200000,0.0001,BTC/USDT:USDT,"{'formulaType': 'withRate', 'fundingRate': '0.0001', 'fundingTime': '1748275200000', 'instId': 'BTC-USDT-SWAP', 'instType': 'SWAP', 'method': 'current_period', 'realizedRate': '0.0001'}"
2025-05-26 16:00:00,1748275200000,0.0001,BTC/USDT:USDT,"{'formulaType': 'withRate', 'fundingRate': '0.0001', 'fundingTime': '1748275200000', 'instId': 'BTC-USDT-SWAP', 'instType': 'SWAP', 'method': 'current_period', 'realizedRate': '0.0001'}"
2025-05-26 16:00:00,1748275200000,0.0001,BTC/USDT:USDT,"{'formulaType': 'withRate', 'fundingRate': '0.0001', 'fundingTime': '1748275200000', 'instId': 'BTC-USDT-SWAP', 'instType': 'SWAP', 'method': 'current_period', 'realizedRate': '0.0001'}"
2025-05-26 16:00:00,1748275200000,0.0001,BTC/USDT:USDT,"{'formulaType': 'withRate', 'fundingRate': '0.0001', 'fundingTime': '1748275200000', 'instId': 'BTC-USDT-SWAP', 'instType': 'SWAP', 'method': 'current_period', 'realizedRate': '0.0001'}"
2025-05-26 16:00:00,1748275200000,0.0001,BTC/USDT:USDT,"{'formulaType': 'withRate', 'fundingRate': '0.0001', 'fundingTime': '1748275200000', 'instId': 'BTC-USDT-SWAP', 'instType': 'SWAP', 'method': 'current_period', 'realizedRate': '0.0001'}"
2025-05-27 00:00:00,1748304000000,0.0001,BTC/USDT:USDT,"{'formulaType': 'withRate', 'fundingRate': '0.0001', 'fundingTime': '1748304000000', 'instId': 'BTC-USDT-SWAP', 'instType': 'SWAP', 'method': 'current_period', 'realizedRate': '0.0001'}"
2025-05-27 00:00:00,1748304000000,0.0001,BTC/USDT:USDT,"{'formulaType': 'withRate', 'fundingRate': '0.0001', 'fundingTime': '1748304000000', 'instId': 'BTC-USDT-SWAP', 'instType': 'SWAP', 'method': 'current_period', 'realizedRate': '0.0001'}"
2025-05-27 00:00:00,1748304000000,0.0001,BTC/USDT:USDT,"{'formulaType': 'withRate', 'fundingRate': '0.0001', 'fundingTime': '1748304000000', 'instId': 'BTC-USDT-SWAP', 'instType': 'SWAP', 'method': 'current_period', 'realizedRate': '0.0001'}"
2025-05-27 00:00:00,1748304000000,0.0001,BTC/USDT:USDT,"{'formulaType': 'withRate', 'fundingRate': '0.0001', 'fundingTime': '1748304000000', 'instId': 'BTC-USDT-SWAP', 'instType': 'SWAP', 'method': 'current_period', 'realizedRate': '0.0001'}"
2025-05-27 00:00:00,1748304000000,0.0001,BTC/USDT:USDT,"{'formulaType': 'withRate', 'fundingRate': '0.0001', 'fundingTime': '1748304000000', 'instId': 'BTC-USDT-SWAP', 'instType': 'SWAP', 'method': 'current_period', 'realizedRate': '0.0001'}"
2025-05-27 00:00:00,1748304000000,0.0001,BTC/USDT:USDT,"{'formulaType': 'withRate', 'fundingRate': '0.0001', 'fundingTime': '1748304000000', 'instId': 'BTC-USDT-SWAP', 'instType': 'SWAP', 'method': 'current_period', 'realizedRate': '0.0001'}"
2025-05-27 00:00:00,1748304000000,0.0001,BTC/USDT:USDT,"{'formulaType': 'withRate', 'fundingRate': '0.0001', 'fundingTime': '1748304000000', 'instId': 'BTC-USDT-SWAP', 'instType': 'SWAP', 'method': 'current_period', 'realizedRate': '0.0001'}"
2025-05-27 00:00:00,1748304000000,0.0001,BTC/USDT:USDT,"{'formulaType': 'withRate', 'fundingRate': '0.0001', 'fundingTime': '1748304000000', 'instId': 'BTC-USDT-SWAP', 'instType': 'SWAP', 'method': 'current_period', 'realizedRate': '0.0001'}"
2025-05-27 00:00:00,1748304000000,0.0001,BTC/USDT:USDT,"{'formulaType': 'withRate', 'fundingRate': '0.0001', 'fundingTime': '1748304000000', 'instId': 'BTC-USDT-SWAP', 'instType': 'SWAP', 'method': 'current_period', 'realizedRate': '0.0001'}"
2025-05-27 00:00:00,1748304000000,0.0001,BTC/USDT:USDT,"{'formulaType': 'withRate', 'fundingRate': '0.0001', 'fundingTime': '1748304000000', 'instId': 'BTC-USDT-SWAP', 'instType': 'SWAP', 'method': 'current_period', 'realizedRate': '0.0001'}"
2025-05-27 00:00:00,1748304000000,0.0001,BTC/USDT:USDT,"{'formulaType': 'withRate', 'fundingRate': '0.0001', 'fundingTime': '1748304000000', 'instId': 'BTC-USDT-SWAP', 'instType': 'SWAP', 'method': 'current_period', 'realizedRate': '0.0001'}"
2025-05-27 00:00:00,1748304000000,0.0001,BTC/USDT:USDT,"{'formulaType': 'withRate', 'fundingRate': '0.0001', 'fundingTime': '1748304000000', 'instId': 'BTC-USDT-SWAP', 'instType': 'SWAP', 'method': 'current_period', 'realizedRate': '0.0001'}"
2025-05-27 00:00:00,1748304000000,0.0001,BTC/USDT:USDT,"{'formulaType': 'withRate', 'fundingRate': '0.0001', 'fundingTime': '1748304000000', 'instId': 'BTC-USDT-SWAP', 'instType': 'SWAP', 'method': 'current_period', 'realizedRate': '0.0001'}"
2025-05-27 00:00:00,1748304000000,0.0001,BTC/USDT:USDT,"{'formulaType': 'withRate', 'fundingRate': '0.0001', 'fundingTime': '1748304000000', 'instId': 'BTC-USDT-SWAP', 'instType': 'SWAP', 'method': 'current_period', 'realizedRate': '0.0001'}"
2025-05-27 00:00:00,1748304000000,0.0001,BTC/USDT:USDT,"{'formulaType': 'withRate', 'fundingRate': '0.0001', 'fundingTime': '1748304000000', 'instId': 'BTC-USDT-SWAP', 'instType': 'SWAP', 'method': 'current_period', 'realizedRate': '0.0001'}"
2025-05-27 00:00:00,1748304000000,0.0001,BTC/USDT:USDT,"{'formulaType': 'withRate', 'fundingRate': '0.0001', 'fundingTime': '1748304000000', 'instId': 'BTC-USDT-SWAP', 'instType': 'SWAP', 'method': 'current_period', 'realizedRate': '0.0001'}"
2025-05-27 00:00:00,1748304000000,0.0001,BTC/USDT:USDT,"{'formulaType': 'withRate', 'fundingRate': '0.0001', 'fundingTime': '1748304000000', 'instId': 'BTC-USDT-SWAP', 'instType': 'SWAP', 'method': 'current_period', 'realizedRate': '0.0001'}"
2025-05-27 00:00:00,1748304000000,0.0001,BTC/USDT:USDT,"{'formulaType': 'withRate', 'fundingRate': '0.0001', 'fundingTime': '1748304000000', 'instId': 'BTC-USDT-SWAP', 'instType': 'SWAP', 'method': 'current_period', 'realizedRate': '0.0001'}"
2025-05-27 00:00:00,1748304000000,0.0001,BTC/USDT:USDT,"{'formulaType': 'withRate', 'fundingRate': '0.0001', 'fundingTime': '1748304000000', 'instId': 'BTC-USDT-SWAP', 'instType': 'SWAP', 'method': 'current_period', 'realizedRate': '0.0001'}"
2025-05-27 00:00:00,1748304000000,0.0001,BTC/USDT:USDT,"{'formulaType': 'withRate', 'fundingRate': '0.0001', 'fundingTime': '1748304000000', 'instId': 'BTC-USDT-SWAP', 'instType': 'SWAP', 'method': 'current_period', 'realizedRate': '0.0001'}"
2025-05-27 00:00:00,1748304000000,0.0001,BTC/USDT:USDT,"{'formulaType': 'withRate', 'fundingRate': '0.0001', 'fundingTime': '1748304000000', 'instId': 'BTC-USDT-SWAP', 'instType': 'SWAP', 'method': 'current_period', 'realizedRate': '0.0001'}"
2025-05-27 00:00:00,1748304000000,0.0001,BTC/USDT:USDT,"{'formulaType': 'withRate', 'fundingRate': '0.0001', 'fundingTime': '1748304000000', 'instId': 'BTC-USDT-SWAP', 'instType': 'SWAP', 'method': 'current_period', 'realizedRate': '0.0001'}"
2025-05-27 00:00:00,1748304000000,0.0001,BTC/USDT:USDT,"{'formulaType': 'withRate', 'fundingRate': '0.0001', 'fundingTime': '1748304000000', 'instId': 'BTC-USDT-SWAP', 'instType': 'SWAP', 'method': 'current_period', 'realizedRate': '0.0001'}"
2025-05-27 00:00:00,1748304000000,0.0001,BTC/USDT:USDT,"{'formulaType': 'withRate', 'fundingRate': '0.0001', 'fundingTime': '1748304000000', 'instId': 'BTC-USDT-SWAP', 'instType': 'SWAP', 'method': 'current_period', 'realizedRate': '0.0001'}"
2025-05-27 00:00:00,1748304000000,0.0001,BTC/USDT:USDT,"{'formulaType': 'withRate', 'fundingRate': '0.0001', 'fundingTime': '1748304000000', 'instId': 'BTC-USDT-SWAP', 'instType': 'SWAP', 'method': 'current_period', 'realizedRate': '0.0001'}"
2025-05-27 00:00:00,1748304000000,0.0001,BTC/USDT:USDT,"{'formulaType': 'withRate', 'fundingRate': '0.0001', 'fundingTime': '1748304000000', 'instId': 'BTC-USDT-SWAP', 'instType': 'SWAP', 'method': 'current_period', 'realizedRate': '0.0001'}"
2025-05-27 00:00:00,1748304000000,0.0001,BTC/USDT:USDT,"{'formulaType': 'withRate', 'fundingRate': '0.0001', 'fundingTime': '1748304000000', 'instId': 'BTC-USDT-SWAP', 'instType': 'SWAP', 'method': 'current_period', 'realizedRate': '0.0001'}"
2025-05-27 00:00:00,1748304000000,0.0001,BTC/USDT:USDT,"{'formulaType': 'withRate', 'fundingRate': '0.0001', 'fundingTime': '1748304000000', 'instId': 'BTC-USDT-SWAP', 'instType': 'SWAP', 'method': 'current_period', 'realizedRate': '0.0001'}"
2025-05-27 00:00:00,1748304000000,0.0001,BTC/USDT:USDT,"{'formulaType': 'withRate', 'fundingRate': '0.0001', 'fundingTime': '1748304000000', 'instId': 'BTC-USDT-SWAP', 'instType': 'SWAP', 'method': 'current_period', 'realizedRate': '0.0001'}"
2025-05-27 00:00:00,1748304000000,0.0001,BTC/USDT:USDT,"{'formulaType': 'withRate', 'fundingRate': '0.0001', 'fundingTime': '1748304000000', 'instId': 'BTC-USDT-SWAP', 'instType': 'SWAP', 'method': 'current_period', 'realizedRate': '0.0001'}"
2025-05-27 00:00:00,1748304000000,0.0001,BTC/USDT:USDT,"{'formulaType': 'withRate', 'fundingRate': '0.0001', 'fundingTime': '1748304000000', 'instId': 'BTC-USDT-SWAP', 'instType': 'SWAP', 'method': 'current_period', 'realizedRate': '0.0001'}"
2025-05-27 00:00:00,1748304000000,0.0001,BTC/USDT:USDT,"{'formulaType': 'withRate', 'fundingRate': '0.0001', 'fundingTime': '1748304000000', 'instId': 'BTC-USDT-SWAP', 'instType': 'SWAP', 'method': 'current_period', 'realizedRate': '0.0001'}"
2025-05-27 00:00:00,1748304000000,0.0001,BTC/USDT:USDT,"{'formulaType': 'withRate', 'fundingRate': '0.0001', 'fundingTime': '1748304000000', 'instId': 'BTC-USDT-SWAP', 'instType': 'SWAP', 'method': 'current_period', 'realizedRate': '0.0001'}"
2025-05-27 00:00:00,1748304000000,0.0001,BTC/USDT:USDT,"{'formulaType': 'withRate', 'fundingRate': '0.0001', 'fundingTime': '1748304000000', 'instId': 'BTC-USDT-SWAP', 'instType': 'SWAP', 'method': 'current_period', 'realizedRate': '0.0001'}"
2025-05-27 00:00:00,1748304000000,0.0001,BTC/USDT:USDT,"{'formulaType': 'withRate', 'fundingRate': '0.0001', 'fundingTime': '1748304000000', 'instId': 'BTC-USDT-SWAP', 'instType': 'SWAP', 'method': 'current_period', 'realizedRate': '0.0001'}"
2025-05-27 00:00:00,1748304000000,0.0001,BTC/USDT:USDT,"{'formulaType': 'withRate', 'fundingRate': '0.0001', 'fundingTime': '1748304000000', 'instId': 'BTC-USDT-SWAP', 'instType': 'SWAP', 'method': 'current_period', 'realizedRate': '0.0001'}"
2025-05-27 00:00:00,1748304000000,0.0001,BTC/USDT:USDT,"{'formulaType': 'withRate', 'fundingRate': '0.0001', 'fundingTime': '1748304000000', 'instId': 'BTC-USDT-SWAP', 'instType': 'SWAP', 'method': 'current_period', 'realizedRate': '0.0001'}"
2025-05-27 08:00:00,1748332800000,5.14767620918e-05,BTC/USDT:USDT,"{'formulaType': 'withRate', 'fundingRate': '0.0000514767620918', 'fundingTime': '1748332800000', 'instId': 'BTC-USDT-SWAP', 'instType': 'SWAP', 'method': 'current_period', 'realizedRate': '0.0000514767620918'}"
2025-05-27 08:00:00,1748332800000,5.14767620918e-05,BTC/USDT:USDT,"{'formulaType': 'withRate', 'fundingRate': '0.0000514767620918', 'fundingTime': '1748332800000', 'instId': 'BTC-USDT-SWAP', 'instType': 'SWAP', 'method': 'current_period', 'realizedRate': '0.0000514767620918'}"
2025-05-27 08:00:00,1748332800000,5.14767620918e-05,BTC/USDT:USDT,"{'formulaType': 'withRate', 'fundingRate': '0.0000514767620918', 'fundingTime': '1748332800000', 'instId': 'BTC-USDT-SWAP', 'instType': 'SWAP', 'method': 'current_period', 'realizedRate': '0.0000514767620918'}"
2025-05-27 08:00:00,1748332800000,5.14767620918e-05,BTC/USDT:USDT,"{'formulaType': 'withRate', 'fundingRate': '0.0000514767620918', 'fundingTime': '1748332800000', 'instId': 'BTC-USDT-SWAP', 'instType': 'SWAP', 'method': 'current_period', 'realizedRate': '0.0000514767620918'}"
2025-05-27 08:00:00,1748332800000,5.14767620918e-05,BTC/USDT:USDT,"{'formulaType': 'withRate', 'fundingRate': '0.0000514767620918', 'fundingTime': '1748332800000', 'instId': 'BTC-USDT-SWAP', 'instType': 'SWAP', 'method': 'current_period', 'realizedRate': '0.0000514767620918'}"
2025-05-27 08:00:00,1748332800000,5.14767620918e-05,BTC/USDT:USDT,"{'formulaType': 'withRate', 'fundingRate': '0.0000514767620918', 'fundingTime': '1748332800000', 'instId': 'BTC-USDT-SWAP', 'instType': 'SWAP', 'method': 'current_period', 'realizedRate': '0.0000514767620918'}"
2025-05-27 08:00:00,1748332800000,5.14767620918e-05,BTC/USDT:USDT,"{'formulaType': 'withRate', 'fundingRate': '0.0000514767620918', 'fundingTime': '1748332800000', 'instId': 'BTC-USDT-SWAP', 'instType': 'SWAP', 'method': 'current_period', 'realizedRate': '0.0000514767620918'}"
2025-05-27 08:00:00,1748332800000,5.14767620918e-05,BTC/USDT:USDT,"{'formulaType': 'withRate', 'fundingRate': '0.0000514767620918', 'fundingTime': '1748332800000', 'instId': 'BTC-USDT-SWAP', 'instType': 'SWAP', 'method': 'current_period', 'realizedRate': '0.0000514767620918'}"
2025-05-27 08:00:00,1748332800000,5.14767620918e-05,BTC/USDT:USDT,"{'formulaType': 'withRate', 'fundingRate': '0.0000514767620918', 'fundingTime': '1748332800000', 'instId': 'BTC-USDT-SWAP', 'instType': 'SWAP', 'method': 'current_period', 'realizedRate': '0.0000514767620918'}"
2025-05-27 08:00:00,1748332800000,5.14767620918e-05,BTC/USDT:USDT,"{'formulaType': 'withRate', 'fundingRate': '0.0000514767620918', 'fundingTime': '1748332800000', 'instId': 'BTC-USDT-SWAP', 'instType': 'SWAP', 'method': 'current_period', 'realizedRate': '0.0000514767620918'}"
2025-05-27 08:00:00,1748332800000,5.14767620918e-05,BTC/USDT:USDT,"{'formulaType': 'withRate', 'fundingRate': '0.0000514767620918', 'fundingTime': '1748332800000', 'instId': 'BTC-USDT-SWAP', 'instType': 'SWAP', 'method': 'current_period', 'realizedRate': '0.0000514767620918'}"
2025-05-27 08:00:00,1748332800000,5.14767620918e-05,BTC/USDT:USDT,"{'formulaType': 'withRate', 'fundingRate': '0.0000514767620918', 'fundingTime': '1748332800000', 'instId': 'BTC-USDT-SWAP', 'instType': 'SWAP', 'method': 'current_period', 'realizedRate': '0.0000514767620918'}"
2025-05-27 08:00:00,1748332800000,5.14767620918e-05,BTC/USDT:USDT,"{'formulaType': 'withRate', 'fundingRate': '0.0000514767620918', 'fundingTime': '1748332800000', 'instId': 'BTC-USDT-SWAP', 'instType': 'SWAP', 'method': 'current_period', 'realizedRate': '0.0000514767620918'}"
2025-05-27 08:00:00,1748332800000,5.14767620918e-05,BTC/USDT:USDT,"{'formulaType': 'withRate', 'fundingRate': '0.0000514767620918', 'fundingTime': '1748332800000', 'instId': 'BTC-USDT-SWAP', 'instType': 'SWAP', 'method': 'current_period', 'realizedRate': '0.0000514767620918'}"
2025-05-27 08:00:00,1748332800000,5.14767620918e-05,BTC/USDT:USDT,"{'formulaType': 'withRate', 'fundingRate': '0.0000514767620918', 'fundingTime': '1748332800000', 'instId': 'BTC-USDT-SWAP', 'instType': 'SWAP', 'method': 'current_period', 'realizedRate': '0.0000514767620918'}"
2025-05-27 08:00:00,1748332800000,5.14767620918e-05,BTC/USDT:USDT,"{'formulaType': 'withRate', 'fundingRate': '0.0000514767620918', 'fundingTime': '1748332800000', 'instId': 'BTC-USDT-SWAP', 'instType': 'SWAP', 'method': 'current_period', 'realizedRate': '0.0000514767620918'}"
2025-05-27 08:00:00,1748332800000,5.14767620918e-05,BTC/USDT:USDT,"{'formulaType': 'withRate', 'fundingRate': '0.0000514767620918', 'fundingTime': '1748332800000', 'instId': 'BTC-USDT-SWAP', 'instType': 'SWAP', 'method': 'current_period', 'realizedRate': '0.0000514767620918'}"
2025-05-27 08:00:00,1748332800000,5.14767620918e-05,BTC/USDT:USDT,"{'formulaType': 'withRate', 'fundingRate': '0.0000514767620918', 'fundingTime': '1748332800000', 'instId': 'BTC-USDT-SWAP', 'instType': 'SWAP', 'method': 'current_period', 'realizedRate': '0.0000514767620918'}"
2025-05-27 08:00:00,1748332800000,5.14767620918e-05,BTC/USDT:USDT,"{'formulaType': 'withRate', 'fundingRate': '0.0000514767620918', 'fundingTime': '1748332800000', 'instId': 'BTC-USDT-SWAP', 'instType': 'SWAP', 'method': 'current_period', 'realizedRate': '0.0000514767620918'}"
2025-05-27 08:00:00,1748332800000,5.14767620918e-05,BTC/USDT:USDT,"{'formulaType': 'withRate', 'fundingRate': '0.0000514767620918', 'fundingTime': '1748332800000', 'instId': 'BTC-USDT-SWAP', 'instType': 'SWAP', 'method': 'current_period', 'realizedRate': '0.0000514767620918'}"
2025-05-27 08:00:00,1748332800000,5.14767620918e-05,BTC/USDT:USDT,"{'formulaType': 'withRate', 'fundingRate': '0.0000514767620918', 'fundingTime': '1748332800000', 'instId': 'BTC-USDT-SWAP', 'instType': 'SWAP', 'method': 'current_period', 'realizedRate': '0.0000514767620918'}"
2025-05-27 08:00:00,1748332800000,5.14767620918e-05,BTC/USDT:USDT,"{'formulaType': 'withRate', 'fundingRate': '0.0000514767620918', 'fundingTime': '1748332800000', 'instId': 'BTC-USDT-SWAP', 'instType': 'SWAP', 'method': 'current_period', 'realizedRate': '0.0000514767620918'}"
2025-05-27 08:00:00,1748332800000,5.14767620918e-05,BTC/USDT:USDT,"{'formulaType': 'withRate', 'fundingRate': '0.0000514767620918', 'fundingTime': '1748332800000', 'instId': 'BTC-USDT-SWAP', 'instType': 'SWAP', 'method': 'current_period', 'realizedRate': '0.0000514767620918'}"
2025-05-27 08:00:00,1748332800000,5.14767620918e-05,BTC/USDT:USDT,"{'formulaType': 'withRate', 'fundingRate': '0.0000514767620918', 'fundingTime': '1748332800000', 'instId': 'BTC-USDT-SWAP', 'instType': 'SWAP', 'method': 'current_period', 'realizedRate': '0.0000514767620918'}"
2025-05-27 08:00:00,1748332800000,5.14767620918e-05,BTC/USDT:USDT,"{'formulaType': 'withRate', 'fundingRate': '0.0000514767620918', 'fundingTime': '1748332800000', 'instId': 'BTC-USDT-SWAP', 'instType': 'SWAP', 'method': 'current_period', 'realizedRate': '0.0000514767620918'}"
2025-05-27 08:00:00,1748332800000,5.14767620918e-05,BTC/USDT:USDT,"{'formulaType': 'withRate', 'fundingRate': '0.0000514767620918', 'fundingTime': '1748332800000', 'instId': 'BTC-USDT-SWAP', 'instType': 'SWAP', 'method': 'current_period', 'realizedRate': '0.0000514767620918'}"
2025-05-27 08:00:00,1748332800000,5.14767620918e-05,BTC/USDT:USDT,"{'formulaType': 'withRate', 'fundingRate': '0.0000514767620918', 'fundingTime': '1748332800000', 'instId': 'BTC-USDT-SWAP', 'instType': 'SWAP', 'method': 'current_period', 'realizedRate': '0.0000514767620918'}"
2025-05-27 08:00:00,1748332800000,5.14767620918e-05,BTC/USDT:USDT,"{'formulaType': 'withRate', 'fundingRate': '0.0000514767620918', 'fundingTime': '1748332800000', 'instId': 'BTC-USDT-SWAP', 'instType': 'SWAP', 'method': 'current_period', 'realizedRate': '0.0000514767620918'}"
2025-05-27 08:00:00,1748332800000,5.14767620918e-05,BTC/USDT:USDT,"{'formulaType': 'withRate', 'fundingRate': '0.0000514767620918', 'fundingTime': '1748332800000', 'instId': 'BTC-USDT-SWAP', 'instType': 'SWAP', 'method': 'current_period', 'realizedRate': '0.0000514767620918'}"
2025-05-27 08:00:00,1748332800000,5.14767620918e-05,BTC/USDT:USDT,"{'formulaType': 'withRate', 'fundingRate': '0.0000514767620918', 'fundingTime': '1748332800000', 'instId': 'BTC-USDT-SWAP', 'instType': 'SWAP', 'method': 'current_period', 'realizedRate': '0.0000514767620918'}"
2025-05-27 08:00:00,1748332800000,5.14767620918e-05,BTC/USDT:USDT,"{'formulaType': 'withRate', 'fundingRate': '0.0000514767620918', 'fundingTime': '1748332800000', 'instId': 'BTC-USDT-SWAP', 'instType': 'SWAP', 'method': 'current_period', 'realizedRate': '0.0000514767620918'}"
2025-05-27 08:00:00,1748332800000,5.14767620918e-05,BTC/USDT:USDT,"{'formulaType': 'withRate', 'fundingRate': '0.0000514767620918', 'fundingTime': '1748332800000', 'instId': 'BTC-USDT-SWAP', 'instType': 'SWAP', 'method': 'current_period', 'realizedRate': '0.0000514767620918'}"
2025-05-27 08:00:00,1748332800000,5.14767620918e-05,BTC/USDT:USDT,"{'formulaType': 'withRate', 'fundingRate': '0.0000514767620918', 'fundingTime': '1748332800000', 'instId': 'BTC-USDT-SWAP', 'instType': 'SWAP', 'method': 'current_period', 'realizedRate': '0.0000514767620918'}"
2025-05-27 08:00:00,1748332800000,5.14767620918e-05,BTC/USDT:USDT,"{'formulaType': 'withRate', 'fundingRate': '0.0000514767620918', 'fundingTime': '1748332800000', 'instId': 'BTC-USDT-SWAP', 'instType': 'SWAP', 'method': 'current_period', 'realizedRate': '0.0000514767620918'}"
2025-05-27 08:00:00,1748332800000,5.14767620918e-05,BTC/USDT:USDT,"{'formulaType': 'withRate', 'fundingRate': '0.0000514767620918', 'fundingTime': '1748332800000', 'instId': 'BTC-USDT-SWAP', 'instType': 'SWAP', 'method': 'current_period', 'realizedRate': '0.0000514767620918'}"
2025-05-27 08:00:00,1748332800000,5.14767620918e-05,BTC/USDT:USDT,"{'formulaType': 'withRate', 'fundingRate': '0.0000514767620918', 'fundingTime': '1748332800000', 'instId': 'BTC-USDT-SWAP', 'instType': 'SWAP', 'method': 'current_period', 'realizedRate': '0.0000514767620918'}"
2025-05-27 08:00:00,1748332800000,5.14767620918e-05,BTC/USDT:USDT,"{'formulaType': 'withRate', 'fundingRate': '0.0000514767620918', 'fundingTime': '1748332800000', 'instId': 'BTC-USDT-SWAP', 'instType': 'SWAP', 'method': 'current_period', 'realizedRate': '0.0000514767620918'}"
2025-05-27 16:00:00,1748361600000,3.73499194977e-05,BTC/USDT:USDT,"{'formulaType': 'withRate', 'fundingRate': '0.0000373499194977', 'fundingTime': '1748361600000', 'instId': 'BTC-USDT-SWAP', 'instType': 'SWAP', 'method': 'current_period', 'realizedRate': '0.0000373499194977'}"
2025-05-27 16:00:00,1748361600000,3.73499194977e-05,BTC/USDT:USDT,"{'formulaType': 'withRate', 'fundingRate': '0.0000373499194977', 'fundingTime': '1748361600000', 'instId': 'BTC-USDT-SWAP', 'instType': 'SWAP', 'method': 'current_period', 'realizedRate': '0.0000373499194977'}"
2025-05-27 16:00:00,1748361600000,3.73499194977e-05,BTC/USDT:USDT,"{'formulaType': 'withRate', 'fundingRate': '0.0000373499194977', 'fundingTime': '1748361600000', 'instId': 'BTC-USDT-SWAP', 'instType': 'SWAP', 'method': 'current_period', 'realizedRate': '0.0000373499194977'}"
2025-05-27 16:00:00,1748361600000,3.73499194977e-05,BTC/USDT:USDT,"{'formulaType': 'withRate', 'fundingRate': '0.0000373499194977', 'fundingTime': '1748361600000', 'instId': 'BTC-USDT-SWAP', 'instType': 'SWAP', 'method': 'current_period', 'realizedRate': '0.0000373499194977'}"
2025-05-27 16:00:00,1748361600000,3.73499194977e-05,BTC/USDT:USDT,"{'formulaType': 'withRate', 'fundingRate': '0.0000373499194977', 'fundingTime': '1748361600000', 'instId': 'BTC-USDT-SWAP', 'instType': 'SWAP', 'method': 'current_period', 'realizedRate': '0.0000373499194977'}"
2025-05-27 16:00:00,1748361600000,3.73499194977e-05,BTC/USDT:USDT,"{'formulaType': 'withRate', 'fundingRate': '0.0000373499194977', 'fundingTime': '1748361600000', 'instId': 'BTC-USDT-SWAP', 'instType': 'SWAP', 'method': 'current_period', 'realizedRate': '0.0000373499194977'}"
2025-05-27 16:00:00,1748361600000,3.73499194977e-05,BTC/USDT:USDT,"{'formulaType': 'withRate', 'fundingRate': '0.0000373499194977', 'fundingTime': '1748361600000', 'instId': 'BTC-USDT-SWAP', 'instType': 'SWAP', 'method': 'current_period', 'realizedRate': '0.0000373499194977'}"
2025-05-27 16:00:00,1748361600000,3.73499194977e-05,BTC/USDT:USDT,"{'formulaType': 'withRate', 'fundingRate': '0.0000373499194977', 'fundingTime': '1748361600000', 'instId': 'BTC-USDT-SWAP', 'instType': 'SWAP', 'method': 'current_period', 'realizedRate': '0.0000373499194977'}"
2025-05-27 16:00:00,1748361600000,3.73499194977e-05,BTC/USDT:USDT,"{'formulaType': 'withRate', 'fundingRate': '0.0000373499194977', 'fundingTime': '1748361600000', 'instId': 'BTC-USDT-SWAP', 'instType': 'SWAP', 'method': 'current_period', 'realizedRate': '0.0000373499194977'}"
2025-05-27 16:00:00,1748361600000,3.73499194977e-05,BTC/USDT:USDT,"{'formulaType': 'withRate', 'fundingRate': '0.0000373499194977', 'fundingTime': '1748361600000', 'instId': 'BTC-USDT-SWAP', 'instType': 'SWAP', 'method': 'current_period', 'realizedRate': '0.0000373499194977'}"
2025-05-27 16:00:00,1748361600000,3.73499194977e-05,BTC/USDT:USDT,"{'formulaType': 'withRate', 'fundingRate': '0.0000373499194977', 'fundingTime': '1748361600000', 'instId': 'BTC-USDT-SWAP', 'instType': 'SWAP', 'method': 'current_period', 'realizedRate': '0.0000373499194977'}"
2025-05-27 16:00:00,1748361600000,3.73499194977e-05,BTC/USDT:USDT,"{'formulaType': 'withRate', 'fundingRate': '0.0000373499194977', 'fundingTime': '1748361600000', 'instId': 'BTC-USDT-SWAP', 'instType': 'SWAP', 'method': 'current_period', 'realizedRate': '0.0000373499194977'}"
2025-05-27 16:00:00,1748361600000,3.73499194977e-05,BTC/USDT:USDT,"{'formulaType': 'withRate', 'fundingRate': '0.0000373499194977', 'fundingTime': '1748361600000', 'instId': 'BTC-USDT-SWAP', 'instType': 'SWAP', 'method': 'current_period', 'realizedRate': '0.0000373499194977'}"
2025-05-27 16:00:00,1748361600000,3.73499194977e-05,BTC/USDT:USDT,"{'formulaType': 'withRate', 'fundingRate': '0.0000373499194977', 'fundingTime': '1748361600000', 'instId': 'BTC-USDT-SWAP', 'instType': 'SWAP', 'method': 'current_period', 'realizedRate': '0.0000373499194977'}"
2025-05-27 16:00:00,1748361600000,3.73499194977e-05,BTC/USDT:USDT,"{'formulaType': 'withRate', 'fundingRate': '0.0000373499194977', 'fundingTime': '1748361600000', 'instId': 'BTC-USDT-SWAP', 'instType': 'SWAP', 'method': 'current_period', 'realizedRate': '0.0000373499194977'}"
2025-05-27 16:00:00,1748361600000,3.73499194977e-05,BTC/USDT:USDT,"{'formulaType': 'withRate', 'fundingRate': '0.0000373499194977', 'fundingTime': '1748361600000', 'instId': 'BTC-USDT-SWAP', 'instType': 'SWAP', 'method': 'current_period', 'realizedRate': '0.0000373499194977'}"
2025-05-27 16:00:00,1748361600000,3.73499194977e-05,BTC/USDT:USDT,"{'formulaType': 'withRate', 'fundingRate': '0.0000373499194977', 'fundingTime': '1748361600000', 'instId': 'BTC-USDT-SWAP', 'instType': 'SWAP', 'method': 'current_period', 'realizedRate': '0.0000373499194977'}"
2025-05-27 16:00:00,1748361600000,3.73499194977e-05,BTC/USDT:USDT,"{'formulaType': 'withRate', 'fundingRate': '0.0000373499194977', 'fundingTime': '1748361600000', 'instId': 'BTC-USDT-SWAP', 'instType': 'SWAP', 'method': 'current_period', 'realizedRate': '0.0000373499194977'}"
2025-05-27 16:00:00,1748361600000,3.73499194977e-05,BTC/USDT:USDT,"{'formulaType': 'withRate', 'fundingRate': '0.0000373499194977', 'fundingTime': '1748361600000', 'instId': 'BTC-USDT-SWAP', 'instType': 'SWAP', 'method': 'current_period', 'realizedRate': '0.0000373499194977'}"
2025-05-27 16:00:00,1748361600000,3.73499194977e-05,BTC/USDT:USDT,"{'formulaType': 'withRate', 'fundingRate': '0.0000373499194977', 'fundingTime': '1748361600000', 'instId': 'BTC-USDT-SWAP', 'instType': 'SWAP', 'method': 'current_period', 'realizedRate': '0.0000373499194977'}"
2025-05-27 16:00:00,1748361600000,3.73499194977e-05,BTC/USDT:USDT,"{'formulaType': 'withRate', 'fundingRate': '0.0000373499194977', 'fundingTime': '1748361600000', 'instId': 'BTC-USDT-SWAP', 'instType': 'SWAP', 'method': 'current_period', 'realizedRate': '0.0000373499194977'}"
2025-05-27 16:00:00,1748361600000,3.73499194977e-05,BTC/USDT:USDT,"{'formulaType': 'withRate', 'fundingRate': '0.0000373499194977', 'fundingTime': '1748361600000', 'instId': 'BTC-USDT-SWAP', 'instType': 'SWAP', 'method': 'current_period', 'realizedRate': '0.0000373499194977'}"
2025-05-27 16:00:00,1748361600000,3.73499194977e-05,BTC/USDT:USDT,"{'formulaType': 'withRate', 'fundingRate': '0.0000373499194977', 'fundingTime': '1748361600000', 'instId': 'BTC-USDT-SWAP', 'instType': 'SWAP', 'method': 'current_period', 'realizedRate': '0.0000373499194977'}"
2025-05-27 16:00:00,1748361600000,3.73499194977e-05,BTC/USDT:USDT,"{'formulaType': 'withRate', 'fundingRate': '0.0000373499194977', 'fundingTime': '1748361600000', 'instId': 'BTC-USDT-SWAP', 'instType': 'SWAP', 'method': 'current_period', 'realizedRate': '0.0000373499194977'}"
2025-05-27 16:00:00,1748361600000,3.73499194977e-05,BTC/USDT:USDT,"{'formulaType': 'withRate', 'fundingRate': '0.0000373499194977', 'fundingTime': '1748361600000', 'instId': 'BTC-USDT-SWAP', 'instType': 'SWAP', 'method': 'current_period', 'realizedRate': '0.0000373499194977'}"
2025-05-27 16:00:00,1748361600000,3.73499194977e-05,BTC/USDT:USDT,"{'formulaType': 'withRate', 'fundingRate': '0.0000373499194977', 'fundingTime': '1748361600000', 'instId': 'BTC-USDT-SWAP', 'instType': 'SWAP', 'method': 'current_period', 'realizedRate': '0.0000373499194977'}"
2025-05-27 16:00:00,1748361600000,3.73499194977e-05,BTC/USDT:USDT,"{'formulaType': 'withRate', 'fundingRate': '0.0000373499194977', 'fundingTime': '1748361600000', 'instId': 'BTC-USDT-SWAP', 'instType': 'SWAP', 'method': 'current_period', 'realizedRate': '0.0000373499194977'}"
2025-05-27 16:00:00,1748361600000,3.73499194977e-05,BTC/USDT:USDT,"{'formulaType': 'withRate', 'fundingRate': '0.0000373499194977', 'fundingTime': '1748361600000', 'instId': 'BTC-USDT-SWAP', 'instType': 'SWAP', 'method': 'current_period', 'realizedRate': '0.0000373499194977'}"
2025-05-27 16:00:00,1748361600000,3.73499194977e-05,BTC/USDT:USDT,"{'formulaType': 'withRate', 'fundingRate': '0.0000373499194977', 'fundingTime': '1748361600000', 'instId': 'BTC-USDT-SWAP', 'instType': 'SWAP', 'method': 'current_period', 'realizedRate': '0.0000373499194977'}"
2025-05-27 16:00:00,1748361600000,3.73499194977e-05,BTC/USDT:USDT,"{'formulaType': 'withRate', 'fundingRate': '0.0000373499194977', 'fundingTime': '1748361600000', 'instId': 'BTC-USDT-SWAP', 'instType': 'SWAP', 'method': 'current_period', 'realizedRate': '0.0000373499194977'}"
2025-05-27 16:00:00,1748361600000,3.73499194977e-05,BTC/USDT:USDT,"{'formulaType': 'withRate', 'fundingRate': '0.0000373499194977', 'fundingTime': '1748361600000', 'instId': 'BTC-USDT-SWAP', 'instType': 'SWAP', 'method': 'current_period', 'realizedRate': '0.0000373499194977'}"
2025-05-27 16:00:00,1748361600000,3.73499194977e-05,BTC/USDT:USDT,"{'formulaType': 'withRate', 'fundingRate': '0.0000373499194977', 'fundingTime': '1748361600000', 'instId': 'BTC-USDT-SWAP', 'instType': 'SWAP', 'method': 'current_period', 'realizedRate': '0.0000373499194977'}"
2025-05-27 16:00:00,1748361600000,3.73499194977e-05,BTC/USDT:USDT,"{'formulaType': 'withRate', 'fundingRate': '0.0000373499194977', 'fundingTime': '1748361600000', 'instId': 'BTC-USDT-SWAP', 'instType': 'SWAP', 'method': 'current_period', 'realizedRate': '0.0000373499194977'}"
2025-05-27 16:00:00,1748361600000,3.73499194977e-05,BTC/USDT:USDT,"{'formulaType': 'withRate', 'fundingRate': '0.0000373499194977', 'fundingTime': '1748361600000', 'instId': 'BTC-USDT-SWAP', 'instType': 'SWAP', 'method': 'current_period', 'realizedRate': '0.0000373499194977'}"
2025-05-27 16:00:00,1748361600000,3.73499194977e-05,BTC/USDT:USDT,"{'formulaType': 'withRate', 'fundingRate': '0.0000373499194977', 'fundingTime': '1748361600000', 'instId': 'BTC-USDT-SWAP', 'instType': 'SWAP', 'method': 'current_period', 'realizedRate': '0.0000373499194977'}"
2025-05-27 16:00:00,1748361600000,3.73499194977e-05,BTC/USDT:USDT,"{'formulaType': 'withRate', 'fundingRate': '0.0000373499194977', 'fundingTime': '1748361600000', 'instId': 'BTC-USDT-SWAP', 'instType': 'SWAP', 'method': 'current_period', 'realizedRate': '0.0000373499194977'}"
2025-05-27 16:00:00,1748361600000,3.73499194977e-05,BTC/USDT:USDT,"{'formulaType': 'withRate', 'fundingRate': '0.0000373499194977', 'fundingTime': '1748361600000', 'instId': 'BTC-USDT-SWAP', 'instType': 'SWAP', 'method': 'current_period', 'realizedRate': '0.0000373499194977'}"
2025-05-28 00:00:00,1748390400000,0.0001,BTC/USDT:USDT,"{'formulaType': 'withRate', 'fundingRate': '0.0001', 'fundingTime': '1748390400000', 'instId': 'BTC-USDT-SWAP', 'instType': 'SWAP', 'method': 'current_period', 'realizedRate': '0.0001'}"
2025-05-28 00:00:00,1748390400000,0.0001,BTC/USDT:USDT,"{'formulaType': 'withRate', 'fundingRate': '0.0001', 'fundingTime': '1748390400000', 'instId': 'BTC-USDT-SWAP', 'instType': 'SWAP', 'method': 'current_period', 'realizedRate': '0.0001'}"
2025-05-28 00:00:00,1748390400000,0.0001,BTC/USDT:USDT,"{'formulaType': 'withRate', 'fundingRate': '0.0001', 'fundingTime': '1748390400000', 'instId': 'BTC-USDT-SWAP', 'instType': 'SWAP', 'method': 'current_period', 'realizedRate': '0.0001'}"
2025-05-28 00:00:00,1748390400000,0.0001,BTC/USDT:USDT,"{'formulaType': 'withRate', 'fundingRate': '0.0001', 'fundingTime': '1748390400000', 'instId': 'BTC-USDT-SWAP', 'instType': 'SWAP', 'method': 'current_period', 'realizedRate': '0.0001'}"
2025-05-28 00:00:00,1748390400000,0.0001,BTC/USDT:USDT,"{'formulaType': 'withRate', 'fundingRate': '0.0001', 'fundingTime': '1748390400000', 'instId': 'BTC-USDT-SWAP', 'instType': 'SWAP', 'method': 'current_period', 'realizedRate': '0.0001'}"
2025-05-28 00:00:00,1748390400000,0.0001,BTC/USDT:USDT,"{'formulaType': 'withRate', 'fundingRate': '0.0001', 'fundingTime': '1748390400000', 'instId': 'BTC-USDT-SWAP', 'instType': 'SWAP', 'method': 'current_period', 'realizedRate': '0.0001'}"
2025-05-28 00:00:00,1748390400000,0.0001,BTC/USDT:USDT,"{'formulaType': 'withRate', 'fundingRate': '0.0001', 'fundingTime': '1748390400000', 'instId': 'BTC-USDT-SWAP', 'instType': 'SWAP', 'method': 'current_period', 'realizedRate': '0.0001'}"
2025-05-28 00:00:00,1748390400000,0.0001,BTC/USDT:USDT,"{'formulaType': 'withRate', 'fundingRate': '0.0001', 'fundingTime': '1748390400000', 'instId': 'BTC-USDT-SWAP', 'instType': 'SWAP', 'method': 'current_period', 'realizedRate': '0.0001'}"
2025-05-28 00:00:00,1748390400000,0.0001,BTC/USDT:USDT,"{'formulaType': 'withRate', 'fundingRate': '0.0001', 'fundingTime': '1748390400000', 'instId': 'BTC-USDT-SWAP', 'instType': 'SWAP', 'method': 'current_period', 'realizedRate': '0.0001'}"
2025-05-28 00:00:00,1748390400000,0.0001,BTC/USDT:USDT,"{'formulaType': 'withRate', 'fundingRate': '0.0001', 'fundingTime': '1748390400000', 'instId': 'BTC-USDT-SWAP', 'instType': 'SWAP', 'method': 'current_period', 'realizedRate': '0.0001'}"
2025-05-28 00:00:00,1748390400000,0.0001,BTC/USDT:USDT,"{'formulaType': 'withRate', 'fundingRate': '0.0001', 'fundingTime': '1748390400000', 'instId': 'BTC-USDT-SWAP', 'instType': 'SWAP', 'method': 'current_period', 'realizedRate': '0.0001'}"
2025-05-28 00:00:00,1748390400000,0.0001,BTC/USDT:USDT,"{'formulaType': 'withRate', 'fundingRate': '0.0001', 'fundingTime': '1748390400000', 'instId': 'BTC-USDT-SWAP', 'instType': 'SWAP', 'method': 'current_period', 'realizedRate': '0.0001'}"
2025-05-28 00:00:00,1748390400000,0.0001,BTC/USDT:USDT,"{'formulaType': 'withRate', 'fundingRate': '0.0001', 'fundingTime': '1748390400000', 'instId': 'BTC-USDT-SWAP', 'instType': 'SWAP', 'method': 'current_period', 'realizedRate': '0.0001'}"
2025-05-28 00:00:00,1748390400000,0.0001,BTC/USDT:USDT,"{'formulaType': 'withRate', 'fundingRate': '0.0001', 'fundingTime': '1748390400000', 'instId': 'BTC-USDT-SWAP', 'instType': 'SWAP', 'method': 'current_period', 'realizedRate': '0.0001'}"
2025-05-28 00:00:00,1748390400000,0.0001,BTC/USDT:USDT,"{'formulaType': 'withRate', 'fundingRate': '0.0001', 'fundingTime': '1748390400000', 'instId': 'BTC-USDT-SWAP', 'instType': 'SWAP', 'method': 'current_period', 'realizedRate': '0.0001'}"
2025-05-28 00:00:00,1748390400000,0.0001,BTC/USDT:USDT,"{'formulaType': 'withRate', 'fundingRate': '0.0001', 'fundingTime': '1748390400000', 'instId': 'BTC-USDT-SWAP', 'instType': 'SWAP', 'method': 'current_period', 'realizedRate': '0.0001'}"
2025-05-28 00:00:00,1748390400000,0.0001,BTC/USDT:USDT,"{'formulaType': 'withRate', 'fundingRate': '0.0001', 'fundingTime': '1748390400000', 'instId': 'BTC-USDT-SWAP', 'instType': 'SWAP', 'method': 'current_period', 'realizedRate': '0.0001'}"
2025-05-28 00:00:00,1748390400000,0.0001,BTC/USDT:USDT,"{'formulaType': 'withRate', 'fundingRate': '0.0001', 'fundingTime': '1748390400000', 'instId': 'BTC-USDT-SWAP', 'instType': 'SWAP', 'method': 'current_period', 'realizedRate': '0.0001'}"
2025-05-28 00:00:00,1748390400000,0.0001,BTC/USDT:USDT,"{'formulaType': 'withRate', 'fundingRate': '0.0001', 'fundingTime': '1748390400000', 'instId': 'BTC-USDT-SWAP', 'instType': 'SWAP', 'method': 'current_period', 'realizedRate': '0.0001'}"
2025-05-28 00:00:00,1748390400000,0.0001,BTC/USDT:USDT,"{'formulaType': 'withRate', 'fundingRate': '0.0001', 'fundingTime': '1748390400000', 'instId': 'BTC-USDT-SWAP', 'instType': 'SWAP', 'method': 'current_period', 'realizedRate': '0.0001'}"
2025-05-28 00:00:00,1748390400000,0.0001,BTC/USDT:USDT,"{'formulaType': 'withRate', 'fundingRate': '0.0001', 'fundingTime': '1748390400000', 'instId': 'BTC-USDT-SWAP', 'instType': 'SWAP', 'method': 'current_period', 'realizedRate': '0.0001'}"
2025-05-28 00:00:00,1748390400000,0.0001,BTC/USDT:USDT,"{'formulaType': 'withRate', 'fundingRate': '0.0001', 'fundingTime': '1748390400000', 'instId': 'BTC-USDT-SWAP', 'instType': 'SWAP', 'method': 'current_period', 'realizedRate': '0.0001'}"
2025-05-28 00:00:00,1748390400000,0.0001,BTC/USDT:USDT,"{'formulaType': 'withRate', 'fundingRate': '0.0001', 'fundingTime': '1748390400000', 'instId': 'BTC-USDT-SWAP', 'instType': 'SWAP', 'method': 'current_period', 'realizedRate': '0.0001'}"
2025-05-28 00:00:00,1748390400000,0.0001,BTC/USDT:USDT,"{'formulaType': 'withRate', 'fundingRate': '0.0001', 'fundingTime': '1748390400000', 'instId': 'BTC-USDT-SWAP', 'instType': 'SWAP', 'method': 'current_period', 'realizedRate': '0.0001'}"
2025-05-28 00:00:00,1748390400000,0.0001,BTC/USDT:USDT,"{'formulaType': 'withRate', 'fundingRate': '0.0001', 'fundingTime': '1748390400000', 'instId': 'BTC-USDT-SWAP', 'instType': 'SWAP', 'method': 'current_period', 'realizedRate': '0.0001'}"
2025-05-28 00:00:00,1748390400000,0.0001,BTC/USDT:USDT,"{'formulaType': 'withRate', 'fundingRate': '0.0001', 'fundingTime': '1748390400000', 'instId': 'BTC-USDT-SWAP', 'instType': 'SWAP', 'method': 'current_period', 'realizedRate': '0.0001'}"
2025-05-28 00:00:00,1748390400000,0.0001,BTC/USDT:USDT,"{'formulaType': 'withRate', 'fundingRate': '0.0001', 'fundingTime': '1748390400000', 'instId': 'BTC-USDT-SWAP', 'instType': 'SWAP', 'method': 'current_period', 'realizedRate': '0.0001'}"
2025-05-28 00:00:00,1748390400000,0.0001,BTC/USDT:USDT,"{'formulaType': 'withRate', 'fundingRate': '0.0001', 'fundingTime': '1748390400000', 'instId': 'BTC-USDT-SWAP', 'instType': 'SWAP', 'method': 'current_period', 'realizedRate': '0.0001'}"
2025-05-28 00:00:00,1748390400000,0.0001,BTC/USDT:USDT,"{'formulaType': 'withRate', 'fundingRate': '0.0001', 'fundingTime': '1748390400000', 'instId': 'BTC-USDT-SWAP', 'instType': 'SWAP', 'method': 'current_period', 'realizedRate': '0.0001'}"
2025-05-28 00:00:00,1748390400000,0.0001,BTC/USDT:USDT,"{'formulaType': 'withRate', 'fundingRate': '0.0001', 'fundingTime': '1748390400000', 'instId': 'BTC-USDT-SWAP', 'instType': 'SWAP', 'method': 'current_period', 'realizedRate': '0.0001'}"
2025-05-28 00:00:00,1748390400000,0.0001,BTC/USDT:USDT,"{'formulaType': 'withRate', 'fundingRate': '0.0001', 'fundingTime': '1748390400000', 'instId': 'BTC-USDT-SWAP', 'instType': 'SWAP', 'method': 'current_period', 'realizedRate': '0.0001'}"
2025-05-28 00:00:00,1748390400000,0.0001,BTC/USDT:USDT,"{'formulaType': 'withRate', 'fundingRate': '0.0001', 'fundingTime': '1748390400000', 'instId': 'BTC-USDT-SWAP', 'instType': 'SWAP', 'method': 'current_period', 'realizedRate': '0.0001'}"
2025-05-28 00:00:00,1748390400000,0.0001,BTC/USDT:USDT,"{'formulaType': 'withRate', 'fundingRate': '0.0001', 'fundingTime': '1748390400000', 'instId': 'BTC-USDT-SWAP', 'instType': 'SWAP', 'method': 'current_period', 'realizedRate': '0.0001'}"
2025-05-28 00:00:00,1748390400000,0.0001,BTC/USDT:USDT,"{'formulaType': 'withRate', 'fundingRate': '0.0001', 'fundingTime': '1748390400000', 'instId': 'BTC-USDT-SWAP', 'instType': 'SWAP', 'method': 'current_period', 'realizedRate': '0.0001'}"
2025-05-28 00:00:00,1748390400000,0.0001,BTC/USDT:USDT,"{'formulaType': 'withRate', 'fundingRate': '0.0001', 'fundingTime': '1748390400000', 'instId': 'BTC-USDT-SWAP', 'instType': 'SWAP', 'method': 'current_period', 'realizedRate': '0.0001'}"
2025-05-28 00:00:00,1748390400000,0.0001,BTC/USDT:USDT,"{'formulaType': 'withRate', 'fundingRate': '0.0001', 'fundingTime': '1748390400000', 'instId': 'BTC-USDT-SWAP', 'instType': 'SWAP', 'method': 'current_period', 'realizedRate': '0.0001'}"
2025-05-28 00:00:00,1748390400000,0.0001,BTC/USDT:USDT,"{'formulaType': 'withRate', 'fundingRate': '0.0001', 'fundingTime': '1748390400000', 'instId': 'BTC-USDT-SWAP', 'instType': 'SWAP', 'method': 'current_period', 'realizedRate': '0.0001'}"
2025-05-28 08:00:00,1748419200000,0.0001,BTC/USDT:USDT,"{'formulaType': 'withRate', 'fundingRate': '0.0001', 'fundingTime': '1748419200000', 'instId': 'BTC-USDT-SWAP', 'instType': 'SWAP', 'method': 'current_period', 'realizedRate': '0.0001'}"
2025-05-28 08:00:00,1748419200000,0.0001,BTC/USDT:USDT,"{'formulaType': 'withRate', 'fundingRate': '0.0001', 'fundingTime': '1748419200000', 'instId': 'BTC-USDT-SWAP', 'instType': 'SWAP', 'method': 'current_period', 'realizedRate': '0.0001'}"
2025-05-28 08:00:00,1748419200000,0.0001,BTC/USDT:USDT,"{'formulaType': 'withRate', 'fundingRate': '0.0001', 'fundingTime': '1748419200000', 'instId': 'BTC-USDT-SWAP', 'instType': 'SWAP', 'method': 'current_period', 'realizedRate': '0.0001'}"
2025-05-28 08:00:00,1748419200000,0.0001,BTC/USDT:USDT,"{'formulaType': 'withRate', 'fundingRate': '0.0001', 'fundingTime': '1748419200000', 'instId': 'BTC-USDT-SWAP', 'instType': 'SWAP', 'method': 'current_period', 'realizedRate': '0.0001'}"
2025-05-28 08:00:00,1748419200000,0.0001,BTC/USDT:USDT,"{'formulaType': 'withRate', 'fundingRate': '0.0001', 'fundingTime': '1748419200000', 'instId': 'BTC-USDT-SWAP', 'instType': 'SWAP', 'method': 'current_period', 'realizedRate': '0.0001'}"
2025-05-28 08:00:00,1748419200000,0.0001,BTC/USDT:USDT,"{'formulaType': 'withRate', 'fundingRate': '0.0001', 'fundingTime': '1748419200000', 'instId': 'BTC-USDT-SWAP', 'instType': 'SWAP', 'method': 'current_period', 'realizedRate': '0.0001'}"
2025-05-28 08:00:00,1748419200000,0.0001,BTC/USDT:USDT,"{'formulaType': 'withRate', 'fundingRate': '0.0001', 'fundingTime': '1748419200000', 'instId': 'BTC-USDT-SWAP', 'instType': 'SWAP', 'method': 'current_period', 'realizedRate': '0.0001'}"
2025-05-28 08:00:00,1748419200000,0.0001,BTC/USDT:USDT,"{'formulaType': 'withRate', 'fundingRate': '0.0001', 'fundingTime': '1748419200000', 'instId': 'BTC-USDT-SWAP', 'instType': 'SWAP', 'method': 'current_period', 'realizedRate': '0.0001'}"
2025-05-28 08:00:00,1748419200000,0.0001,BTC/USDT:USDT,"{'formulaType': 'withRate', 'fundingRate': '0.0001', 'fundingTime': '1748419200000', 'instId': 'BTC-USDT-SWAP', 'instType': 'SWAP', 'method': 'current_period', 'realizedRate': '0.0001'}"
2025-05-28 08:00:00,1748419200000,0.0001,BTC/USDT:USDT,"{'formulaType': 'withRate', 'fundingRate': '0.0001', 'fundingTime': '1748419200000', 'instId': 'BTC-USDT-SWAP', 'instType': 'SWAP', 'method': 'current_period', 'realizedRate': '0.0001'}"
2025-05-28 08:00:00,1748419200000,0.0001,BTC/USDT:USDT,"{'formulaType': 'withRate', 'fundingRate': '0.0001', 'fundingTime': '1748419200000', 'instId': 'BTC-USDT-SWAP', 'instType': 'SWAP', 'method': 'current_period', 'realizedRate': '0.0001'}"
2025-05-28 08:00:00,1748419200000,0.0001,BTC/USDT:USDT,"{'formulaType': 'withRate', 'fundingRate': '0.0001', 'fundingTime': '1748419200000', 'instId': 'BTC-USDT-SWAP', 'instType': 'SWAP', 'method': 'current_period', 'realizedRate': '0.0001'}"
2025-05-28 08:00:00,1748419200000,0.0001,BTC/USDT:USDT,"{'formulaType': 'withRate', 'fundingRate': '0.0001', 'fundingTime': '1748419200000', 'instId': 'BTC-USDT-SWAP', 'instType': 'SWAP', 'method': 'current_period', 'realizedRate': '0.0001'}"
2025-05-28 08:00:00,1748419200000,0.0001,BTC/USDT:USDT,"{'formulaType': 'withRate', 'fundingRate': '0.0001', 'fundingTime': '1748419200000', 'instId': 'BTC-USDT-SWAP', 'instType': 'SWAP', 'method': 'current_period', 'realizedRate': '0.0001'}"
2025-05-28 08:00:00,1748419200000,0.0001,BTC/USDT:USDT,"{'formulaType': 'withRate', 'fundingRate': '0.0001', 'fundingTime': '1748419200000', 'instId': 'BTC-USDT-SWAP', 'instType': 'SWAP', 'method': 'current_period', 'realizedRate': '0.0001'}"
2025-05-28 08:00:00,1748419200000,0.0001,BTC/USDT:USDT,"{'formulaType': 'withRate', 'fundingRate': '0.0001', 'fundingTime': '1748419200000', 'instId': 'BTC-USDT-SWAP', 'instType': 'SWAP', 'method': 'current_period', 'realizedRate': '0.0001'}"
2025-05-28 08:00:00,1748419200000,0.0001,BTC/USDT:USDT,"{'formulaType': 'withRate', 'fundingRate': '0.0001', 'fundingTime': '1748419200000', 'instId': 'BTC-USDT-SWAP', 'instType': 'SWAP', 'method': 'current_period', 'realizedRate': '0.0001'}"
2025-05-28 08:00:00,1748419200000,0.0001,BTC/USDT:USDT,"{'formulaType': 'withRate', 'fundingRate': '0.0001', 'fundingTime': '1748419200000', 'instId': 'BTC-USDT-SWAP', 'instType': 'SWAP', 'method': 'current_period', 'realizedRate': '0.0001'}"
2025-05-28 08:00:00,1748419200000,0.0001,BTC/USDT:USDT,"{'formulaType': 'withRate', 'fundingRate': '0.0001', 'fundingTime': '1748419200000', 'instId': 'BTC-USDT-SWAP', 'instType': 'SWAP', 'method': 'current_period', 'realizedRate': '0.0001'}"
2025-05-28 08:00:00,1748419200000,0.0001,BTC/USDT:USDT,"{'formulaType': 'withRate', 'fundingRate': '0.0001', 'fundingTime': '1748419200000', 'instId': 'BTC-USDT-SWAP', 'instType': 'SWAP', 'method': 'current_period', 'realizedRate': '0.0001'}"
2025-05-28 08:00:00,1748419200000,0.0001,BTC/USDT:USDT,"{'formulaType': 'withRate', 'fundingRate': '0.0001', 'fundingTime': '1748419200000', 'instId': 'BTC-USDT-SWAP', 'instType': 'SWAP', 'method': 'current_period', 'realizedRate': '0.0001'}"
2025-05-28 08:00:00,1748419200000,0.0001,BTC/USDT:USDT,"{'formulaType': 'withRate', 'fundingRate': '0.0001', 'fundingTime': '1748419200000', 'instId': 'BTC-USDT-SWAP', 'instType': 'SWAP', 'method': 'current_period', 'realizedRate': '0.0001'}"
2025-05-28 08:00:00,1748419200000,0.0001,BTC/USDT:USDT,"{'formulaType': 'withRate', 'fundingRate': '0.0001', 'fundingTime': '1748419200000', 'instId': 'BTC-USDT-SWAP', 'instType': 'SWAP', 'method': 'current_period', 'realizedRate': '0.0001'}"
2025-05-28 08:00:00,1748419200000,0.0001,BTC/USDT:USDT,"{'formulaType': 'withRate', 'fundingRate': '0.0001', 'fundingTime': '1748419200000', 'instId': 'BTC-USDT-SWAP', 'instType': 'SWAP', 'method': 'current_period', 'realizedRate': '0.0001'}"
2025-05-28 08:00:00,1748419200000,0.0001,BTC/USDT:USDT,"{'formulaType': 'withRate', 'fundingRate': '0.0001', 'fundingTime': '1748419200000', 'instId': 'BTC-USDT-SWAP', 'instType': 'SWAP', 'method': 'current_period', 'realizedRate': '0.0001'}"
2025-05-28 08:00:00,1748419200000,0.0001,BTC/USDT:USDT,"{'formulaType': 'withRate', 'fundingRate': '0.0001', 'fundingTime': '1748419200000', 'instId': 'BTC-USDT-SWAP', 'instType': 'SWAP', 'method': 'current_period', 'realizedRate': '0.0001'}"
2025-05-28 08:00:00,1748419200000,0.0001,BTC/USDT:USDT,"{'formulaType': 'withRate', 'fundingRate': '0.0001', 'fundingTime': '1748419200000', 'instId': 'BTC-USDT-SWAP', 'instType': 'SWAP', 'method': 'current_period', 'realizedRate': '0.0001'}"
2025-05-28 08:00:00,1748419200000,0.0001,BTC/USDT:USDT,"{'formulaType': 'withRate', 'fundingRate': '0.0001', 'fundingTime': '1748419200000', 'instId': 'BTC-USDT-SWAP', 'instType': 'SWAP', 'method': 'current_period', 'realizedRate': '0.0001'}"
2025-05-28 08:00:00,1748419200000,0.0001,BTC/USDT:USDT,"{'formulaType': 'withRate', 'fundingRate': '0.0001', 'fundingTime': '1748419200000', 'instId': 'BTC-USDT-SWAP', 'instType': 'SWAP', 'method': 'current_period', 'realizedRate': '0.0001'}"
2025-05-28 08:00:00,1748419200000,0.0001,BTC/USDT:USDT,"{'formulaType': 'withRate', 'fundingRate': '0.0001', 'fundingTime': '1748419200000', 'instId': 'BTC-USDT-SWAP', 'instType': 'SWAP', 'method': 'current_period', 'realizedRate': '0.0001'}"
2025-05-28 08:00:00,1748419200000,0.0001,BTC/USDT:USDT,"{'formulaType': 'withRate', 'fundingRate': '0.0001', 'fundingTime': '1748419200000', 'instId': 'BTC-USDT-SWAP', 'instType': 'SWAP', 'method': 'current_period', 'realizedRate': '0.0001'}"
2025-05-28 08:00:00,1748419200000,0.0001,BTC/USDT:USDT,"{'formulaType': 'withRate', 'fundingRate': '0.0001', 'fundingTime': '1748419200000', 'instId': 'BTC-USDT-SWAP', 'instType': 'SWAP', 'method': 'current_period', 'realizedRate': '0.0001'}"
2025-05-28 08:00:00,1748419200000,0.0001,BTC/USDT:USDT,"{'formulaType': 'withRate', 'fundingRate': '0.0001', 'fundingTime': '1748419200000', 'instId': 'BTC-USDT-SWAP', 'instType': 'SWAP', 'method': 'current_period', 'realizedRate': '0.0001'}"
2025-05-28 08:00:00,1748419200000,0.0001,BTC/USDT:USDT,"{'formulaType': 'withRate', 'fundingRate': '0.0001', 'fundingTime': '1748419200000', 'instId': 'BTC-USDT-SWAP', 'instType': 'SWAP', 'method': 'current_period', 'realizedRate': '0.0001'}"
2025-05-28 08:00:00,1748419200000,0.0001,BTC/USDT:USDT,"{'formulaType': 'withRate', 'fundingRate': '0.0001', 'fundingTime': '1748419200000', 'instId': 'BTC-USDT-SWAP', 'instType': 'SWAP', 'method': 'current_period', 'realizedRate': '0.0001'}"
2025-05-28 08:00:00,1748419200000,0.0001,BTC/USDT:USDT,"{'formulaType': 'withRate', 'fundingRate': '0.0001', 'fundingTime': '1748419200000', 'instId': 'BTC-USDT-SWAP', 'instType': 'SWAP', 'method': 'current_period', 'realizedRate': '0.0001'}"
2025-05-28 08:00:00,1748419200000,0.0001,BTC/USDT:USDT,"{'formulaType': 'withRate', 'fundingRate': '0.0001', 'fundingTime': '1748419200000', 'instId': 'BTC-USDT-SWAP', 'instType': 'SWAP', 'method': 'current_period', 'realizedRate': '0.0001'}"
2025-05-28 16:00:00,1748448000000,0.0001,BTC/USDT:USDT,"{'formulaType': 'withRate', 'fundingRate': '0.0001', 'fundingTime': '1748448000000', 'instId': 'BTC-USDT-SWAP', 'instType': 'SWAP', 'method': 'current_period', 'realizedRate': '0.0001'}"
2025-05-28 16:00:00,1748448000000,0.0001,BTC/USDT:USDT,"{'formulaType': 'withRate', 'fundingRate': '0.0001', 'fundingTime': '1748448000000', 'instId': 'BTC-USDT-SWAP', 'instType': 'SWAP', 'method': 'current_period', 'realizedRate': '0.0001'}"
2025-05-28 16:00:00,1748448000000,0.0001,BTC/USDT:USDT,"{'formulaType': 'withRate', 'fundingRate': '0.0001', 'fundingTime': '1748448000000', 'instId': 'BTC-USDT-SWAP', 'instType': 'SWAP', 'method': 'current_period', 'realizedRate': '0.0001'}"
2025-05-28 16:00:00,1748448000000,0.0001,BTC/USDT:USDT,"{'formulaType': 'withRate', 'fundingRate': '0.0001', 'fundingTime': '1748448000000', 'instId': 'BTC-USDT-SWAP', 'instType': 'SWAP', 'method': 'current_period', 'realizedRate': '0.0001'}"
2025-05-28 16:00:00,1748448000000,0.0001,BTC/USDT:USDT,"{'formulaType': 'withRate', 'fundingRate': '0.0001', 'fundingTime': '1748448000000', 'instId': 'BTC-USDT-SWAP', 'instType': 'SWAP', 'method': 'current_period', 'realizedRate': '0.0001'}"
2025-05-28 16:00:00,1748448000000,0.0001,BTC/USDT:USDT,"{'formulaType': 'withRate', 'fundingRate': '0.0001', 'fundingTime': '1748448000000', 'instId': 'BTC-USDT-SWAP', 'instType': 'SWAP', 'method': 'current_period', 'realizedRate': '0.0001'}"
2025-05-28 16:00:00,1748448000000,0.0001,BTC/USDT:USDT,"{'formulaType': 'withRate', 'fundingRate': '0.0001', 'fundingTime': '1748448000000', 'instId': 'BTC-USDT-SWAP', 'instType': 'SWAP', 'method': 'current_period', 'realizedRate': '0.0001'}"
2025-05-28 16:00:00,1748448000000,0.0001,BTC/USDT:USDT,"{'formulaType': 'withRate', 'fundingRate': '0.0001', 'fundingTime': '1748448000000', 'instId': 'BTC-USDT-SWAP', 'instType': 'SWAP', 'method': 'current_period', 'realizedRate': '0.0001'}"
2025-05-28 16:00:00,1748448000000,0.0001,BTC/USDT:USDT,"{'formulaType': 'withRate', 'fundingRate': '0.0001', 'fundingTime': '1748448000000', 'instId': 'BTC-USDT-SWAP', 'instType': 'SWAP', 'method': 'current_period', 'realizedRate': '0.0001'}"
2025-05-28 16:00:00,1748448000000,0.0001,BTC/USDT:USDT,"{'formulaType': 'withRate', 'fundingRate': '0.0001', 'fundingTime': '1748448000000', 'instId': 'BTC-USDT-SWAP', 'instType': 'SWAP', 'method': 'current_period', 'realizedRate': '0.0001'}"
2025-05-28 16:00:00,1748448000000,0.0001,BTC/USDT:USDT,"{'formulaType': 'withRate', 'fundingRate': '0.0001', 'fundingTime': '1748448000000', 'instId': 'BTC-USDT-SWAP', 'instType': 'SWAP', 'method': 'current_period', 'realizedRate': '0.0001'}"
2025-05-28 16:00:00,1748448000000,0.0001,BTC/USDT:USDT,"{'formulaType': 'withRate', 'fundingRate': '0.0001', 'fundingTime': '1748448000000', 'instId': 'BTC-USDT-SWAP', 'instType': 'SWAP', 'method': 'current_period', 'realizedRate': '0.0001'}"
2025-05-28 16:00:00,1748448000000,0.0001,BTC/USDT:USDT,"{'formulaType': 'withRate', 'fundingRate': '0.0001', 'fundingTime': '1748448000000', 'instId': 'BTC-USDT-SWAP', 'instType': 'SWAP', 'method': 'current_period', 'realizedRate': '0.0001'}"
2025-05-28 16:00:00,1748448000000,0.0001,BTC/USDT:USDT,"{'formulaType': 'withRate', 'fundingRate': '0.0001', 'fundingTime': '1748448000000', 'instId': 'BTC-USDT-SWAP', 'instType': 'SWAP', 'method': 'current_period', 'realizedRate': '0.0001'}"
2025-05-28 16:00:00,1748448000000,0.0001,BTC/USDT:USDT,"{'formulaType': 'withRate', 'fundingRate': '0.0001', 'fundingTime': '1748448000000', 'instId': 'BTC-USDT-SWAP', 'instType': 'SWAP', 'method': 'current_period', 'realizedRate': '0.0001'}"
2025-05-28 16:00:00,1748448000000,0.0001,BTC/USDT:USDT,"{'formulaType': 'withRate', 'fundingRate': '0.0001', 'fundingTime': '1748448000000', 'instId': 'BTC-USDT-SWAP', 'instType': 'SWAP', 'method': 'current_period', 'realizedRate': '0.0001'}"
2025-05-28 16:00:00,1748448000000,0.0001,BTC/USDT:USDT,"{'formulaType': 'withRate', 'fundingRate': '0.0001', 'fundingTime': '1748448000000', 'instId': 'BTC-USDT-SWAP', 'instType': 'SWAP', 'method': 'current_period', 'realizedRate': '0.0001'}"
2025-05-28 16:00:00,1748448000000,0.0001,BTC/USDT:USDT,"{'formulaType': 'withRate', 'fundingRate': '0.0001', 'fundingTime': '1748448000000', 'instId': 'BTC-USDT-SWAP', 'instType': 'SWAP', 'method': 'current_period', 'realizedRate': '0.0001'}"
2025-05-28 16:00:00,1748448000000,0.0001,BTC/USDT:USDT,"{'formulaType': 'withRate', 'fundingRate': '0.0001', 'fundingTime': '1748448000000', 'instId': 'BTC-USDT-SWAP', 'instType': 'SWAP', 'method': 'current_period', 'realizedRate': '0.0001'}"
2025-05-28 16:00:00,1748448000000,0.0001,BTC/USDT:USDT,"{'formulaType': 'withRate', 'fundingRate': '0.0001', 'fundingTime': '1748448000000', 'instId': 'BTC-USDT-SWAP', 'instType': 'SWAP', 'method': 'current_period', 'realizedRate': '0.0001'}"
2025-05-28 16:00:00,1748448000000,0.0001,BTC/USDT:USDT,"{'formulaType': 'withRate', 'fundingRate': '0.0001', 'fundingTime': '1748448000000', 'instId': 'BTC-USDT-SWAP', 'instType': 'SWAP', 'method': 'current_period', 'realizedRate': '0.0001'}"
2025-05-28 16:00:00,1748448000000,0.0001,BTC/USDT:USDT,"{'formulaType': 'withRate', 'fundingRate': '0.0001', 'fundingTime': '1748448000000', 'instId': 'BTC-USDT-SWAP', 'instType': 'SWAP', 'method': 'current_period', 'realizedRate': '0.0001'}"
2025-05-28 16:00:00,1748448000000,0.0001,BTC/USDT:USDT,"{'formulaType': 'withRate', 'fundingRate': '0.0001', 'fundingTime': '1748448000000', 'instId': 'BTC-USDT-SWAP', 'instType': 'SWAP', 'method': 'current_period', 'realizedRate': '0.0001'}"
2025-05-28 16:00:00,1748448000000,0.0001,BTC/USDT:USDT,"{'formulaType': 'withRate', 'fundingRate': '0.0001', 'fundingTime': '1748448000000', 'instId': 'BTC-USDT-SWAP', 'instType': 'SWAP', 'method': 'current_period', 'realizedRate': '0.0001'}"
2025-05-28 16:00:00,1748448000000,0.0001,BTC/USDT:USDT,"{'formulaType': 'withRate', 'fundingRate': '0.0001', 'fundingTime': '1748448000000', 'instId': 'BTC-USDT-SWAP', 'instType': 'SWAP', 'method': 'current_period', 'realizedRate': '0.0001'}"
2025-05-28 16:00:00,1748448000000,0.0001,BTC/USDT:USDT,"{'formulaType': 'withRate', 'fundingRate': '0.0001', 'fundingTime': '1748448000000', 'instId': 'BTC-USDT-SWAP', 'instType': 'SWAP', 'method': 'current_period', 'realizedRate': '0.0001'}"
2025-05-28 16:00:00,1748448000000,0.0001,BTC/USDT:USDT,"{'formulaType': 'withRate', 'fundingRate': '0.0001', 'fundingTime': '1748448000000', 'instId': 'BTC-USDT-SWAP', 'instType': 'SWAP', 'method': 'current_period', 'realizedRate': '0.0001'}"
2025-05-28 16:00:00,1748448000000,0.0001,BTC/USDT:USDT,"{'formulaType': 'withRate', 'fundingRate': '0.0001', 'fundingTime': '1748448000000', 'instId': 'BTC-USDT-SWAP', 'instType': 'SWAP', 'method': 'current_period', 'realizedRate': '0.0001'}"
2025-05-28 16:00:00,1748448000000,0.0001,BTC/USDT:USDT,"{'formulaType': 'withRate', 'fundingRate': '0.0001', 'fundingTime': '1748448000000', 'instId': 'BTC-USDT-SWAP', 'instType': 'SWAP', 'method': 'current_period', 'realizedRate': '0.0001'}"
2025-05-28 16:00:00,1748448000000,0.0001,BTC/USDT:USDT,"{'formulaType': 'withRate', 'fundingRate': '0.0001', 'fundingTime': '1748448000000', 'instId': 'BTC-USDT-SWAP', 'instType': 'SWAP', 'method': 'current_period', 'realizedRate': '0.0001'}"
2025-05-28 16:00:00,1748448000000,0.0001,BTC/USDT:USDT,"{'formulaType': 'withRate', 'fundingRate': '0.0001', 'fundingTime': '1748448000000', 'instId': 'BTC-USDT-SWAP', 'instType': 'SWAP', 'method': 'current_period', 'realizedRate': '0.0001'}"
2025-05-28 16:00:00,1748448000000,0.0001,BTC/USDT:USDT,"{'formulaType': 'withRate', 'fundingRate': '0.0001', 'fundingTime': '1748448000000', 'instId': 'BTC-USDT-SWAP', 'instType': 'SWAP', 'method': 'current_period', 'realizedRate': '0.0001'}"
2025-05-28 16:00:00,1748448000000,0.0001,BTC/USDT:USDT,"{'formulaType': 'withRate', 'fundingRate': '0.0001', 'fundingTime': '1748448000000', 'instId': 'BTC-USDT-SWAP', 'instType': 'SWAP', 'method': 'current_period', 'realizedRate': '0.0001'}"
2025-05-28 16:00:00,1748448000000,0.0001,BTC/USDT:USDT,"{'formulaType': 'withRate', 'fundingRate': '0.0001', 'fundingTime': '1748448000000', 'instId': 'BTC-USDT-SWAP', 'instType': 'SWAP', 'method': 'current_period', 'realizedRate': '0.0001'}"
2025-05-28 16:00:00,1748448000000,0.0001,BTC/USDT:USDT,"{'formulaType': 'withRate', 'fundingRate': '0.0001', 'fundingTime': '1748448000000', 'instId': 'BTC-USDT-SWAP', 'instType': 'SWAP', 'method': 'current_period', 'realizedRate': '0.0001'}"
2025-05-28 16:00:00,1748448000000,0.0001,BTC/USDT:USDT,"{'formulaType': 'withRate', 'fundingRate': '0.0001', 'fundingTime': '1748448000000', 'instId': 'BTC-USDT-SWAP', 'instType': 'SWAP', 'method': 'current_period', 'realizedRate': '0.0001'}"
2025-05-28 16:00:00,1748448000000,0.0001,BTC/USDT:USDT,"{'formulaType': 'withRate', 'fundingRate': '0.0001', 'fundingTime': '1748448000000', 'instId': 'BTC-USDT-SWAP', 'instType': 'SWAP', 'method': 'current_period', 'realizedRate': '0.0001'}"
2025-05-29 00:00:00,1748476800000,3.61990333e-05,BTC/USDT:USDT,"{'formulaType': 'withRate', 'fundingRate': '0.0000361990333', 'fundingTime': '1748476800000', 'instId': 'BTC-USDT-SWAP', 'instType': 'SWAP', 'method': 'current_period', 'realizedRate': '0.0000361990333'}"
2025-05-29 00:00:00,1748476800000,3.61990333e-05,BTC/USDT:USDT,"{'formulaType': 'withRate', 'fundingRate': '0.0000361990333', 'fundingTime': '1748476800000', 'instId': 'BTC-USDT-SWAP', 'instType': 'SWAP', 'method': 'current_period', 'realizedRate': '0.0000361990333'}"
2025-05-29 00:00:00,1748476800000,3.61990333e-05,BTC/USDT:USDT,"{'formulaType': 'withRate', 'fundingRate': '0.0000361990333', 'fundingTime': '1748476800000', 'instId': 'BTC-USDT-SWAP', 'instType': 'SWAP', 'method': 'current_period', 'realizedRate': '0.0000361990333'}"
2025-05-29 00:00:00,1748476800000,3.61990333e-05,BTC/USDT:USDT,"{'formulaType': 'withRate', 'fundingRate': '0.0000361990333', 'fundingTime': '1748476800000', 'instId': 'BTC-USDT-SWAP', 'instType': 'SWAP', 'method': 'current_period', 'realizedRate': '0.0000361990333'}"
2025-05-29 00:00:00,1748476800000,3.61990333e-05,BTC/USDT:USDT,"{'formulaType': 'withRate', 'fundingRate': '0.0000361990333', 'fundingTime': '1748476800000', 'instId': 'BTC-USDT-SWAP', 'instType': 'SWAP', 'method': 'current_period', 'realizedRate': '0.0000361990333'}"
2025-05-29 00:00:00,1748476800000,3.61990333e-05,BTC/USDT:USDT,"{'formulaType': 'withRate', 'fundingRate': '0.0000361990333', 'fundingTime': '1748476800000', 'instId': 'BTC-USDT-SWAP', 'instType': 'SWAP', 'method': 'current_period', 'realizedRate': '0.0000361990333'}"
2025-05-29 00:00:00,1748476800000,3.61990333e-05,BTC/USDT:USDT,"{'formulaType': 'withRate', 'fundingRate': '0.0000361990333', 'fundingTime': '1748476800000', 'instId': 'BTC-USDT-SWAP', 'instType': 'SWAP', 'method': 'current_period', 'realizedRate': '0.0000361990333'}"
2025-05-29 00:00:00,1748476800000,3.61990333e-05,BTC/USDT:USDT,"{'formulaType': 'withRate', 'fundingRate': '0.0000361990333', 'fundingTime': '1748476800000', 'instId': 'BTC-USDT-SWAP', 'instType': 'SWAP', 'method': 'current_period', 'realizedRate': '0.0000361990333'}"
2025-05-29 00:00:00,1748476800000,3.61990333e-05,BTC/USDT:USDT,"{'formulaType': 'withRate', 'fundingRate': '0.0000361990333', 'fundingTime': '1748476800000', 'instId': 'BTC-USDT-SWAP', 'instType': 'SWAP', 'method': 'current_period', 'realizedRate': '0.0000361990333'}"
2025-05-29 00:00:00,1748476800000,3.61990333e-05,BTC/USDT:USDT,"{'formulaType': 'withRate', 'fundingRate': '0.0000361990333', 'fundingTime': '1748476800000', 'instId': 'BTC-USDT-SWAP', 'instType': 'SWAP', 'method': 'current_period', 'realizedRate': '0.0000361990333'}"
2025-05-29 00:00:00,1748476800000,3.61990333e-05,BTC/USDT:USDT,"{'formulaType': 'withRate', 'fundingRate': '0.0000361990333', 'fundingTime': '1748476800000', 'instId': 'BTC-USDT-SWAP', 'instType': 'SWAP', 'method': 'current_period', 'realizedRate': '0.0000361990333'}"
2025-05-29 00:00:00,1748476800000,3.61990333e-05,BTC/USDT:USDT,"{'formulaType': 'withRate', 'fundingRate': '0.0000361990333', 'fundingTime': '1748476800000', 'instId': 'BTC-USDT-SWAP', 'instType': 'SWAP', 'method': 'current_period', 'realizedRate': '0.0000361990333'}"
2025-05-29 00:00:00,1748476800000,3.61990333e-05,BTC/USDT:USDT,"{'formulaType': 'withRate', 'fundingRate': '0.0000361990333', 'fundingTime': '1748476800000', 'instId': 'BTC-USDT-SWAP', 'instType': 'SWAP', 'method': 'current_period', 'realizedRate': '0.0000361990333'}"
2025-05-29 00:00:00,1748476800000,3.61990333e-05,BTC/USDT:USDT,"{'formulaType': 'withRate', 'fundingRate': '0.0000361990333', 'fundingTime': '1748476800000', 'instId': 'BTC-USDT-SWAP', 'instType': 'SWAP', 'method': 'current_period', 'realizedRate': '0.0000361990333'}"
2025-05-29 00:00:00,1748476800000,3.61990333e-05,BTC/USDT:USDT,"{'formulaType': 'withRate', 'fundingRate': '0.0000361990333', 'fundingTime': '1748476800000', 'instId': 'BTC-USDT-SWAP', 'instType': 'SWAP', 'method': 'current_period', 'realizedRate': '0.0000361990333'}"
2025-05-29 00:00:00,1748476800000,3.61990333e-05,BTC/USDT:USDT,"{'formulaType': 'withRate', 'fundingRate': '0.0000361990333', 'fundingTime': '1748476800000', 'instId': 'BTC-USDT-SWAP', 'instType': 'SWAP', 'method': 'current_period', 'realizedRate': '0.0000361990333'}"
2025-05-29 00:00:00,1748476800000,3.61990333e-05,BTC/USDT:USDT,"{'formulaType': 'withRate', 'fundingRate': '0.0000361990333', 'fundingTime': '1748476800000', 'instId': 'BTC-USDT-SWAP', 'instType': 'SWAP', 'method': 'current_period', 'realizedRate': '0.0000361990333'}"
2025-05-29 00:00:00,1748476800000,3.61990333e-05,BTC/USDT:USDT,"{'formulaType': 'withRate', 'fundingRate': '0.0000361990333', 'fundingTime': '1748476800000', 'instId': 'BTC-USDT-SWAP', 'instType': 'SWAP', 'method': 'current_period', 'realizedRate': '0.0000361990333'}"
2025-05-29 00:00:00,1748476800000,3.61990333e-05,BTC/USDT:USDT,"{'formulaType': 'withRate', 'fundingRate': '0.0000361990333', 'fundingTime': '1748476800000', 'instId': 'BTC-USDT-SWAP', 'instType': 'SWAP', 'method': 'current_period', 'realizedRate': '0.0000361990333'}"
2025-05-29 00:00:00,1748476800000,3.61990333e-05,BTC/USDT:USDT,"{'formulaType': 'withRate', 'fundingRate': '0.0000361990333', 'fundingTime': '1748476800000', 'instId': 'BTC-USDT-SWAP', 'instType': 'SWAP', 'method': 'current_period', 'realizedRate': '0.0000361990333'}"
2025-05-29 00:00:00,1748476800000,3.61990333e-05,BTC/USDT:USDT,"{'formulaType': 'withRate', 'fundingRate': '0.0000361990333', 'fundingTime': '1748476800000', 'instId': 'BTC-USDT-SWAP', 'instType': 'SWAP', 'method': 'current_period', 'realizedRate': '0.0000361990333'}"
2025-05-29 00:00:00,1748476800000,3.61990333e-05,BTC/USDT:USDT,"{'formulaType': 'withRate', 'fundingRate': '0.0000361990333', 'fundingTime': '1748476800000', 'instId': 'BTC-USDT-SWAP', 'instType': 'SWAP', 'method': 'current_period', 'realizedRate': '0.0000361990333'}"
2025-05-29 00:00:00,1748476800000,3.61990333e-05,BTC/USDT:USDT,"{'formulaType': 'withRate', 'fundingRate': '0.0000361990333', 'fundingTime': '1748476800000', 'instId': 'BTC-USDT-SWAP', 'instType': 'SWAP', 'method': 'current_period', 'realizedRate': '0.0000361990333'}"
2025-05-29 00:00:00,1748476800000,3.61990333e-05,BTC/USDT:USDT,"{'formulaType': 'withRate', 'fundingRate': '0.0000361990333', 'fundingTime': '1748476800000', 'instId': 'BTC-USDT-SWAP', 'instType': 'SWAP', 'method': 'current_period', 'realizedRate': '0.0000361990333'}"
2025-05-29 00:00:00,1748476800000,3.61990333e-05,BTC/USDT:USDT,"{'formulaType': 'withRate', 'fundingRate': '0.0000361990333', 'fundingTime': '1748476800000', 'instId': 'BTC-USDT-SWAP', 'instType': 'SWAP', 'method': 'current_period', 'realizedRate': '0.0000361990333'}"
2025-05-29 00:00:00,1748476800000,3.61990333e-05,BTC/USDT:USDT,"{'formulaType': 'withRate', 'fundingRate': '0.0000361990333', 'fundingTime': '1748476800000', 'instId': 'BTC-USDT-SWAP', 'instType': 'SWAP', 'method': 'current_period', 'realizedRate': '0.0000361990333'}"
2025-05-29 00:00:00,1748476800000,3.61990333e-05,BTC/USDT:USDT,"{'formulaType': 'withRate', 'fundingRate': '0.0000361990333', 'fundingTime': '1748476800000', 'instId': 'BTC-USDT-SWAP', 'instType': 'SWAP', 'method': 'current_period', 'realizedRate': '0.0000361990333'}"
2025-05-29 00:00:00,1748476800000,3.61990333e-05,BTC/USDT:USDT,"{'formulaType': 'withRate', 'fundingRate': '0.0000361990333', 'fundingTime': '1748476800000', 'instId': 'BTC-USDT-SWAP', 'instType': 'SWAP', 'method': 'current_period', 'realizedRate': '0.0000361990333'}"
2025-05-29 00:00:00,1748476800000,3.61990333e-05,BTC/USDT:USDT,"{'formulaType': 'withRate', 'fundingRate': '0.0000361990333', 'fundingTime': '1748476800000', 'instId': 'BTC-USDT-SWAP', 'instType': 'SWAP', 'method': 'current_period', 'realizedRate': '0.0000361990333'}"
2025-05-29 00:00:00,1748476800000,3.61990333e-05,BTC/USDT:USDT,"{'formulaType': 'withRate', 'fundingRate': '0.0000361990333', 'fundingTime': '1748476800000', 'instId': 'BTC-USDT-SWAP', 'instType': 'SWAP', 'method': 'current_period', 'realizedRate': '0.0000361990333'}"
2025-05-29 00:00:00,1748476800000,3.61990333e-05,BTC/USDT:USDT,"{'formulaType': 'withRate', 'fundingRate': '0.0000361990333', 'fundingTime': '1748476800000', 'instId': 'BTC-USDT-SWAP', 'instType': 'SWAP', 'method': 'current_period', 'realizedRate': '0.0000361990333'}"
2025-05-29 00:00:00,1748476800000,3.61990333e-05,BTC/USDT:USDT,"{'formulaType': 'withRate', 'fundingRate': '0.0000361990333', 'fundingTime': '1748476800000', 'instId': 'BTC-USDT-SWAP', 'instType': 'SWAP', 'method': 'current_period', 'realizedRate': '0.0000361990333'}"
2025-05-29 00:00:00,1748476800000,3.61990333e-05,BTC/USDT:USDT,"{'formulaType': 'withRate', 'fundingRate': '0.0000361990333', 'fundingTime': '1748476800000', 'instId': 'BTC-USDT-SWAP', 'instType': 'SWAP', 'method': 'current_period', 'realizedRate': '0.0000361990333'}"
2025-05-29 00:00:00,1748476800000,3.61990333e-05,BTC/USDT:USDT,"{'formulaType': 'withRate', 'fundingRate': '0.0000361990333', 'fundingTime': '1748476800000', 'instId': 'BTC-USDT-SWAP', 'instType': 'SWAP', 'method': 'current_period', 'realizedRate': '0.0000361990333'}"
2025-05-29 00:00:00,1748476800000,3.61990333e-05,BTC/USDT:USDT,"{'formulaType': 'withRate', 'fundingRate': '0.0000361990333', 'fundingTime': '1748476800000', 'instId': 'BTC-USDT-SWAP', 'instType': 'SWAP', 'method': 'current_period', 'realizedRate': '0.0000361990333'}"
2025-05-29 00:00:00,1748476800000,3.61990333e-05,BTC/USDT:USDT,"{'formulaType': 'withRate', 'fundingRate': '0.0000361990333', 'fundingTime': '1748476800000', 'instId': 'BTC-USDT-SWAP', 'instType': 'SWAP', 'method': 'current_period', 'realizedRate': '0.0000361990333'}"
2025-05-29 00:00:00,1748476800000,3.61990333e-05,BTC/USDT:USDT,"{'formulaType': 'withRate', 'fundingRate': '0.0000361990333', 'fundingTime': '1748476800000', 'instId': 'BTC-USDT-SWAP', 'instType': 'SWAP', 'method': 'current_period', 'realizedRate': '0.0000361990333'}"
2025-05-29 08:00:00,1748505600000,1.33486796113e-05,BTC/USDT:USDT,"{'formulaType': 'withRate', 'fundingRate': '0.0000133486796113', 'fundingTime': '1748505600000', 'instId': 'BTC-USDT-SWAP', 'instType': 'SWAP', 'method': 'current_period', 'realizedRate': '0.0000133486796113'}"
2025-05-29 08:00:00,1748505600000,1.33486796113e-05,BTC/USDT:USDT,"{'formulaType': 'withRate', 'fundingRate': '0.0000133486796113', 'fundingTime': '1748505600000', 'instId': 'BTC-USDT-SWAP', 'instType': 'SWAP', 'method': 'current_period', 'realizedRate': '0.0000133486796113'}"
2025-05-29 08:00:00,1748505600000,1.33486796113e-05,BTC/USDT:USDT,"{'formulaType': 'withRate', 'fundingRate': '0.0000133486796113', 'fundingTime': '1748505600000', 'instId': 'BTC-USDT-SWAP', 'instType': 'SWAP', 'method': 'current_period', 'realizedRate': '0.0000133486796113'}"
2025-05-29 08:00:00,1748505600000,1.33486796113e-05,BTC/USDT:USDT,"{'formulaType': 'withRate', 'fundingRate': '0.0000133486796113', 'fundingTime': '1748505600000', 'instId': 'BTC-USDT-SWAP', 'instType': 'SWAP', 'method': 'current_period', 'realizedRate': '0.0000133486796113'}"
2025-05-29 08:00:00,1748505600000,1.33486796113e-05,BTC/USDT:USDT,"{'formulaType': 'withRate', 'fundingRate': '0.0000133486796113', 'fundingTime': '1748505600000', 'instId': 'BTC-USDT-SWAP', 'instType': 'SWAP', 'method': 'current_period', 'realizedRate': '0.0000133486796113'}"
2025-05-29 08:00:00,1748505600000,1.33486796113e-05,BTC/USDT:USDT,"{'formulaType': 'withRate', 'fundingRate': '0.0000133486796113', 'fundingTime': '1748505600000', 'instId': 'BTC-USDT-SWAP', 'instType': 'SWAP', 'method': 'current_period', 'realizedRate': '0.0000133486796113'}"
2025-05-29 08:00:00,1748505600000,1.33486796113e-05,BTC/USDT:USDT,"{'formulaType': 'withRate', 'fundingRate': '0.0000133486796113', 'fundingTime': '1748505600000', 'instId': 'BTC-USDT-SWAP', 'instType': 'SWAP', 'method': 'current_period', 'realizedRate': '0.0000133486796113'}"
2025-05-29 08:00:00,1748505600000,1.33486796113e-05,BTC/USDT:USDT,"{'formulaType': 'withRate', 'fundingRate': '0.0000133486796113', 'fundingTime': '1748505600000', 'instId': 'BTC-USDT-SWAP', 'instType': 'SWAP', 'method': 'current_period', 'realizedRate': '0.0000133486796113'}"
2025-05-29 08:00:00,1748505600000,1.33486796113e-05,BTC/USDT:USDT,"{'formulaType': 'withRate', 'fundingRate': '0.0000133486796113', 'fundingTime': '1748505600000', 'instId': 'BTC-USDT-SWAP', 'instType': 'SWAP', 'method': 'current_period', 'realizedRate': '0.0000133486796113'}"
2025-05-29 08:00:00,1748505600000,1.33486796113e-05,BTC/USDT:USDT,"{'formulaType': 'withRate', 'fundingRate': '0.0000133486796113', 'fundingTime': '1748505600000', 'instId': 'BTC-USDT-SWAP', 'instType': 'SWAP', 'method': 'current_period', 'realizedRate': '0.0000133486796113'}"
2025-05-29 08:00:00,1748505600000,1.33486796113e-05,BTC/USDT:USDT,"{'formulaType': 'withRate', 'fundingRate': '0.0000133486796113', 'fundingTime': '1748505600000', 'instId': 'BTC-USDT-SWAP', 'instType': 'SWAP', 'method': 'current_period', 'realizedRate': '0.0000133486796113'}"
2025-05-29 08:00:00,1748505600000,1.33486796113e-05,BTC/USDT:USDT,"{'formulaType': 'withRate', 'fundingRate': '0.0000133486796113', 'fundingTime': '1748505600000', 'instId': 'BTC-USDT-SWAP', 'instType': 'SWAP', 'method': 'current_period', 'realizedRate': '0.0000133486796113'}"
2025-05-29 08:00:00,1748505600000,1.33486796113e-05,BTC/USDT:USDT,"{'formulaType': 'withRate', 'fundingRate': '0.0000133486796113', 'fundingTime': '1748505600000', 'instId': 'BTC-USDT-SWAP', 'instType': 'SWAP', 'method': 'current_period', 'realizedRate': '0.0000133486796113'}"
2025-05-29 08:00:00,1748505600000,1.33486796113e-05,BTC/USDT:USDT,"{'formulaType': 'withRate', 'fundingRate': '0.0000133486796113', 'fundingTime': '1748505600000', 'instId': 'BTC-USDT-SWAP', 'instType': 'SWAP', 'method': 'current_period', 'realizedRate': '0.0000133486796113'}"
2025-05-29 08:00:00,1748505600000,1.33486796113e-05,BTC/USDT:USDT,"{'formulaType': 'withRate', 'fundingRate': '0.0000133486796113', 'fundingTime': '1748505600000', 'instId': 'BTC-USDT-SWAP', 'instType': 'SWAP', 'method': 'current_period', 'realizedRate': '0.0000133486796113'}"
2025-05-29 08:00:00,1748505600000,1.33486796113e-05,BTC/USDT:USDT,"{'formulaType': 'withRate', 'fundingRate': '0.0000133486796113', 'fundingTime': '1748505600000', 'instId': 'BTC-USDT-SWAP', 'instType': 'SWAP', 'method': 'current_period', 'realizedRate': '0.0000133486796113'}"
2025-05-29 08:00:00,1748505600000,1.33486796113e-05,BTC/USDT:USDT,"{'formulaType': 'withRate', 'fundingRate': '0.0000133486796113', 'fundingTime': '1748505600000', 'instId': 'BTC-USDT-SWAP', 'instType': 'SWAP', 'method': 'current_period', 'realizedRate': '0.0000133486796113'}"
2025-05-29 08:00:00,1748505600000,1.33486796113e-05,BTC/USDT:USDT,"{'formulaType': 'withRate', 'fundingRate': '0.0000133486796113', 'fundingTime': '1748505600000', 'instId': 'BTC-USDT-SWAP', 'instType': 'SWAP', 'method': 'current_period', 'realizedRate': '0.0000133486796113'}"
2025-05-29 08:00:00,1748505600000,1.33486796113e-05,BTC/USDT:USDT,"{'formulaType': 'withRate', 'fundingRate': '0.0000133486796113', 'fundingTime': '1748505600000', 'instId': 'BTC-USDT-SWAP', 'instType': 'SWAP', 'method': 'current_period', 'realizedRate': '0.0000133486796113'}"
2025-05-29 08:00:00,1748505600000,1.33486796113e-05,BTC/USDT:USDT,"{'formulaType': 'withRate', 'fundingRate': '0.0000133486796113', 'fundingTime': '1748505600000', 'instId': 'BTC-USDT-SWAP', 'instType': 'SWAP', 'method': 'current_period', 'realizedRate': '0.0000133486796113'}"
2025-05-29 08:00:00,1748505600000,1.33486796113e-05,BTC/USDT:USDT,"{'formulaType': 'withRate', 'fundingRate': '0.0000133486796113', 'fundingTime': '1748505600000', 'instId': 'BTC-USDT-SWAP', 'instType': 'SWAP', 'method': 'current_period', 'realizedRate': '0.0000133486796113'}"
2025-05-29 08:00:00,1748505600000,1.33486796113e-05,BTC/USDT:USDT,"{'formulaType': 'withRate', 'fundingRate': '0.0000133486796113', 'fundingTime': '1748505600000', 'instId': 'BTC-USDT-SWAP', 'instType': 'SWAP', 'method': 'current_period', 'realizedRate': '0.0000133486796113'}"
2025-05-29 08:00:00,1748505600000,1.33486796113e-05,BTC/USDT:USDT,"{'formulaType': 'withRate', 'fundingRate': '0.0000133486796113', 'fundingTime': '1748505600000', 'instId': 'BTC-USDT-SWAP', 'instType': 'SWAP', 'method': 'current_period', 'realizedRate': '0.0000133486796113'}"
2025-05-29 08:00:00,1748505600000,1.33486796113e-05,BTC/USDT:USDT,"{'formulaType': 'withRate', 'fundingRate': '0.0000133486796113', 'fundingTime': '1748505600000', 'instId': 'BTC-USDT-SWAP', 'instType': 'SWAP', 'method': 'current_period', 'realizedRate': '0.0000133486796113'}"
2025-05-29 08:00:00,1748505600000,1.33486796113e-05,BTC/USDT:USDT,"{'formulaType': 'withRate', 'fundingRate': '0.0000133486796113', 'fundingTime': '1748505600000', 'instId': 'BTC-USDT-SWAP', 'instType': 'SWAP', 'method': 'current_period', 'realizedRate': '0.0000133486796113'}"
2025-05-29 08:00:00,1748505600000,1.33486796113e-05,BTC/USDT:USDT,"{'formulaType': 'withRate', 'fundingRate': '0.0000133486796113', 'fundingTime': '1748505600000', 'instId': 'BTC-USDT-SWAP', 'instType': 'SWAP', 'method': 'current_period', 'realizedRate': '0.0000133486796113'}"
2025-05-29 08:00:00,1748505600000,1.33486796113e-05,BTC/USDT:USDT,"{'formulaType': 'withRate', 'fundingRate': '0.0000133486796113', 'fundingTime': '1748505600000', 'instId': 'BTC-USDT-SWAP', 'instType': 'SWAP', 'method': 'current_period', 'realizedRate': '0.0000133486796113'}"
2025-05-29 08:00:00,1748505600000,1.33486796113e-05,BTC/USDT:USDT,"{'formulaType': 'withRate', 'fundingRate': '0.0000133486796113', 'fundingTime': '1748505600000', 'instId': 'BTC-USDT-SWAP', 'instType': 'SWAP', 'method': 'current_period', 'realizedRate': '0.0000133486796113'}"
2025-05-29 08:00:00,1748505600000,1.33486796113e-05,BTC/USDT:USDT,"{'formulaType': 'withRate', 'fundingRate': '0.0000133486796113', 'fundingTime': '1748505600000', 'instId': 'BTC-USDT-SWAP', 'instType': 'SWAP', 'method': 'current_period', 'realizedRate': '0.0000133486796113'}"
2025-05-29 08:00:00,1748505600000,1.33486796113e-05,BTC/USDT:USDT,"{'formulaType': 'withRate', 'fundingRate': '0.0000133486796113', 'fundingTime': '1748505600000', 'instId': 'BTC-USDT-SWAP', 'instType': 'SWAP', 'method': 'current_period', 'realizedRate': '0.0000133486796113'}"
2025-05-29 08:00:00,1748505600000,1.33486796113e-05,BTC/USDT:USDT,"{'formulaType': 'withRate', 'fundingRate': '0.0000133486796113', 'fundingTime': '1748505600000', 'instId': 'BTC-USDT-SWAP', 'instType': 'SWAP', 'method': 'current_period', 'realizedRate': '0.0000133486796113'}"
2025-05-29 08:00:00,1748505600000,1.33486796113e-05,BTC/USDT:USDT,"{'formulaType': 'withRate', 'fundingRate': '0.0000133486796113', 'fundingTime': '1748505600000', 'instId': 'BTC-USDT-SWAP', 'instType': 'SWAP', 'method': 'current_period', 'realizedRate': '0.0000133486796113'}"
2025-05-29 08:00:00,1748505600000,1.33486796113e-05,BTC/USDT:USDT,"{'formulaType': 'withRate', 'fundingRate': '0.0000133486796113', 'fundingTime': '1748505600000', 'instId': 'BTC-USDT-SWAP', 'instType': 'SWAP', 'method': 'current_period', 'realizedRate': '0.0000133486796113'}"
2025-05-29 08:00:00,1748505600000,1.33486796113e-05,BTC/USDT:USDT,"{'formulaType': 'withRate', 'fundingRate': '0.0000133486796113', 'fundingTime': '1748505600000', 'instId': 'BTC-USDT-SWAP', 'instType': 'SWAP', 'method': 'current_period', 'realizedRate': '0.0000133486796113'}"
2025-05-29 08:00:00,1748505600000,1.33486796113e-05,BTC/USDT:USDT,"{'formulaType': 'withRate', 'fundingRate': '0.0000133486796113', 'fundingTime': '1748505600000', 'instId': 'BTC-USDT-SWAP', 'instType': 'SWAP', 'method': 'current_period', 'realizedRate': '0.0000133486796113'}"
2025-05-29 08:00:00,1748505600000,1.33486796113e-05,BTC/USDT:USDT,"{'formulaType': 'withRate', 'fundingRate': '0.0000133486796113', 'fundingTime': '1748505600000', 'instId': 'BTC-USDT-SWAP', 'instType': 'SWAP', 'method': 'current_period', 'realizedRate': '0.0000133486796113'}"
2025-05-29 08:00:00,1748505600000,1.33486796113e-05,BTC/USDT:USDT,"{'formulaType': 'withRate', 'fundingRate': '0.0000133486796113', 'fundingTime': '1748505600000', 'instId': 'BTC-USDT-SWAP', 'instType': 'SWAP', 'method': 'current_period', 'realizedRate': '0.0000133486796113'}"
2025-05-29 16:00:00,1748534400000,0.0001,BTC/USDT:USDT,"{'formulaType': 'withRate', 'fundingRate': '0.0001', 'fundingTime': '1748534400000', 'instId': 'BTC-USDT-SWAP', 'instType': 'SWAP', 'method': 'current_period', 'realizedRate': '0.0001'}"
2025-05-29 16:00:00,1748534400000,0.0001,BTC/USDT:USDT,"{'formulaType': 'withRate', 'fundingRate': '0.0001', 'fundingTime': '1748534400000', 'instId': 'BTC-USDT-SWAP', 'instType': 'SWAP', 'method': 'current_period', 'realizedRate': '0.0001'}"
2025-05-29 16:00:00,1748534400000,0.0001,BTC/USDT:USDT,"{'formulaType': 'withRate', 'fundingRate': '0.0001', 'fundingTime': '1748534400000', 'instId': 'BTC-USDT-SWAP', 'instType': 'SWAP', 'method': 'current_period', 'realizedRate': '0.0001'}"
2025-05-29 16:00:00,1748534400000,0.0001,BTC/USDT:USDT,"{'formulaType': 'withRate', 'fundingRate': '0.0001', 'fundingTime': '1748534400000', 'instId': 'BTC-USDT-SWAP', 'instType': 'SWAP', 'method': 'current_period', 'realizedRate': '0.0001'}"
2025-05-29 16:00:00,1748534400000,0.0001,BTC/USDT:USDT,"{'formulaType': 'withRate', 'fundingRate': '0.0001', 'fundingTime': '1748534400000', 'instId': 'BTC-USDT-SWAP', 'instType': 'SWAP', 'method': 'current_period', 'realizedRate': '0.0001'}"
2025-05-29 16:00:00,1748534400000,0.0001,BTC/USDT:USDT,"{'formulaType': 'withRate', 'fundingRate': '0.0001', 'fundingTime': '1748534400000', 'instId': 'BTC-USDT-SWAP', 'instType': 'SWAP', 'method': 'current_period', 'realizedRate': '0.0001'}"
2025-05-29 16:00:00,1748534400000,0.0001,BTC/USDT:USDT,"{'formulaType': 'withRate', 'fundingRate': '0.0001', 'fundingTime': '1748534400000', 'instId': 'BTC-USDT-SWAP', 'instType': 'SWAP', 'method': 'current_period', 'realizedRate': '0.0001'}"
2025-05-29 16:00:00,1748534400000,0.0001,BTC/USDT:USDT,"{'formulaType': 'withRate', 'fundingRate': '0.0001', 'fundingTime': '1748534400000', 'instId': 'BTC-USDT-SWAP', 'instType': 'SWAP', 'method': 'current_period', 'realizedRate': '0.0001'}"
2025-05-29 16:00:00,1748534400000,0.0001,BTC/USDT:USDT,"{'formulaType': 'withRate', 'fundingRate': '0.0001', 'fundingTime': '1748534400000', 'instId': 'BTC-USDT-SWAP', 'instType': 'SWAP', 'method': 'current_period', 'realizedRate': '0.0001'}"
2025-05-29 16:00:00,1748534400000,0.0001,BTC/USDT:USDT,"{'formulaType': 'withRate', 'fundingRate': '0.0001', 'fundingTime': '1748534400000', 'instId': 'BTC-USDT-SWAP', 'instType': 'SWAP', 'method': 'current_period', 'realizedRate': '0.0001'}"
2025-05-29 16:00:00,1748534400000,0.0001,BTC/USDT:USDT,"{'formulaType': 'withRate', 'fundingRate': '0.0001', 'fundingTime': '1748534400000', 'instId': 'BTC-USDT-SWAP', 'instType': 'SWAP', 'method': 'current_period', 'realizedRate': '0.0001'}"
2025-05-29 16:00:00,1748534400000,0.0001,BTC/USDT:USDT,"{'formulaType': 'withRate', 'fundingRate': '0.0001', 'fundingTime': '1748534400000', 'instId': 'BTC-USDT-SWAP', 'instType': 'SWAP', 'method': 'current_period', 'realizedRate': '0.0001'}"
2025-05-29 16:00:00,1748534400000,0.0001,BTC/USDT:USDT,"{'formulaType': 'withRate', 'fundingRate': '0.0001', 'fundingTime': '1748534400000', 'instId': 'BTC-USDT-SWAP', 'instType': 'SWAP', 'method': 'current_period', 'realizedRate': '0.0001'}"
2025-05-29 16:00:00,1748534400000,0.0001,BTC/USDT:USDT,"{'formulaType': 'withRate', 'fundingRate': '0.0001', 'fundingTime': '1748534400000', 'instId': 'BTC-USDT-SWAP', 'instType': 'SWAP', 'method': 'current_period', 'realizedRate': '0.0001'}"
2025-05-29 16:00:00,1748534400000,0.0001,BTC/USDT:USDT,"{'formulaType': 'withRate', 'fundingRate': '0.0001', 'fundingTime': '1748534400000', 'instId': 'BTC-USDT-SWAP', 'instType': 'SWAP', 'method': 'current_period', 'realizedRate': '0.0001'}"
2025-05-29 16:00:00,1748534400000,0.0001,BTC/USDT:USDT,"{'formulaType': 'withRate', 'fundingRate': '0.0001', 'fundingTime': '1748534400000', 'instId': 'BTC-USDT-SWAP', 'instType': 'SWAP', 'method': 'current_period', 'realizedRate': '0.0001'}"
2025-05-29 16:00:00,1748534400000,0.0001,BTC/USDT:USDT,"{'formulaType': 'withRate', 'fundingRate': '0.0001', 'fundingTime': '1748534400000', 'instId': 'BTC-USDT-SWAP', 'instType': 'SWAP', 'method': 'current_period', 'realizedRate': '0.0001'}"
2025-05-29 16:00:00,1748534400000,0.0001,BTC/USDT:USDT,"{'formulaType': 'withRate', 'fundingRate': '0.0001', 'fundingTime': '1748534400000', 'instId': 'BTC-USDT-SWAP', 'instType': 'SWAP', 'method': 'current_period', 'realizedRate': '0.0001'}"
2025-05-29 16:00:00,1748534400000,0.0001,BTC/USDT:USDT,"{'formulaType': 'withRate', 'fundingRate': '0.0001', 'fundingTime': '1748534400000', 'instId': 'BTC-USDT-SWAP', 'instType': 'SWAP', 'method': 'current_period', 'realizedRate': '0.0001'}"
2025-05-29 16:00:00,1748534400000,0.0001,BTC/USDT:USDT,"{'formulaType': 'withRate', 'fundingRate': '0.0001', 'fundingTime': '1748534400000', 'instId': 'BTC-USDT-SWAP', 'instType': 'SWAP', 'method': 'current_period', 'realizedRate': '0.0001'}"
2025-05-29 16:00:00,1748534400000,0.0001,BTC/USDT:USDT,"{'formulaType': 'withRate', 'fundingRate': '0.0001', 'fundingTime': '1748534400000', 'instId': 'BTC-USDT-SWAP', 'instType': 'SWAP', 'method': 'current_period', 'realizedRate': '0.0001'}"
2025-05-29 16:00:00,1748534400000,0.0001,BTC/USDT:USDT,"{'formulaType': 'withRate', 'fundingRate': '0.0001', 'fundingTime': '1748534400000', 'instId': 'BTC-USDT-SWAP', 'instType': 'SWAP', 'method': 'current_period', 'realizedRate': '0.0001'}"
2025-05-29 16:00:00,1748534400000,0.0001,BTC/USDT:USDT,"{'formulaType': 'withRate', 'fundingRate': '0.0001', 'fundingTime': '1748534400000', 'instId': 'BTC-USDT-SWAP', 'instType': 'SWAP', 'method': 'current_period', 'realizedRate': '0.0001'}"
2025-05-29 16:00:00,1748534400000,0.0001,BTC/USDT:USDT,"{'formulaType': 'withRate', 'fundingRate': '0.0001', 'fundingTime': '1748534400000', 'instId': 'BTC-USDT-SWAP', 'instType': 'SWAP', 'method': 'current_period', 'realizedRate': '0.0001'}"
2025-05-29 16:00:00,1748534400000,0.0001,BTC/USDT:USDT,"{'formulaType': 'withRate', 'fundingRate': '0.0001', 'fundingTime': '1748534400000', 'instId': 'BTC-USDT-SWAP', 'instType': 'SWAP', 'method': 'current_period', 'realizedRate': '0.0001'}"
2025-05-29 16:00:00,1748534400000,0.0001,BTC/USDT:USDT,"{'formulaType': 'withRate', 'fundingRate': '0.0001', 'fundingTime': '1748534400000', 'instId': 'BTC-USDT-SWAP', 'instType': 'SWAP', 'method': 'current_period', 'realizedRate': '0.0001'}"
2025-05-29 16:00:00,1748534400000,0.0001,BTC/USDT:USDT,"{'formulaType': 'withRate', 'fundingRate': '0.0001', 'fundingTime': '1748534400000', 'instId': 'BTC-USDT-SWAP', 'instType': 'SWAP', 'method': 'current_period', 'realizedRate': '0.0001'}"
2025-05-29 16:00:00,1748534400000,0.0001,BTC/USDT:USDT,"{'formulaType': 'withRate', 'fundingRate': '0.0001', 'fundingTime': '1748534400000', 'instId': 'BTC-USDT-SWAP', 'instType': 'SWAP', 'method': 'current_period', 'realizedRate': '0.0001'}"
2025-05-29 16:00:00,1748534400000,0.0001,BTC/USDT:USDT,"{'formulaType': 'withRate', 'fundingRate': '0.0001', 'fundingTime': '1748534400000', 'instId': 'BTC-USDT-SWAP', 'instType': 'SWAP', 'method': 'current_period', 'realizedRate': '0.0001'}"
2025-05-29 16:00:00,1748534400000,0.0001,BTC/USDT:USDT,"{'formulaType': 'withRate', 'fundingRate': '0.0001', 'fundingTime': '1748534400000', 'instId': 'BTC-USDT-SWAP', 'instType': 'SWAP', 'method': 'current_period', 'realizedRate': '0.0001'}"
2025-05-29 16:00:00,1748534400000,0.0001,BTC/USDT:USDT,"{'formulaType': 'withRate', 'fundingRate': '0.0001', 'fundingTime': '1748534400000', 'instId': 'BTC-USDT-SWAP', 'instType': 'SWAP', 'method': 'current_period', 'realizedRate': '0.0001'}"
2025-05-29 16:00:00,1748534400000,0.0001,BTC/USDT:USDT,"{'formulaType': 'withRate', 'fundingRate': '0.0001', 'fundingTime': '1748534400000', 'instId': 'BTC-USDT-SWAP', 'instType': 'SWAP', 'method': 'current_period', 'realizedRate': '0.0001'}"
2025-05-29 16:00:00,1748534400000,0.0001,BTC/USDT:USDT,"{'formulaType': 'withRate', 'fundingRate': '0.0001', 'fundingTime': '1748534400000', 'instId': 'BTC-USDT-SWAP', 'instType': 'SWAP', 'method': 'current_period', 'realizedRate': '0.0001'}"
2025-05-29 16:00:00,1748534400000,0.0001,BTC/USDT:USDT,"{'formulaType': 'withRate', 'fundingRate': '0.0001', 'fundingTime': '1748534400000', 'instId': 'BTC-USDT-SWAP', 'instType': 'SWAP', 'method': 'current_period', 'realizedRate': '0.0001'}"
2025-05-29 16:00:00,1748534400000,0.0001,BTC/USDT:USDT,"{'formulaType': 'withRate', 'fundingRate': '0.0001', 'fundingTime': '1748534400000', 'instId': 'BTC-USDT-SWAP', 'instType': 'SWAP', 'method': 'current_period', 'realizedRate': '0.0001'}"
2025-05-29 16:00:00,1748534400000,0.0001,BTC/USDT:USDT,"{'formulaType': 'withRate', 'fundingRate': '0.0001', 'fundingTime': '1748534400000', 'instId': 'BTC-USDT-SWAP', 'instType': 'SWAP', 'method': 'current_period', 'realizedRate': '0.0001'}"
2025-05-29 16:00:00,1748534400000,0.0001,BTC/USDT:USDT,"{'formulaType': 'withRate', 'fundingRate': '0.0001', 'fundingTime': '1748534400000', 'instId': 'BTC-USDT-SWAP', 'instType': 'SWAP', 'method': 'current_period', 'realizedRate': '0.0001'}"
2025-05-30 00:00:00,1748563200000,0.0001,BTC/USDT:USDT,"{'formulaType': 'withRate', 'fundingRate': '0.0001', 'fundingTime': '1748563200000', 'instId': 'BTC-USDT-SWAP', 'instType': 'SWAP', 'method': 'current_period', 'realizedRate': '0.0001'}"
2025-05-30 00:00:00,1748563200000,0.0001,BTC/USDT:USDT,"{'formulaType': 'withRate', 'fundingRate': '0.0001', 'fundingTime': '1748563200000', 'instId': 'BTC-USDT-SWAP', 'instType': 'SWAP', 'method': 'current_period', 'realizedRate': '0.0001'}"
2025-05-30 00:00:00,1748563200000,0.0001,BTC/USDT:USDT,"{'formulaType': 'withRate', 'fundingRate': '0.0001', 'fundingTime': '1748563200000', 'instId': 'BTC-USDT-SWAP', 'instType': 'SWAP', 'method': 'current_period', 'realizedRate': '0.0001'}"
2025-05-30 00:00:00,1748563200000,0.0001,BTC/USDT:USDT,"{'formulaType': 'withRate', 'fundingRate': '0.0001', 'fundingTime': '1748563200000', 'instId': 'BTC-USDT-SWAP', 'instType': 'SWAP', 'method': 'current_period', 'realizedRate': '0.0001'}"
2025-05-30 00:00:00,1748563200000,0.0001,BTC/USDT:USDT,"{'formulaType': 'withRate', 'fundingRate': '0.0001', 'fundingTime': '1748563200000', 'instId': 'BTC-USDT-SWAP', 'instType': 'SWAP', 'method': 'current_period', 'realizedRate': '0.0001'}"
2025-05-30 00:00:00,1748563200000,0.0001,BTC/USDT:USDT,"{'formulaType': 'withRate', 'fundingRate': '0.0001', 'fundingTime': '1748563200000', 'instId': 'BTC-USDT-SWAP', 'instType': 'SWAP', 'method': 'current_period', 'realizedRate': '0.0001'}"
2025-05-30 00:00:00,1748563200000,0.0001,BTC/USDT:USDT,"{'formulaType': 'withRate', 'fundingRate': '0.0001', 'fundingTime': '1748563200000', 'instId': 'BTC-USDT-SWAP', 'instType': 'SWAP', 'method': 'current_period', 'realizedRate': '0.0001'}"
2025-05-30 00:00:00,1748563200000,0.0001,BTC/USDT:USDT,"{'formulaType': 'withRate', 'fundingRate': '0.0001', 'fundingTime': '1748563200000', 'instId': 'BTC-USDT-SWAP', 'instType': 'SWAP', 'method': 'current_period', 'realizedRate': '0.0001'}"
2025-05-30 00:00:00,1748563200000,0.0001,BTC/USDT:USDT,"{'formulaType': 'withRate', 'fundingRate': '0.0001', 'fundingTime': '1748563200000', 'instId': 'BTC-USDT-SWAP', 'instType': 'SWAP', 'method': 'current_period', 'realizedRate': '0.0001'}"
2025-05-30 00:00:00,1748563200000,0.0001,BTC/USDT:USDT,"{'formulaType': 'withRate', 'fundingRate': '0.0001', 'fundingTime': '1748563200000', 'instId': 'BTC-USDT-SWAP', 'instType': 'SWAP', 'method': 'current_period', 'realizedRate': '0.0001'}"
2025-05-30 00:00:00,1748563200000,0.0001,BTC/USDT:USDT,"{'formulaType': 'withRate', 'fundingRate': '0.0001', 'fundingTime': '1748563200000', 'instId': 'BTC-USDT-SWAP', 'instType': 'SWAP', 'method': 'current_period', 'realizedRate': '0.0001'}"
2025-05-30 00:00:00,1748563200000,0.0001,BTC/USDT:USDT,"{'formulaType': 'withRate', 'fundingRate': '0.0001', 'fundingTime': '1748563200000', 'instId': 'BTC-USDT-SWAP', 'instType': 'SWAP', 'method': 'current_period', 'realizedRate': '0.0001'}"
2025-05-30 00:00:00,1748563200000,0.0001,BTC/USDT:USDT,"{'formulaType': 'withRate', 'fundingRate': '0.0001', 'fundingTime': '1748563200000', 'instId': 'BTC-USDT-SWAP', 'instType': 'SWAP', 'method': 'current_period', 'realizedRate': '0.0001'}"
2025-05-30 00:00:00,1748563200000,0.0001,BTC/USDT:USDT,"{'formulaType': 'withRate', 'fundingRate': '0.0001', 'fundingTime': '1748563200000', 'instId': 'BTC-USDT-SWAP', 'instType': 'SWAP', 'method': 'current_period', 'realizedRate': '0.0001'}"
2025-05-30 00:00:00,1748563200000,0.0001,BTC/USDT:USDT,"{'formulaType': 'withRate', 'fundingRate': '0.0001', 'fundingTime': '1748563200000', 'instId': 'BTC-USDT-SWAP', 'instType': 'SWAP', 'method': 'current_period', 'realizedRate': '0.0001'}"
2025-05-30 00:00:00,1748563200000,0.0001,BTC/USDT:USDT,"{'formulaType': 'withRate', 'fundingRate': '0.0001', 'fundingTime': '1748563200000', 'instId': 'BTC-USDT-SWAP', 'instType': 'SWAP', 'method': 'current_period', 'realizedRate': '0.0001'}"
2025-05-30 00:00:00,1748563200000,0.0001,BTC/USDT:USDT,"{'formulaType': 'withRate', 'fundingRate': '0.0001', 'fundingTime': '1748563200000', 'instId': 'BTC-USDT-SWAP', 'instType': 'SWAP', 'method': 'current_period', 'realizedRate': '0.0001'}"
2025-05-30 00:00:00,1748563200000,0.0001,BTC/USDT:USDT,"{'formulaType': 'withRate', 'fundingRate': '0.0001', 'fundingTime': '1748563200000', 'instId': 'BTC-USDT-SWAP', 'instType': 'SWAP', 'method': 'current_period', 'realizedRate': '0.0001'}"
2025-05-30 00:00:00,1748563200000,0.0001,BTC/USDT:USDT,"{'formulaType': 'withRate', 'fundingRate': '0.0001', 'fundingTime': '1748563200000', 'instId': 'BTC-USDT-SWAP', 'instType': 'SWAP', 'method': 'current_period', 'realizedRate': '0.0001'}"
2025-05-30 00:00:00,1748563200000,0.0001,BTC/USDT:USDT,"{'formulaType': 'withRate', 'fundingRate': '0.0001', 'fundingTime': '1748563200000', 'instId': 'BTC-USDT-SWAP', 'instType': 'SWAP', 'method': 'current_period', 'realizedRate': '0.0001'}"
2025-05-30 00:00:00,1748563200000,0.0001,BTC/USDT:USDT,"{'formulaType': 'withRate', 'fundingRate': '0.0001', 'fundingTime': '1748563200000', 'instId': 'BTC-USDT-SWAP', 'instType': 'SWAP', 'method': 'current_period', 'realizedRate': '0.0001'}"
2025-05-30 00:00:00,1748563200000,0.0001,BTC/USDT:USDT,"{'formulaType': 'withRate', 'fundingRate': '0.0001', 'fundingTime': '1748563200000', 'instId': 'BTC-USDT-SWAP', 'instType': 'SWAP', 'method': 'current_period', 'realizedRate': '0.0001'}"
2025-05-30 00:00:00,1748563200000,0.0001,BTC/USDT:USDT,"{'formulaType': 'withRate', 'fundingRate': '0.0001', 'fundingTime': '1748563200000', 'instId': 'BTC-USDT-SWAP', 'instType': 'SWAP', 'method': 'current_period', 'realizedRate': '0.0001'}"
2025-05-30 00:00:00,1748563200000,0.0001,BTC/USDT:USDT,"{'formulaType': 'withRate', 'fundingRate': '0.0001', 'fundingTime': '1748563200000', 'instId': 'BTC-USDT-SWAP', 'instType': 'SWAP', 'method': 'current_period', 'realizedRate': '0.0001'}"
2025-05-30 00:00:00,1748563200000,0.0001,BTC/USDT:USDT,"{'formulaType': 'withRate', 'fundingRate': '0.0001', 'fundingTime': '1748563200000', 'instId': 'BTC-USDT-SWAP', 'instType': 'SWAP', 'method': 'current_period', 'realizedRate': '0.0001'}"
2025-05-30 00:00:00,1748563200000,0.0001,BTC/USDT:USDT,"{'formulaType': 'withRate', 'fundingRate': '0.0001', 'fundingTime': '1748563200000', 'instId': 'BTC-USDT-SWAP', 'instType': 'SWAP', 'method': 'current_period', 'realizedRate': '0.0001'}"
2025-05-30 00:00:00,1748563200000,0.0001,BTC/USDT:USDT,"{'formulaType': 'withRate', 'fundingRate': '0.0001', 'fundingTime': '1748563200000', 'instId': 'BTC-USDT-SWAP', 'instType': 'SWAP', 'method': 'current_period', 'realizedRate': '0.0001'}"
2025-05-30 00:00:00,1748563200000,0.0001,BTC/USDT:USDT,"{'formulaType': 'withRate', 'fundingRate': '0.0001', 'fundingTime': '1748563200000', 'instId': 'BTC-USDT-SWAP', 'instType': 'SWAP', 'method': 'current_period', 'realizedRate': '0.0001'}"
2025-05-30 00:00:00,1748563200000,0.0001,BTC/USDT:USDT,"{'formulaType': 'withRate', 'fundingRate': '0.0001', 'fundingTime': '1748563200000', 'instId': 'BTC-USDT-SWAP', 'instType': 'SWAP', 'method': 'current_period', 'realizedRate': '0.0001'}"
2025-05-30 00:00:00,1748563200000,0.0001,BTC/USDT:USDT,"{'formulaType': 'withRate', 'fundingRate': '0.0001', 'fundingTime': '1748563200000', 'instId': 'BTC-USDT-SWAP', 'instType': 'SWAP', 'method': 'current_period', 'realizedRate': '0.0001'}"
2025-05-30 00:00:00,1748563200000,0.0001,BTC/USDT:USDT,"{'formulaType': 'withRate', 'fundingRate': '0.0001', 'fundingTime': '1748563200000', 'instId': 'BTC-USDT-SWAP', 'instType': 'SWAP', 'method': 'current_period', 'realizedRate': '0.0001'}"
2025-05-30 00:00:00,1748563200000,0.0001,BTC/USDT:USDT,"{'formulaType': 'withRate', 'fundingRate': '0.0001', 'fundingTime': '1748563200000', 'instId': 'BTC-USDT-SWAP', 'instType': 'SWAP', 'method': 'current_period', 'realizedRate': '0.0001'}"
2025-05-30 00:00:00,1748563200000,0.0001,BTC/USDT:USDT,"{'formulaType': 'withRate', 'fundingRate': '0.0001', 'fundingTime': '1748563200000', 'instId': 'BTC-USDT-SWAP', 'instType': 'SWAP', 'method': 'current_period', 'realizedRate': '0.0001'}"
2025-05-30 00:00:00,1748563200000,0.0001,BTC/USDT:USDT,"{'formulaType': 'withRate', 'fundingRate': '0.0001', 'fundingTime': '1748563200000', 'instId': 'BTC-USDT-SWAP', 'instType': 'SWAP', 'method': 'current_period', 'realizedRate': '0.0001'}"
2025-05-30 00:00:00,1748563200000,0.0001,BTC/USDT:USDT,"{'formulaType': 'withRate', 'fundingRate': '0.0001', 'fundingTime': '1748563200000', 'instId': 'BTC-USDT-SWAP', 'instType': 'SWAP', 'method': 'current_period', 'realizedRate': '0.0001'}"
2025-05-30 00:00:00,1748563200000,0.0001,BTC/USDT:USDT,"{'formulaType': 'withRate', 'fundingRate': '0.0001', 'fundingTime': '1748563200000', 'instId': 'BTC-USDT-SWAP', 'instType': 'SWAP', 'method': 'current_period', 'realizedRate': '0.0001'}"
2025-05-30 00:00:00,1748563200000,0.0001,BTC/USDT:USDT,"{'formulaType': 'withRate', 'fundingRate': '0.0001', 'fundingTime': '1748563200000', 'instId': 'BTC-USDT-SWAP', 'instType': 'SWAP', 'method': 'current_period', 'realizedRate': '0.0001'}"
2025-05-30 08:00:00,1748592000000,3.56484547518e-05,BTC/USDT:USDT,"{'formulaType': 'withRate', 'fundingRate': '0.0000356484547518', 'fundingTime': '1748592000000', 'instId': 'BTC-USDT-SWAP', 'instType': 'SWAP', 'method': 'current_period', 'realizedRate': '0.0000356484547518'}"
2025-05-30 08:00:00,1748592000000,3.56484547518e-05,BTC/USDT:USDT,"{'formulaType': 'withRate', 'fundingRate': '0.0000356484547518', 'fundingTime': '1748592000000', 'instId': 'BTC-USDT-SWAP', 'instType': 'SWAP', 'method': 'current_period', 'realizedRate': '0.0000356484547518'}"
2025-05-30 08:00:00,1748592000000,3.56484547518e-05,BTC/USDT:USDT,"{'formulaType': 'withRate', 'fundingRate': '0.0000356484547518', 'fundingTime': '1748592000000', 'instId': 'BTC-USDT-SWAP', 'instType': 'SWAP', 'method': 'current_period', 'realizedRate': '0.0000356484547518'}"
2025-05-30 08:00:00,1748592000000,3.56484547518e-05,BTC/USDT:USDT,"{'formulaType': 'withRate', 'fundingRate': '0.0000356484547518', 'fundingTime': '1748592000000', 'instId': 'BTC-USDT-SWAP', 'instType': 'SWAP', 'method': 'current_period', 'realizedRate': '0.0000356484547518'}"
2025-05-30 08:00:00,1748592000000,3.56484547518e-05,BTC/USDT:USDT,"{'formulaType': 'withRate', 'fundingRate': '0.0000356484547518', 'fundingTime': '1748592000000', 'instId': 'BTC-USDT-SWAP', 'instType': 'SWAP', 'method': 'current_period', 'realizedRate': '0.0000356484547518'}"
2025-05-30 08:00:00,1748592000000,3.56484547518e-05,BTC/USDT:USDT,"{'formulaType': 'withRate', 'fundingRate': '0.0000356484547518', 'fundingTime': '1748592000000', 'instId': 'BTC-USDT-SWAP', 'instType': 'SWAP', 'method': 'current_period', 'realizedRate': '0.0000356484547518'}"
2025-05-30 08:00:00,1748592000000,3.56484547518e-05,BTC/USDT:USDT,"{'formulaType': 'withRate', 'fundingRate': '0.0000356484547518', 'fundingTime': '1748592000000', 'instId': 'BTC-USDT-SWAP', 'instType': 'SWAP', 'method': 'current_period', 'realizedRate': '0.0000356484547518'}"
2025-05-30 08:00:00,1748592000000,3.56484547518e-05,BTC/USDT:USDT,"{'formulaType': 'withRate', 'fundingRate': '0.0000356484547518', 'fundingTime': '1748592000000', 'instId': 'BTC-USDT-SWAP', 'instType': 'SWAP', 'method': 'current_period', 'realizedRate': '0.0000356484547518'}"
2025-05-30 08:00:00,1748592000000,3.56484547518e-05,BTC/USDT:USDT,"{'formulaType': 'withRate', 'fundingRate': '0.0000356484547518', 'fundingTime': '1748592000000', 'instId': 'BTC-USDT-SWAP', 'instType': 'SWAP', 'method': 'current_period', 'realizedRate': '0.0000356484547518'}"
2025-05-30 08:00:00,1748592000000,3.56484547518e-05,BTC/USDT:USDT,"{'formulaType': 'withRate', 'fundingRate': '0.0000356484547518', 'fundingTime': '1748592000000', 'instId': 'BTC-USDT-SWAP', 'instType': 'SWAP', 'method': 'current_period', 'realizedRate': '0.0000356484547518'}"
2025-05-30 08:00:00,1748592000000,3.56484547518e-05,BTC/USDT:USDT,"{'formulaType': 'withRate', 'fundingRate': '0.0000356484547518', 'fundingTime': '1748592000000', 'instId': 'BTC-USDT-SWAP', 'instType': 'SWAP', 'method': 'current_period', 'realizedRate': '0.0000356484547518'}"
2025-05-30 08:00:00,1748592000000,3.56484547518e-05,BTC/USDT:USDT,"{'formulaType': 'withRate', 'fundingRate': '0.0000356484547518', 'fundingTime': '1748592000000', 'instId': 'BTC-USDT-SWAP', 'instType': 'SWAP', 'method': 'current_period', 'realizedRate': '0.0000356484547518'}"
2025-05-30 08:00:00,1748592000000,3.56484547518e-05,BTC/USDT:USDT,"{'formulaType': 'withRate', 'fundingRate': '0.0000356484547518', 'fundingTime': '1748592000000', 'instId': 'BTC-USDT-SWAP', 'instType': 'SWAP', 'method': 'current_period', 'realizedRate': '0.0000356484547518'}"
2025-05-30 08:00:00,1748592000000,3.56484547518e-05,BTC/USDT:USDT,"{'formulaType': 'withRate', 'fundingRate': '0.0000356484547518', 'fundingTime': '1748592000000', 'instId': 'BTC-USDT-SWAP', 'instType': 'SWAP', 'method': 'current_period', 'realizedRate': '0.0000356484547518'}"
2025-05-30 08:00:00,1748592000000,3.56484547518e-05,BTC/USDT:USDT,"{'formulaType': 'withRate', 'fundingRate': '0.0000356484547518', 'fundingTime': '1748592000000', 'instId': 'BTC-USDT-SWAP', 'instType': 'SWAP', 'method': 'current_period', 'realizedRate': '0.0000356484547518'}"
2025-05-30 08:00:00,1748592000000,3.56484547518e-05,BTC/USDT:USDT,"{'formulaType': 'withRate', 'fundingRate': '0.0000356484547518', 'fundingTime': '1748592000000', 'instId': 'BTC-USDT-SWAP', 'instType': 'SWAP', 'method': 'current_period', 'realizedRate': '0.0000356484547518'}"
2025-05-30 08:00:00,1748592000000,3.56484547518e-05,BTC/USDT:USDT,"{'formulaType': 'withRate', 'fundingRate': '0.0000356484547518', 'fundingTime': '1748592000000', 'instId': 'BTC-USDT-SWAP', 'instType': 'SWAP', 'method': 'current_period', 'realizedRate': '0.0000356484547518'}"
2025-05-30 08:00:00,1748592000000,3.56484547518e-05,BTC/USDT:USDT,"{'formulaType': 'withRate', 'fundingRate': '0.0000356484547518', 'fundingTime': '1748592000000', 'instId': 'BTC-USDT-SWAP', 'instType': 'SWAP', 'method': 'current_period', 'realizedRate': '0.0000356484547518'}"
2025-05-30 08:00:00,1748592000000,3.56484547518e-05,BTC/USDT:USDT,"{'formulaType': 'withRate', 'fundingRate': '0.0000356484547518', 'fundingTime': '1748592000000', 'instId': 'BTC-USDT-SWAP', 'instType': 'SWAP', 'method': 'current_period', 'realizedRate': '0.0000356484547518'}"
2025-05-30 08:00:00,1748592000000,3.56484547518e-05,BTC/USDT:USDT,"{'formulaType': 'withRate', 'fundingRate': '0.0000356484547518', 'fundingTime': '1748592000000', 'instId': 'BTC-USDT-SWAP', 'instType': 'SWAP', 'method': 'current_period', 'realizedRate': '0.0000356484547518'}"
2025-05-30 08:00:00,1748592000000,3.56484547518e-05,BTC/USDT:USDT,"{'formulaType': 'withRate', 'fundingRate': '0.0000356484547518', 'fundingTime': '1748592000000', 'instId': 'BTC-USDT-SWAP', 'instType': 'SWAP', 'method': 'current_period', 'realizedRate': '0.0000356484547518'}"
2025-05-30 08:00:00,1748592000000,3.56484547518e-05,BTC/USDT:USDT,"{'formulaType': 'withRate', 'fundingRate': '0.0000356484547518', 'fundingTime': '1748592000000', 'instId': 'BTC-USDT-SWAP', 'instType': 'SWAP', 'method': 'current_period', 'realizedRate': '0.0000356484547518'}"
2025-05-30 08:00:00,1748592000000,3.56484547518e-05,BTC/USDT:USDT,"{'formulaType': 'withRate', 'fundingRate': '0.0000356484547518', 'fundingTime': '1748592000000', 'instId': 'BTC-USDT-SWAP', 'instType': 'SWAP', 'method': 'current_period', 'realizedRate': '0.0000356484547518'}"
2025-05-30 08:00:00,1748592000000,3.56484547518e-05,BTC/USDT:USDT,"{'formulaType': 'withRate', 'fundingRate': '0.0000356484547518', 'fundingTime': '1748592000000', 'instId': 'BTC-USDT-SWAP', 'instType': 'SWAP', 'method': 'current_period', 'realizedRate': '0.0000356484547518'}"
2025-05-30 08:00:00,1748592000000,3.56484547518e-05,BTC/USDT:USDT,"{'formulaType': 'withRate', 'fundingRate': '0.0000356484547518', 'fundingTime': '1748592000000', 'instId': 'BTC-USDT-SWAP', 'instType': 'SWAP', 'method': 'current_period', 'realizedRate': '0.0000356484547518'}"
2025-05-30 08:00:00,1748592000000,3.56484547518e-05,BTC/USDT:USDT,"{'formulaType': 'withRate', 'fundingRate': '0.0000356484547518', 'fundingTime': '1748592000000', 'instId': 'BTC-USDT-SWAP', 'instType': 'SWAP', 'method': 'current_period', 'realizedRate': '0.0000356484547518'}"
2025-05-30 08:00:00,1748592000000,3.56484547518e-05,BTC/USDT:USDT,"{'formulaType': 'withRate', 'fundingRate': '0.0000356484547518', 'fundingTime': '1748592000000', 'instId': 'BTC-USDT-SWAP', 'instType': 'SWAP', 'method': 'current_period', 'realizedRate': '0.0000356484547518'}"
2025-05-30 08:00:00,1748592000000,3.56484547518e-05,BTC/USDT:USDT,"{'formulaType': 'withRate', 'fundingRate': '0.0000356484547518', 'fundingTime': '1748592000000', 'instId': 'BTC-USDT-SWAP', 'instType': 'SWAP', 'method': 'current_period', 'realizedRate': '0.0000356484547518'}"
2025-05-30 08:00:00,1748592000000,3.56484547518e-05,BTC/USDT:USDT,"{'formulaType': 'withRate', 'fundingRate': '0.0000356484547518', 'fundingTime': '1748592000000', 'instId': 'BTC-USDT-SWAP', 'instType': 'SWAP', 'method': 'current_period', 'realizedRate': '0.0000356484547518'}"
2025-05-30 08:00:00,1748592000000,3.56484547518e-05,BTC/USDT:USDT,"{'formulaType': 'withRate', 'fundingRate': '0.0000356484547518', 'fundingTime': '1748592000000', 'instId': 'BTC-USDT-SWAP', 'instType': 'SWAP', 'method': 'current_period', 'realizedRate': '0.0000356484547518'}"
2025-05-30 08:00:00,1748592000000,3.56484547518e-05,BTC/USDT:USDT,"{'formulaType': 'withRate', 'fundingRate': '0.0000356484547518', 'fundingTime': '1748592000000', 'instId': 'BTC-USDT-SWAP', 'instType': 'SWAP', 'method': 'current_period', 'realizedRate': '0.0000356484547518'}"
2025-05-30 08:00:00,1748592000000,3.56484547518e-05,BTC/USDT:USDT,"{'formulaType': 'withRate', 'fundingRate': '0.0000356484547518', 'fundingTime': '1748592000000', 'instId': 'BTC-USDT-SWAP', 'instType': 'SWAP', 'method': 'current_period', 'realizedRate': '0.0000356484547518'}"
2025-05-30 08:00:00,1748592000000,3.56484547518e-05,BTC/USDT:USDT,"{'formulaType': 'withRate', 'fundingRate': '0.0000356484547518', 'fundingTime': '1748592000000', 'instId': 'BTC-USDT-SWAP', 'instType': 'SWAP', 'method': 'current_period', 'realizedRate': '0.0000356484547518'}"
2025-05-30 08:00:00,1748592000000,3.56484547518e-05,BTC/USDT:USDT,"{'formulaType': 'withRate', 'fundingRate': '0.0000356484547518', 'fundingTime': '1748592000000', 'instId': 'BTC-USDT-SWAP', 'instType': 'SWAP', 'method': 'current_period', 'realizedRate': '0.0000356484547518'}"
2025-05-30 08:00:00,1748592000000,3.56484547518e-05,BTC/USDT:USDT,"{'formulaType': 'withRate', 'fundingRate': '0.0000356484547518', 'fundingTime': '1748592000000', 'instId': 'BTC-USDT-SWAP', 'instType': 'SWAP', 'method': 'current_period', 'realizedRate': '0.0000356484547518'}"
2025-05-30 08:00:00,1748592000000,3.56484547518e-05,BTC/USDT:USDT,"{'formulaType': 'withRate', 'fundingRate': '0.0000356484547518', 'fundingTime': '1748592000000', 'instId': 'BTC-USDT-SWAP', 'instType': 'SWAP', 'method': 'current_period', 'realizedRate': '0.0000356484547518'}"
2025-05-30 08:00:00,1748592000000,3.56484547518e-05,BTC/USDT:USDT,"{'formulaType': 'withRate', 'fundingRate': '0.0000356484547518', 'fundingTime': '1748592000000', 'instId': 'BTC-USDT-SWAP', 'instType': 'SWAP', 'method': 'current_period', 'realizedRate': '0.0000356484547518'}"
2025-05-30 16:00:00,1748620800000,6.08478006794e-05,BTC/USDT:USDT,"{'formulaType': 'withRate', 'fundingRate': '0.0000608478006794', 'fundingTime': '1748620800000', 'instId': 'BTC-USDT-SWAP', 'instType': 'SWAP', 'method': 'current_period', 'realizedRate': '0.0000608478006794'}"
2025-05-30 16:00:00,1748620800000,6.08478006794e-05,BTC/USDT:USDT,"{'formulaType': 'withRate', 'fundingRate': '0.0000608478006794', 'fundingTime': '1748620800000', 'instId': 'BTC-USDT-SWAP', 'instType': 'SWAP', 'method': 'current_period', 'realizedRate': '0.0000608478006794'}"
2025-05-30 16:00:00,1748620800000,6.08478006794e-05,BTC/USDT:USDT,"{'formulaType': 'withRate', 'fundingRate': '0.0000608478006794', 'fundingTime': '1748620800000', 'instId': 'BTC-USDT-SWAP', 'instType': 'SWAP', 'method': 'current_period', 'realizedRate': '0.0000608478006794'}"
2025-05-30 16:00:00,1748620800000,6.08478006794e-05,BTC/USDT:USDT,"{'formulaType': 'withRate', 'fundingRate': '0.0000608478006794', 'fundingTime': '1748620800000', 'instId': 'BTC-USDT-SWAP', 'instType': 'SWAP', 'method': 'current_period', 'realizedRate': '0.0000608478006794'}"
2025-05-30 16:00:00,1748620800000,6.08478006794e-05,BTC/USDT:USDT,"{'formulaType': 'withRate', 'fundingRate': '0.0000608478006794', 'fundingTime': '1748620800000', 'instId': 'BTC-USDT-SWAP', 'instType': 'SWAP', 'method': 'current_period', 'realizedRate': '0.0000608478006794'}"
2025-05-30 16:00:00,1748620800000,6.08478006794e-05,BTC/USDT:USDT,"{'formulaType': 'withRate', 'fundingRate': '0.0000608478006794', 'fundingTime': '1748620800000', 'instId': 'BTC-USDT-SWAP', 'instType': 'SWAP', 'method': 'current_period', 'realizedRate': '0.0000608478006794'}"
2025-05-30 16:00:00,1748620800000,6.08478006794e-05,BTC/USDT:USDT,"{'formulaType': 'withRate', 'fundingRate': '0.0000608478006794', 'fundingTime': '1748620800000', 'instId': 'BTC-USDT-SWAP', 'instType': 'SWAP', 'method': 'current_period', 'realizedRate': '0.0000608478006794'}"
2025-05-30 16:00:00,1748620800000,6.08478006794e-05,BTC/USDT:USDT,"{'formulaType': 'withRate', 'fundingRate': '0.0000608478006794', 'fundingTime': '1748620800000', 'instId': 'BTC-USDT-SWAP', 'instType': 'SWAP', 'method': 'current_period', 'realizedRate': '0.0000608478006794'}"
2025-05-30 16:00:00,1748620800000,6.08478006794e-05,BTC/USDT:USDT,"{'formulaType': 'withRate', 'fundingRate': '0.0000608478006794', 'fundingTime': '1748620800000', 'instId': 'BTC-USDT-SWAP', 'instType': 'SWAP', 'method': 'current_period', 'realizedRate': '0.0000608478006794'}"
2025-05-30 16:00:00,1748620800000,6.08478006794e-05,BTC/USDT:USDT,"{'formulaType': 'withRate', 'fundingRate': '0.0000608478006794', 'fundingTime': '1748620800000', 'instId': 'BTC-USDT-SWAP', 'instType': 'SWAP', 'method': 'current_period', 'realizedRate': '0.0000608478006794'}"
2025-05-30 16:00:00,1748620800000,6.08478006794e-05,BTC/USDT:USDT,"{'formulaType': 'withRate', 'fundingRate': '0.0000608478006794', 'fundingTime': '1748620800000', 'instId': 'BTC-USDT-SWAP', 'instType': 'SWAP', 'method': 'current_period', 'realizedRate': '0.0000608478006794'}"
2025-05-30 16:00:00,1748620800000,6.08478006794e-05,BTC/USDT:USDT,"{'formulaType': 'withRate', 'fundingRate': '0.0000608478006794', 'fundingTime': '1748620800000', 'instId': 'BTC-USDT-SWAP', 'instType': 'SWAP', 'method': 'current_period', 'realizedRate': '0.0000608478006794'}"
2025-05-30 16:00:00,1748620800000,6.08478006794e-05,BTC/USDT:USDT,"{'formulaType': 'withRate', 'fundingRate': '0.0000608478006794', 'fundingTime': '1748620800000', 'instId': 'BTC-USDT-SWAP', 'instType': 'SWAP', 'method': 'current_period', 'realizedRate': '0.0000608478006794'}"
2025-05-30 16:00:00,1748620800000,6.08478006794e-05,BTC/USDT:USDT,"{'formulaType': 'withRate', 'fundingRate': '0.0000608478006794', 'fundingTime': '1748620800000', 'instId': 'BTC-USDT-SWAP', 'instType': 'SWAP', 'method': 'current_period', 'realizedRate': '0.0000608478006794'}"
2025-05-30 16:00:00,1748620800000,6.08478006794e-05,BTC/USDT:USDT,"{'formulaType': 'withRate', 'fundingRate': '0.0000608478006794', 'fundingTime': '1748620800000', 'instId': 'BTC-USDT-SWAP', 'instType': 'SWAP', 'method': 'current_period', 'realizedRate': '0.0000608478006794'}"
2025-05-30 16:00:00,1748620800000,6.08478006794e-05,BTC/USDT:USDT,"{'formulaType': 'withRate', 'fundingRate': '0.0000608478006794', 'fundingTime': '1748620800000', 'instId': 'BTC-USDT-SWAP', 'instType': 'SWAP', 'method': 'current_period', 'realizedRate': '0.0000608478006794'}"
2025-05-30 16:00:00,1748620800000,6.08478006794e-05,BTC/USDT:USDT,"{'formulaType': 'withRate', 'fundingRate': '0.0000608478006794', 'fundingTime': '1748620800000', 'instId': 'BTC-USDT-SWAP', 'instType': 'SWAP', 'method': 'current_period', 'realizedRate': '0.0000608478006794'}"
2025-05-30 16:00:00,1748620800000,6.08478006794e-05,BTC/USDT:USDT,"{'formulaType': 'withRate', 'fundingRate': '0.0000608478006794', 'fundingTime': '1748620800000', 'instId': 'BTC-USDT-SWAP', 'instType': 'SWAP', 'method': 'current_period', 'realizedRate': '0.0000608478006794'}"
2025-05-30 16:00:00,1748620800000,6.08478006794e-05,BTC/USDT:USDT,"{'formulaType': 'withRate', 'fundingRate': '0.0000608478006794', 'fundingTime': '1748620800000', 'instId': 'BTC-USDT-SWAP', 'instType': 'SWAP', 'method': 'current_period', 'realizedRate': '0.0000608478006794'}"
2025-05-30 16:00:00,1748620800000,6.08478006794e-05,BTC/USDT:USDT,"{'formulaType': 'withRate', 'fundingRate': '0.0000608478006794', 'fundingTime': '1748620800000', 'instId': 'BTC-USDT-SWAP', 'instType': 'SWAP', 'method': 'current_period', 'realizedRate': '0.0000608478006794'}"
2025-05-30 16:00:00,1748620800000,6.08478006794e-05,BTC/USDT:USDT,"{'formulaType': 'withRate', 'fundingRate': '0.0000608478006794', 'fundingTime': '1748620800000', 'instId': 'BTC-USDT-SWAP', 'instType': 'SWAP', 'method': 'current_period', 'realizedRate': '0.0000608478006794'}"
2025-05-30 16:00:00,1748620800000,6.08478006794e-05,BTC/USDT:USDT,"{'formulaType': 'withRate', 'fundingRate': '0.0000608478006794', 'fundingTime': '1748620800000', 'instId': 'BTC-USDT-SWAP', 'instType': 'SWAP', 'method': 'current_period', 'realizedRate': '0.0000608478006794'}"
2025-05-30 16:00:00,1748620800000,6.08478006794e-05,BTC/USDT:USDT,"{'formulaType': 'withRate', 'fundingRate': '0.0000608478006794', 'fundingTime': '1748620800000', 'instId': 'BTC-USDT-SWAP', 'instType': 'SWAP', 'method': 'current_period', 'realizedRate': '0.0000608478006794'}"
2025-05-30 16:00:00,1748620800000,6.08478006794e-05,BTC/USDT:USDT,"{'formulaType': 'withRate', 'fundingRate': '0.0000608478006794', 'fundingTime': '1748620800000', 'instId': 'BTC-USDT-SWAP', 'instType': 'SWAP', 'method': 'current_period', 'realizedRate': '0.0000608478006794'}"
2025-05-30 16:00:00,1748620800000,6.08478006794e-05,BTC/USDT:USDT,"{'formulaType': 'withRate', 'fundingRate': '0.0000608478006794', 'fundingTime': '1748620800000', 'instId': 'BTC-USDT-SWAP', 'instType': 'SWAP', 'method': 'current_period', 'realizedRate': '0.0000608478006794'}"
2025-05-30 16:00:00,1748620800000,6.08478006794e-05,BTC/USDT:USDT,"{'formulaType': 'withRate', 'fundingRate': '0.0000608478006794', 'fundingTime': '1748620800000', 'instId': 'BTC-USDT-SWAP', 'instType': 'SWAP', 'method': 'current_period', 'realizedRate': '0.0000608478006794'}"
2025-05-30 16:00:00,1748620800000,6.08478006794e-05,BTC/USDT:USDT,"{'formulaType': 'withRate', 'fundingRate': '0.0000608478006794', 'fundingTime': '1748620800000', 'instId': 'BTC-USDT-SWAP', 'instType': 'SWAP', 'method': 'current_period', 'realizedRate': '0.0000608478006794'}"
2025-05-30 16:00:00,1748620800000,6.08478006794e-05,BTC/USDT:USDT,"{'formulaType': 'withRate', 'fundingRate': '0.0000608478006794', 'fundingTime': '1748620800000', 'instId': 'BTC-USDT-SWAP', 'instType': 'SWAP', 'method': 'current_period', 'realizedRate': '0.0000608478006794'}"
2025-05-30 16:00:00,1748620800000,6.08478006794e-05,BTC/USDT:USDT,"{'formulaType': 'withRate', 'fundingRate': '0.0000608478006794', 'fundingTime': '1748620800000', 'instId': 'BTC-USDT-SWAP', 'instType': 'SWAP', 'method': 'current_period', 'realizedRate': '0.0000608478006794'}"
2025-05-30 16:00:00,1748620800000,6.08478006794e-05,BTC/USDT:USDT,"{'formulaType': 'withRate', 'fundingRate': '0.0000608478006794', 'fundingTime': '1748620800000', 'instId': 'BTC-USDT-SWAP', 'instType': 'SWAP', 'method': 'current_period', 'realizedRate': '0.0000608478006794'}"
2025-05-30 16:00:00,1748620800000,6.08478006794e-05,BTC/USDT:USDT,"{'formulaType': 'withRate', 'fundingRate': '0.0000608478006794', 'fundingTime': '1748620800000', 'instId': 'BTC-USDT-SWAP', 'instType': 'SWAP', 'method': 'current_period', 'realizedRate': '0.0000608478006794'}"
2025-05-30 16:00:00,1748620800000,6.08478006794e-05,BTC/USDT:USDT,"{'formulaType': 'withRate', 'fundingRate': '0.0000608478006794', 'fundingTime': '1748620800000', 'instId': 'BTC-USDT-SWAP', 'instType': 'SWAP', 'method': 'current_period', 'realizedRate': '0.0000608478006794'}"
2025-05-30 16:00:00,1748620800000,6.08478006794e-05,BTC/USDT:USDT,"{'formulaType': 'withRate', 'fundingRate': '0.0000608478006794', 'fundingTime': '1748620800000', 'instId': 'BTC-USDT-SWAP', 'instType': 'SWAP', 'method': 'current_period', 'realizedRate': '0.0000608478006794'}"
2025-05-30 16:00:00,1748620800000,6.08478006794e-05,BTC/USDT:USDT,"{'formulaType': 'withRate', 'fundingRate': '0.0000608478006794', 'fundingTime': '1748620800000', 'instId': 'BTC-USDT-SWAP', 'instType': 'SWAP', 'method': 'current_period', 'realizedRate': '0.0000608478006794'}"
2025-05-30 16:00:00,1748620800000,6.08478006794e-05,BTC/USDT:USDT,"{'formulaType': 'withRate', 'fundingRate': '0.0000608478006794', 'fundingTime': '1748620800000', 'instId': 'BTC-USDT-SWAP', 'instType': 'SWAP', 'method': 'current_period', 'realizedRate': '0.0000608478006794'}"
2025-05-30 16:00:00,1748620800000,6.08478006794e-05,BTC/USDT:USDT,"{'formulaType': 'withRate', 'fundingRate': '0.0000608478006794', 'fundingTime': '1748620800000', 'instId': 'BTC-USDT-SWAP', 'instType': 'SWAP', 'method': 'current_period', 'realizedRate': '0.0000608478006794'}"
2025-05-30 16:00:00,1748620800000,6.08478006794e-05,BTC/USDT:USDT,"{'formulaType': 'withRate', 'fundingRate': '0.0000608478006794', 'fundingTime': '1748620800000', 'instId': 'BTC-USDT-SWAP', 'instType': 'SWAP', 'method': 'current_period', 'realizedRate': '0.0000608478006794'}"
2025-05-31 00:00:00,1748649600000,8.49614457543e-05,BTC/USDT:USDT,"{'formulaType': 'withRate', 'fundingRate': '0.0000849614457543', 'fundingTime': '1748649600000', 'instId': 'BTC-USDT-SWAP', 'instType': 'SWAP', 'method': 'current_period', 'realizedRate': '0.0000849614457543'}"
2025-05-31 00:00:00,1748649600000,8.49614457543e-05,BTC/USDT:USDT,"{'formulaType': 'withRate', 'fundingRate': '0.0000849614457543', 'fundingTime': '1748649600000', 'instId': 'BTC-USDT-SWAP', 'instType': 'SWAP', 'method': 'current_period', 'realizedRate': '0.0000849614457543'}"
2025-05-31 00:00:00,1748649600000,8.49614457543e-05,BTC/USDT:USDT,"{'formulaType': 'withRate', 'fundingRate': '0.0000849614457543', 'fundingTime': '1748649600000', 'instId': 'BTC-USDT-SWAP', 'instType': 'SWAP', 'method': 'current_period', 'realizedRate': '0.0000849614457543'}"
2025-05-31 00:00:00,1748649600000,8.49614457543e-05,BTC/USDT:USDT,"{'formulaType': 'withRate', 'fundingRate': '0.0000849614457543', 'fundingTime': '1748649600000', 'instId': 'BTC-USDT-SWAP', 'instType': 'SWAP', 'method': 'current_period', 'realizedRate': '0.0000849614457543'}"
2025-05-31 00:00:00,1748649600000,8.49614457543e-05,BTC/USDT:USDT,"{'formulaType': 'withRate', 'fundingRate': '0.0000849614457543', 'fundingTime': '1748649600000', 'instId': 'BTC-USDT-SWAP', 'instType': 'SWAP', 'method': 'current_period', 'realizedRate': '0.0000849614457543'}"
2025-05-31 00:00:00,1748649600000,8.49614457543e-05,BTC/USDT:USDT,"{'formulaType': 'withRate', 'fundingRate': '0.0000849614457543', 'fundingTime': '1748649600000', 'instId': 'BTC-USDT-SWAP', 'instType': 'SWAP', 'method': 'current_period', 'realizedRate': '0.0000849614457543'}"
2025-05-31 00:00:00,1748649600000,8.49614457543e-05,BTC/USDT:USDT,"{'formulaType': 'withRate', 'fundingRate': '0.0000849614457543', 'fundingTime': '1748649600000', 'instId': 'BTC-USDT-SWAP', 'instType': 'SWAP', 'method': 'current_period', 'realizedRate': '0.0000849614457543'}"
2025-05-31 00:00:00,1748649600000,8.49614457543e-05,BTC/USDT:USDT,"{'formulaType': 'withRate', 'fundingRate': '0.0000849614457543', 'fundingTime': '1748649600000', 'instId': 'BTC-USDT-SWAP', 'instType': 'SWAP', 'method': 'current_period', 'realizedRate': '0.0000849614457543'}"
2025-05-31 00:00:00,1748649600000,8.49614457543e-05,BTC/USDT:USDT,"{'formulaType': 'withRate', 'fundingRate': '0.0000849614457543', 'fundingTime': '1748649600000', 'instId': 'BTC-USDT-SWAP', 'instType': 'SWAP', 'method': 'current_period', 'realizedRate': '0.0000849614457543'}"
2025-05-31 00:00:00,1748649600000,8.49614457543e-05,BTC/USDT:USDT,"{'formulaType': 'withRate', 'fundingRate': '0.0000849614457543', 'fundingTime': '1748649600000', 'instId': 'BTC-USDT-SWAP', 'instType': 'SWAP', 'method': 'current_period', 'realizedRate': '0.0000849614457543'}"
2025-05-31 00:00:00,1748649600000,8.49614457543e-05,BTC/USDT:USDT,"{'formulaType': 'withRate', 'fundingRate': '0.0000849614457543', 'fundingTime': '1748649600000', 'instId': 'BTC-USDT-SWAP', 'instType': 'SWAP', 'method': 'current_period', 'realizedRate': '0.0000849614457543'}"
2025-05-31 00:00:00,1748649600000,8.49614457543e-05,BTC/USDT:USDT,"{'formulaType': 'withRate', 'fundingRate': '0.0000849614457543', 'fundingTime': '1748649600000', 'instId': 'BTC-USDT-SWAP', 'instType': 'SWAP', 'method': 'current_period', 'realizedRate': '0.0000849614457543'}"
2025-05-31 00:00:00,1748649600000,8.49614457543e-05,BTC/USDT:USDT,"{'formulaType': 'withRate', 'fundingRate': '0.0000849614457543', 'fundingTime': '1748649600000', 'instId': 'BTC-USDT-SWAP', 'instType': 'SWAP', 'method': 'current_period', 'realizedRate': '0.0000849614457543'}"
2025-05-31 00:00:00,1748649600000,8.49614457543e-05,BTC/USDT:USDT,"{'formulaType': 'withRate', 'fundingRate': '0.0000849614457543', 'fundingTime': '1748649600000', 'instId': 'BTC-USDT-SWAP', 'instType': 'SWAP', 'method': 'current_period', 'realizedRate': '0.0000849614457543'}"
2025-05-31 00:00:00,1748649600000,8.49614457543e-05,BTC/USDT:USDT,"{'formulaType': 'withRate', 'fundingRate': '0.0000849614457543', 'fundingTime': '1748649600000', 'instId': 'BTC-USDT-SWAP', 'instType': 'SWAP', 'method': 'current_period', 'realizedRate': '0.0000849614457543'}"
2025-05-31 00:00:00,1748649600000,8.49614457543e-05,BTC/USDT:USDT,"{'formulaType': 'withRate', 'fundingRate': '0.0000849614457543', 'fundingTime': '1748649600000', 'instId': 'BTC-USDT-SWAP', 'instType': 'SWAP', 'method': 'current_period', 'realizedRate': '0.0000849614457543'}"
2025-05-31 00:00:00,1748649600000,8.49614457543e-05,BTC/USDT:USDT,"{'formulaType': 'withRate', 'fundingRate': '0.0000849614457543', 'fundingTime': '1748649600000', 'instId': 'BTC-USDT-SWAP', 'instType': 'SWAP', 'method': 'current_period', 'realizedRate': '0.0000849614457543'}"
2025-05-31 00:00:00,1748649600000,8.49614457543e-05,BTC/USDT:USDT,"{'formulaType': 'withRate', 'fundingRate': '0.0000849614457543', 'fundingTime': '1748649600000', 'instId': 'BTC-USDT-SWAP', 'instType': 'SWAP', 'method': 'current_period', 'realizedRate': '0.0000849614457543'}"
2025-05-31 00:00:00,1748649600000,8.49614457543e-05,BTC/USDT:USDT,"{'formulaType': 'withRate', 'fundingRate': '0.0000849614457543', 'fundingTime': '1748649600000', 'instId': 'BTC-USDT-SWAP', 'instType': 'SWAP', 'method': 'current_period', 'realizedRate': '0.0000849614457543'}"
2025-05-31 00:00:00,1748649600000,8.49614457543e-05,BTC/USDT:USDT,"{'formulaType': 'withRate', 'fundingRate': '0.0000849614457543', 'fundingTime': '1748649600000', 'instId': 'BTC-USDT-SWAP', 'instType': 'SWAP', 'method': 'current_period', 'realizedRate': '0.0000849614457543'}"
2025-05-31 00:00:00,1748649600000,8.49614457543e-05,BTC/USDT:USDT,"{'formulaType': 'withRate', 'fundingRate': '0.0000849614457543', 'fundingTime': '1748649600000', 'instId': 'BTC-USDT-SWAP', 'instType': 'SWAP', 'method': 'current_period', 'realizedRate': '0.0000849614457543'}"
2025-05-31 00:00:00,1748649600000,8.49614457543e-05,BTC/USDT:USDT,"{'formulaType': 'withRate', 'fundingRate': '0.0000849614457543', 'fundingTime': '1748649600000', 'instId': 'BTC-USDT-SWAP', 'instType': 'SWAP', 'method': 'current_period', 'realizedRate': '0.0000849614457543'}"
2025-05-31 00:00:00,1748649600000,8.49614457543e-05,BTC/USDT:USDT,"{'formulaType': 'withRate', 'fundingRate': '0.0000849614457543', 'fundingTime': '1748649600000', 'instId': 'BTC-USDT-SWAP', 'instType': 'SWAP', 'method': 'current_period', 'realizedRate': '0.0000849614457543'}"
2025-05-31 00:00:00,1748649600000,8.49614457543e-05,BTC/USDT:USDT,"{'formulaType': 'withRate', 'fundingRate': '0.0000849614457543', 'fundingTime': '1748649600000', 'instId': 'BTC-USDT-SWAP', 'instType': 'SWAP', 'method': 'current_period', 'realizedRate': '0.0000849614457543'}"
2025-05-31 00:00:00,1748649600000,8.49614457543e-05,BTC/USDT:USDT,"{'formulaType': 'withRate', 'fundingRate': '0.0000849614457543', 'fundingTime': '1748649600000', 'instId': 'BTC-USDT-SWAP', 'instType': 'SWAP', 'method': 'current_period', 'realizedRate': '0.0000849614457543'}"
2025-05-31 00:00:00,1748649600000,8.49614457543e-05,BTC/USDT:USDT,"{'formulaType': 'withRate', 'fundingRate': '0.0000849614457543', 'fundingTime': '1748649600000', 'instId': 'BTC-USDT-SWAP', 'instType': 'SWAP', 'method': 'current_period', 'realizedRate': '0.0000849614457543'}"
2025-05-31 00:00:00,1748649600000,8.49614457543e-05,BTC/USDT:USDT,"{'formulaType': 'withRate', 'fundingRate': '0.0000849614457543', 'fundingTime': '1748649600000', 'instId': 'BTC-USDT-SWAP', 'instType': 'SWAP', 'method': 'current_period', 'realizedRate': '0.0000849614457543'}"
2025-05-31 00:00:00,1748649600000,8.49614457543e-05,BTC/USDT:USDT,"{'formulaType': 'withRate', 'fundingRate': '0.0000849614457543', 'fundingTime': '1748649600000', 'instId': 'BTC-USDT-SWAP', 'instType': 'SWAP', 'method': 'current_period', 'realizedRate': '0.0000849614457543'}"
2025-05-31 00:00:00,1748649600000,8.49614457543e-05,BTC/USDT:USDT,"{'formulaType': 'withRate', 'fundingRate': '0.0000849614457543', 'fundingTime': '1748649600000', 'instId': 'BTC-USDT-SWAP', 'instType': 'SWAP', 'method': 'current_period', 'realizedRate': '0.0000849614457543'}"
2025-05-31 00:00:00,1748649600000,8.49614457543e-05,BTC/USDT:USDT,"{'formulaType': 'withRate', 'fundingRate': '0.0000849614457543', 'fundingTime': '1748649600000', 'instId': 'BTC-USDT-SWAP', 'instType': 'SWAP', 'method': 'current_period', 'realizedRate': '0.0000849614457543'}"
2025-05-31 00:00:00,1748649600000,8.49614457543e-05,BTC/USDT:USDT,"{'formulaType': 'withRate', 'fundingRate': '0.0000849614457543', 'fundingTime': '1748649600000', 'instId': 'BTC-USDT-SWAP', 'instType': 'SWAP', 'method': 'current_period', 'realizedRate': '0.0000849614457543'}"
2025-05-31 00:00:00,1748649600000,8.49614457543e-05,BTC/USDT:USDT,"{'formulaType': 'withRate', 'fundingRate': '0.0000849614457543', 'fundingTime': '1748649600000', 'instId': 'BTC-USDT-SWAP', 'instType': 'SWAP', 'method': 'current_period', 'realizedRate': '0.0000849614457543'}"
2025-05-31 00:00:00,1748649600000,8.49614457543e-05,BTC/USDT:USDT,"{'formulaType': 'withRate', 'fundingRate': '0.0000849614457543', 'fundingTime': '1748649600000', 'instId': 'BTC-USDT-SWAP', 'instType': 'SWAP', 'method': 'current_period', 'realizedRate': '0.0000849614457543'}"
2025-05-31 00:00:00,1748649600000,8.49614457543e-05,BTC/USDT:USDT,"{'formulaType': 'withRate', 'fundingRate': '0.0000849614457543', 'fundingTime': '1748649600000', 'instId': 'BTC-USDT-SWAP', 'instType': 'SWAP', 'method': 'current_period', 'realizedRate': '0.0000849614457543'}"
2025-05-31 00:00:00,1748649600000,8.49614457543e-05,BTC/USDT:USDT,"{'formulaType': 'withRate', 'fundingRate': '0.0000849614457543', 'fundingTime': '1748649600000', 'instId': 'BTC-USDT-SWAP', 'instType': 'SWAP', 'method': 'current_period', 'realizedRate': '0.0000849614457543'}"
2025-05-31 00:00:00,1748649600000,8.49614457543e-05,BTC/USDT:USDT,"{'formulaType': 'withRate', 'fundingRate': '0.0000849614457543', 'fundingTime': '1748649600000', 'instId': 'BTC-USDT-SWAP', 'instType': 'SWAP', 'method': 'current_period', 'realizedRate': '0.0000849614457543'}"
2025-05-31 00:00:00,1748649600000,8.49614457543e-05,BTC/USDT:USDT,"{'formulaType': 'withRate', 'fundingRate': '0.0000849614457543', 'fundingTime': '1748649600000', 'instId': 'BTC-USDT-SWAP', 'instType': 'SWAP', 'method': 'current_period', 'realizedRate': '0.0000849614457543'}"
2025-05-31 08:00:00,1748678400000,0.0001,BTC/USDT:USDT,"{'formulaType': 'withRate', 'fundingRate': '0.0001', 'fundingTime': '1748678400000', 'instId': 'BTC-USDT-SWAP', 'instType': 'SWAP', 'method': 'current_period', 'realizedRate': '0.0001'}"
2025-05-31 08:00:00,1748678400000,0.0001,BTC/USDT:USDT,"{'formulaType': 'withRate', 'fundingRate': '0.0001', 'fundingTime': '1748678400000', 'instId': 'BTC-USDT-SWAP', 'instType': 'SWAP', 'method': 'current_period', 'realizedRate': '0.0001'}"
2025-05-31 08:00:00,1748678400000,0.0001,BTC/USDT:USDT,"{'formulaType': 'withRate', 'fundingRate': '0.0001', 'fundingTime': '1748678400000', 'instId': 'BTC-USDT-SWAP', 'instType': 'SWAP', 'method': 'current_period', 'realizedRate': '0.0001'}"
2025-05-31 08:00:00,1748678400000,0.0001,BTC/USDT:USDT,"{'formulaType': 'withRate', 'fundingRate': '0.0001', 'fundingTime': '1748678400000', 'instId': 'BTC-USDT-SWAP', 'instType': 'SWAP', 'method': 'current_period', 'realizedRate': '0.0001'}"
2025-05-31 08:00:00,1748678400000,0.0001,BTC/USDT:USDT,"{'formulaType': 'withRate', 'fundingRate': '0.0001', 'fundingTime': '1748678400000', 'instId': 'BTC-USDT-SWAP', 'instType': 'SWAP', 'method': 'current_period', 'realizedRate': '0.0001'}"
2025-05-31 08:00:00,1748678400000,0.0001,BTC/USDT:USDT,"{'formulaType': 'withRate', 'fundingRate': '0.0001', 'fundingTime': '1748678400000', 'instId': 'BTC-USDT-SWAP', 'instType': 'SWAP', 'method': 'current_period', 'realizedRate': '0.0001'}"
2025-05-31 08:00:00,1748678400000,0.0001,BTC/USDT:USDT,"{'formulaType': 'withRate', 'fundingRate': '0.0001', 'fundingTime': '1748678400000', 'instId': 'BTC-USDT-SWAP', 'instType': 'SWAP', 'method': 'current_period', 'realizedRate': '0.0001'}"
2025-05-31 08:00:00,1748678400000,0.0001,BTC/USDT:USDT,"{'formulaType': 'withRate', 'fundingRate': '0.0001', 'fundingTime': '1748678400000', 'instId': 'BTC-USDT-SWAP', 'instType': 'SWAP', 'method': 'current_period', 'realizedRate': '0.0001'}"
2025-05-31 08:00:00,1748678400000,0.0001,BTC/USDT:USDT,"{'formulaType': 'withRate', 'fundingRate': '0.0001', 'fundingTime': '1748678400000', 'instId': 'BTC-USDT-SWAP', 'instType': 'SWAP', 'method': 'current_period', 'realizedRate': '0.0001'}"
2025-05-31 08:00:00,1748678400000,0.0001,BTC/USDT:USDT,"{'formulaType': 'withRate', 'fundingRate': '0.0001', 'fundingTime': '1748678400000', 'instId': 'BTC-USDT-SWAP', 'instType': 'SWAP', 'method': 'current_period', 'realizedRate': '0.0001'}"
2025-05-31 08:00:00,1748678400000,0.0001,BTC/USDT:USDT,"{'formulaType': 'withRate', 'fundingRate': '0.0001', 'fundingTime': '1748678400000', 'instId': 'BTC-USDT-SWAP', 'instType': 'SWAP', 'method': 'current_period', 'realizedRate': '0.0001'}"
2025-05-31 08:00:00,1748678400000,0.0001,BTC/USDT:USDT,"{'formulaType': 'withRate', 'fundingRate': '0.0001', 'fundingTime': '1748678400000', 'instId': 'BTC-USDT-SWAP', 'instType': 'SWAP', 'method': 'current_period', 'realizedRate': '0.0001'}"
2025-05-31 08:00:00,1748678400000,0.0001,BTC/USDT:USDT,"{'formulaType': 'withRate', 'fundingRate': '0.0001', 'fundingTime': '1748678400000', 'instId': 'BTC-USDT-SWAP', 'instType': 'SWAP', 'method': 'current_period', 'realizedRate': '0.0001'}"
2025-05-31 08:00:00,1748678400000,0.0001,BTC/USDT:USDT,"{'formulaType': 'withRate', 'fundingRate': '0.0001', 'fundingTime': '1748678400000', 'instId': 'BTC-USDT-SWAP', 'instType': 'SWAP', 'method': 'current_period', 'realizedRate': '0.0001'}"
2025-05-31 08:00:00,1748678400000,0.0001,BTC/USDT:USDT,"{'formulaType': 'withRate', 'fundingRate': '0.0001', 'fundingTime': '1748678400000', 'instId': 'BTC-USDT-SWAP', 'instType': 'SWAP', 'method': 'current_period', 'realizedRate': '0.0001'}"
2025-05-31 08:00:00,1748678400000,0.0001,BTC/USDT:USDT,"{'formulaType': 'withRate', 'fundingRate': '0.0001', 'fundingTime': '1748678400000', 'instId': 'BTC-USDT-SWAP', 'instType': 'SWAP', 'method': 'current_period', 'realizedRate': '0.0001'}"
2025-05-31 08:00:00,1748678400000,0.0001,BTC/USDT:USDT,"{'formulaType': 'withRate', 'fundingRate': '0.0001', 'fundingTime': '1748678400000', 'instId': 'BTC-USDT-SWAP', 'instType': 'SWAP', 'method': 'current_period', 'realizedRate': '0.0001'}"
2025-05-31 08:00:00,1748678400000,0.0001,BTC/USDT:USDT,"{'formulaType': 'withRate', 'fundingRate': '0.0001', 'fundingTime': '1748678400000', 'instId': 'BTC-USDT-SWAP', 'instType': 'SWAP', 'method': 'current_period', 'realizedRate': '0.0001'}"
2025-05-31 08:00:00,1748678400000,0.0001,BTC/USDT:USDT,"{'formulaType': 'withRate', 'fundingRate': '0.0001', 'fundingTime': '1748678400000', 'instId': 'BTC-USDT-SWAP', 'instType': 'SWAP', 'method': 'current_period', 'realizedRate': '0.0001'}"
2025-05-31 08:00:00,1748678400000,0.0001,BTC/USDT:USDT,"{'formulaType': 'withRate', 'fundingRate': '0.0001', 'fundingTime': '1748678400000', 'instId': 'BTC-USDT-SWAP', 'instType': 'SWAP', 'method': 'current_period', 'realizedRate': '0.0001'}"
2025-05-31 08:00:00,1748678400000,0.0001,BTC/USDT:USDT,"{'formulaType': 'withRate', 'fundingRate': '0.0001', 'fundingTime': '1748678400000', 'instId': 'BTC-USDT-SWAP', 'instType': 'SWAP', 'method': 'current_period', 'realizedRate': '0.0001'}"
2025-05-31 08:00:00,1748678400000,0.0001,BTC/USDT:USDT,"{'formulaType': 'withRate', 'fundingRate': '0.0001', 'fundingTime': '1748678400000', 'instId': 'BTC-USDT-SWAP', 'instType': 'SWAP', 'method': 'current_period', 'realizedRate': '0.0001'}"
2025-05-31 08:00:00,1748678400000,0.0001,BTC/USDT:USDT,"{'formulaType': 'withRate', 'fundingRate': '0.0001', 'fundingTime': '1748678400000', 'instId': 'BTC-USDT-SWAP', 'instType': 'SWAP', 'method': 'current_period', 'realizedRate': '0.0001'}"
2025-05-31 08:00:00,1748678400000,0.0001,BTC/USDT:USDT,"{'formulaType': 'withRate', 'fundingRate': '0.0001', 'fundingTime': '1748678400000', 'instId': 'BTC-USDT-SWAP', 'instType': 'SWAP', 'method': 'current_period', 'realizedRate': '0.0001'}"
2025-05-31 08:00:00,1748678400000,0.0001,BTC/USDT:USDT,"{'formulaType': 'withRate', 'fundingRate': '0.0001', 'fundingTime': '1748678400000', 'instId': 'BTC-USDT-SWAP', 'instType': 'SWAP', 'method': 'current_period', 'realizedRate': '0.0001'}"
2025-05-31 08:00:00,1748678400000,0.0001,BTC/USDT:USDT,"{'formulaType': 'withRate', 'fundingRate': '0.0001', 'fundingTime': '1748678400000', 'instId': 'BTC-USDT-SWAP', 'instType': 'SWAP', 'method': 'current_period', 'realizedRate': '0.0001'}"
2025-05-31 08:00:00,1748678400000,0.0001,BTC/USDT:USDT,"{'formulaType': 'withRate', 'fundingRate': '0.0001', 'fundingTime': '1748678400000', 'instId': 'BTC-USDT-SWAP', 'instType': 'SWAP', 'method': 'current_period', 'realizedRate': '0.0001'}"
2025-05-31 08:00:00,1748678400000,0.0001,BTC/USDT:USDT,"{'formulaType': 'withRate', 'fundingRate': '0.0001', 'fundingTime': '1748678400000', 'instId': 'BTC-USDT-SWAP', 'instType': 'SWAP', 'method': 'current_period', 'realizedRate': '0.0001'}"
2025-05-31 08:00:00,1748678400000,0.0001,BTC/USDT:USDT,"{'formulaType': 'withRate', 'fundingRate': '0.0001', 'fundingTime': '1748678400000', 'instId': 'BTC-USDT-SWAP', 'instType': 'SWAP', 'method': 'current_period', 'realizedRate': '0.0001'}"
2025-05-31 08:00:00,1748678400000,0.0001,BTC/USDT:USDT,"{'formulaType': 'withRate', 'fundingRate': '0.0001', 'fundingTime': '1748678400000', 'instId': 'BTC-USDT-SWAP', 'instType': 'SWAP', 'method': 'current_period', 'realizedRate': '0.0001'}"
2025-05-31 08:00:00,1748678400000,0.0001,BTC/USDT:USDT,"{'formulaType': 'withRate', 'fundingRate': '0.0001', 'fundingTime': '1748678400000', 'instId': 'BTC-USDT-SWAP', 'instType': 'SWAP', 'method': 'current_period', 'realizedRate': '0.0001'}"
2025-05-31 08:00:00,1748678400000,0.0001,BTC/USDT:USDT,"{'formulaType': 'withRate', 'fundingRate': '0.0001', 'fundingTime': '1748678400000', 'instId': 'BTC-USDT-SWAP', 'instType': 'SWAP', 'method': 'current_period', 'realizedRate': '0.0001'}"
2025-05-31 08:00:00,1748678400000,0.0001,BTC/USDT:USDT,"{'formulaType': 'withRate', 'fundingRate': '0.0001', 'fundingTime': '1748678400000', 'instId': 'BTC-USDT-SWAP', 'instType': 'SWAP', 'method': 'current_period', 'realizedRate': '0.0001'}"
2025-05-31 08:00:00,1748678400000,0.0001,BTC/USDT:USDT,"{'formulaType': 'withRate', 'fundingRate': '0.0001', 'fundingTime': '1748678400000', 'instId': 'BTC-USDT-SWAP', 'instType': 'SWAP', 'method': 'current_period', 'realizedRate': '0.0001'}"
2025-05-31 08:00:00,1748678400000,0.0001,BTC/USDT:USDT,"{'formulaType': 'withRate', 'fundingRate': '0.0001', 'fundingTime': '1748678400000', 'instId': 'BTC-USDT-SWAP', 'instType': 'SWAP', 'method': 'current_period', 'realizedRate': '0.0001'}"
2025-05-31 08:00:00,1748678400000,0.0001,BTC/USDT:USDT,"{'formulaType': 'withRate', 'fundingRate': '0.0001', 'fundingTime': '1748678400000', 'instId': 'BTC-USDT-SWAP', 'instType': 'SWAP', 'method': 'current_period', 'realizedRate': '0.0001'}"
2025-05-31 08:00:00,1748678400000,0.0001,BTC/USDT:USDT,"{'formulaType': 'withRate', 'fundingRate': '0.0001', 'fundingTime': '1748678400000', 'instId': 'BTC-USDT-SWAP', 'instType': 'SWAP', 'method': 'current_period', 'realizedRate': '0.0001'}"
2025-05-31 16:00:00,1748707200000,6.03215021756e-05,BTC/USDT:USDT,"{'formulaType': 'withRate', 'fundingRate': '0.0000603215021756', 'fundingTime': '1748707200000', 'instId': 'BTC-USDT-SWAP', 'instType': 'SWAP', 'method': 'current_period', 'realizedRate': '0.0000603215021756'}"
2025-05-31 16:00:00,1748707200000,6.03215021756e-05,BTC/USDT:USDT,"{'formulaType': 'withRate', 'fundingRate': '0.0000603215021756', 'fundingTime': '1748707200000', 'instId': 'BTC-USDT-SWAP', 'instType': 'SWAP', 'method': 'current_period', 'realizedRate': '0.0000603215021756'}"
2025-05-31 16:00:00,1748707200000,6.03215021756e-05,BTC/USDT:USDT,"{'formulaType': 'withRate', 'fundingRate': '0.0000603215021756', 'fundingTime': '1748707200000', 'instId': 'BTC-USDT-SWAP', 'instType': 'SWAP', 'method': 'current_period', 'realizedRate': '0.0000603215021756'}"
2025-05-31 16:00:00,1748707200000,6.03215021756e-05,BTC/USDT:USDT,"{'formulaType': 'withRate', 'fundingRate': '0.0000603215021756', 'fundingTime': '1748707200000', 'instId': 'BTC-USDT-SWAP', 'instType': 'SWAP', 'method': 'current_period', 'realizedRate': '0.0000603215021756'}"
2025-05-31 16:00:00,1748707200000,6.03215021756e-05,BTC/USDT:USDT,"{'formulaType': 'withRate', 'fundingRate': '0.0000603215021756', 'fundingTime': '1748707200000', 'instId': 'BTC-USDT-SWAP', 'instType': 'SWAP', 'method': 'current_period', 'realizedRate': '0.0000603215021756'}"
2025-05-31 16:00:00,1748707200000,6.03215021756e-05,BTC/USDT:USDT,"{'formulaType': 'withRate', 'fundingRate': '0.0000603215021756', 'fundingTime': '1748707200000', 'instId': 'BTC-USDT-SWAP', 'instType': 'SWAP', 'method': 'current_period', 'realizedRate': '0.0000603215021756'}"
2025-05-31 16:00:00,1748707200000,6.03215021756e-05,BTC/USDT:USDT,"{'formulaType': 'withRate', 'fundingRate': '0.0000603215021756', 'fundingTime': '1748707200000', 'instId': 'BTC-USDT-SWAP', 'instType': 'SWAP', 'method': 'current_period', 'realizedRate': '0.0000603215021756'}"
2025-05-31 16:00:00,1748707200000,6.03215021756e-05,BTC/USDT:USDT,"{'formulaType': 'withRate', 'fundingRate': '0.0000603215021756', 'fundingTime': '1748707200000', 'instId': 'BTC-USDT-SWAP', 'instType': 'SWAP', 'method': 'current_period', 'realizedRate': '0.0000603215021756'}"
2025-05-31 16:00:00,1748707200000,6.03215021756e-05,BTC/USDT:USDT,"{'formulaType': 'withRate', 'fundingRate': '0.0000603215021756', 'fundingTime': '1748707200000', 'instId': 'BTC-USDT-SWAP', 'instType': 'SWAP', 'method': 'current_period', 'realizedRate': '0.0000603215021756'}"
2025-05-31 16:00:00,1748707200000,6.03215021756e-05,BTC/USDT:USDT,"{'formulaType': 'withRate', 'fundingRate': '0.0000603215021756', 'fundingTime': '1748707200000', 'instId': 'BTC-USDT-SWAP', 'instType': 'SWAP', 'method': 'current_period', 'realizedRate': '0.0000603215021756'}"
2025-05-31 16:00:00,1748707200000,6.03215021756e-05,BTC/USDT:USDT,"{'formulaType': 'withRate', 'fundingRate': '0.0000603215021756', 'fundingTime': '1748707200000', 'instId': 'BTC-USDT-SWAP', 'instType': 'SWAP', 'method': 'current_period', 'realizedRate': '0.0000603215021756'}"
2025-05-31 16:00:00,1748707200000,6.03215021756e-05,BTC/USDT:USDT,"{'formulaType': 'withRate', 'fundingRate': '0.0000603215021756', 'fundingTime': '1748707200000', 'instId': 'BTC-USDT-SWAP', 'instType': 'SWAP', 'method': 'current_period', 'realizedRate': '0.0000603215021756'}"
2025-05-31 16:00:00,1748707200000,6.03215021756e-05,BTC/USDT:USDT,"{'formulaType': 'withRate', 'fundingRate': '0.0000603215021756', 'fundingTime': '1748707200000', 'instId': 'BTC-USDT-SWAP', 'instType': 'SWAP', 'method': 'current_period', 'realizedRate': '0.0000603215021756'}"
2025-05-31 16:00:00,1748707200000,6.03215021756e-05,BTC/USDT:USDT,"{'formulaType': 'withRate', 'fundingRate': '0.0000603215021756', 'fundingTime': '1748707200000', 'instId': 'BTC-USDT-SWAP', 'instType': 'SWAP', 'method': 'current_period', 'realizedRate': '0.0000603215021756'}"
2025-05-31 16:00:00,1748707200000,6.03215021756e-05,BTC/USDT:USDT,"{'formulaType': 'withRate', 'fundingRate': '0.0000603215021756', 'fundingTime': '1748707200000', 'instId': 'BTC-USDT-SWAP', 'instType': 'SWAP', 'method': 'current_period', 'realizedRate': '0.0000603215021756'}"
2025-05-31 16:00:00,1748707200000,6.03215021756e-05,BTC/USDT:USDT,"{'formulaType': 'withRate', 'fundingRate': '0.0000603215021756', 'fundingTime': '1748707200000', 'instId': 'BTC-USDT-SWAP', 'instType': 'SWAP', 'method': 'current_period', 'realizedRate': '0.0000603215021756'}"
2025-05-31 16:00:00,1748707200000,6.03215021756e-05,BTC/USDT:USDT,"{'formulaType': 'withRate', 'fundingRate': '0.0000603215021756', 'fundingTime': '1748707200000', 'instId': 'BTC-USDT-SWAP', 'instType': 'SWAP', 'method': 'current_period', 'realizedRate': '0.0000603215021756'}"
2025-05-31 16:00:00,1748707200000,6.03215021756e-05,BTC/USDT:USDT,"{'formulaType': 'withRate', 'fundingRate': '0.0000603215021756', 'fundingTime': '1748707200000', 'instId': 'BTC-USDT-SWAP', 'instType': 'SWAP', 'method': 'current_period', 'realizedRate': '0.0000603215021756'}"
2025-05-31 16:00:00,1748707200000,6.03215021756e-05,BTC/USDT:USDT,"{'formulaType': 'withRate', 'fundingRate': '0.0000603215021756', 'fundingTime': '1748707200000', 'instId': 'BTC-USDT-SWAP', 'instType': 'SWAP', 'method': 'current_period', 'realizedRate': '0.0000603215021756'}"
2025-05-31 16:00:00,1748707200000,6.03215021756e-05,BTC/USDT:USDT,"{'formulaType': 'withRate', 'fundingRate': '0.0000603215021756', 'fundingTime': '1748707200000', 'instId': 'BTC-USDT-SWAP', 'instType': 'SWAP', 'method': 'current_period', 'realizedRate': '0.0000603215021756'}"
2025-05-31 16:00:00,1748707200000,6.03215021756e-05,BTC/USDT:USDT,"{'formulaType': 'withRate', 'fundingRate': '0.0000603215021756', 'fundingTime': '1748707200000', 'instId': 'BTC-USDT-SWAP', 'instType': 'SWAP', 'method': 'current_period', 'realizedRate': '0.0000603215021756'}"
2025-05-31 16:00:00,1748707200000,6.03215021756e-05,BTC/USDT:USDT,"{'formulaType': 'withRate', 'fundingRate': '0.0000603215021756', 'fundingTime': '1748707200000', 'instId': 'BTC-USDT-SWAP', 'instType': 'SWAP', 'method': 'current_period', 'realizedRate': '0.0000603215021756'}"
2025-05-31 16:00:00,1748707200000,6.03215021756e-05,BTC/USDT:USDT,"{'formulaType': 'withRate', 'fundingRate': '0.0000603215021756', 'fundingTime': '1748707200000', 'instId': 'BTC-USDT-SWAP', 'instType': 'SWAP', 'method': 'current_period', 'realizedRate': '0.0000603215021756'}"
2025-05-31 16:00:00,1748707200000,6.03215021756e-05,BTC/USDT:USDT,"{'formulaType': 'withRate', 'fundingRate': '0.0000603215021756', 'fundingTime': '1748707200000', 'instId': 'BTC-USDT-SWAP', 'instType': 'SWAP', 'method': 'current_period', 'realizedRate': '0.0000603215021756'}"
2025-05-31 16:00:00,1748707200000,6.03215021756e-05,BTC/USDT:USDT,"{'formulaType': 'withRate', 'fundingRate': '0.0000603215021756', 'fundingTime': '1748707200000', 'instId': 'BTC-USDT-SWAP', 'instType': 'SWAP', 'method': 'current_period', 'realizedRate': '0.0000603215021756'}"
2025-05-31 16:00:00,1748707200000,6.03215021756e-05,BTC/USDT:USDT,"{'formulaType': 'withRate', 'fundingRate': '0.0000603215021756', 'fundingTime': '1748707200000', 'instId': 'BTC-USDT-SWAP', 'instType': 'SWAP', 'method': 'current_period', 'realizedRate': '0.0000603215021756'}"
2025-05-31 16:00:00,1748707200000,6.03215021756e-05,BTC/USDT:USDT,"{'formulaType': 'withRate', 'fundingRate': '0.0000603215021756', 'fundingTime': '1748707200000', 'instId': 'BTC-USDT-SWAP', 'instType': 'SWAP', 'method': 'current_period', 'realizedRate': '0.0000603215021756'}"
2025-05-31 16:00:00,1748707200000,6.03215021756e-05,BTC/USDT:USDT,"{'formulaType': 'withRate', 'fundingRate': '0.0000603215021756', 'fundingTime': '1748707200000', 'instId': 'BTC-USDT-SWAP', 'instType': 'SWAP', 'method': 'current_period', 'realizedRate': '0.0000603215021756'}"
2025-05-31 16:00:00,1748707200000,6.03215021756e-05,BTC/USDT:USDT,"{'formulaType': 'withRate', 'fundingRate': '0.0000603215021756', 'fundingTime': '1748707200000', 'instId': 'BTC-USDT-SWAP', 'instType': 'SWAP', 'method': 'current_period', 'realizedRate': '0.0000603215021756'}"
2025-05-31 16:00:00,1748707200000,6.03215021756e-05,BTC/USDT:USDT,"{'formulaType': 'withRate', 'fundingRate': '0.0000603215021756', 'fundingTime': '1748707200000', 'instId': 'BTC-USDT-SWAP', 'instType': 'SWAP', 'method': 'current_period', 'realizedRate': '0.0000603215021756'}"
2025-05-31 16:00:00,1748707200000,6.03215021756e-05,BTC/USDT:USDT,"{'formulaType': 'withRate', 'fundingRate': '0.0000603215021756', 'fundingTime': '1748707200000', 'instId': 'BTC-USDT-SWAP', 'instType': 'SWAP', 'method': 'current_period', 'realizedRate': '0.0000603215021756'}"
2025-05-31 16:00:00,1748707200000,6.03215021756e-05,BTC/USDT:USDT,"{'formulaType': 'withRate', 'fundingRate': '0.0000603215021756', 'fundingTime': '1748707200000', 'instId': 'BTC-USDT-SWAP', 'instType': 'SWAP', 'method': 'current_period', 'realizedRate': '0.0000603215021756'}"
2025-05-31 16:00:00,1748707200000,6.03215021756e-05,BTC/USDT:USDT,"{'formulaType': 'withRate', 'fundingRate': '0.0000603215021756', 'fundingTime': '1748707200000', 'instId': 'BTC-USDT-SWAP', 'instType': 'SWAP', 'method': 'current_period', 'realizedRate': '0.0000603215021756'}"
2025-05-31 16:00:00,1748707200000,6.03215021756e-05,BTC/USDT:USDT,"{'formulaType': 'withRate', 'fundingRate': '0.0000603215021756', 'fundingTime': '1748707200000', 'instId': 'BTC-USDT-SWAP', 'instType': 'SWAP', 'method': 'current_period', 'realizedRate': '0.0000603215021756'}"
2025-05-31 16:00:00,1748707200000,6.03215021756e-05,BTC/USDT:USDT,"{'formulaType': 'withRate', 'fundingRate': '0.0000603215021756', 'fundingTime': '1748707200000', 'instId': 'BTC-USDT-SWAP', 'instType': 'SWAP', 'method': 'current_period', 'realizedRate': '0.0000603215021756'}"
2025-05-31 16:00:00,1748707200000,6.03215021756e-05,BTC/USDT:USDT,"{'formulaType': 'withRate', 'fundingRate': '0.0000603215021756', 'fundingTime': '1748707200000', 'instId': 'BTC-USDT-SWAP', 'instType': 'SWAP', 'method': 'current_period', 'realizedRate': '0.0000603215021756'}"
2025-05-31 16:00:00,1748707200000,6.03215021756e-05,BTC/USDT:USDT,"{'formulaType': 'withRate', 'fundingRate': '0.0000603215021756', 'fundingTime': '1748707200000', 'instId': 'BTC-USDT-SWAP', 'instType': 'SWAP', 'method': 'current_period', 'realizedRate': '0.0000603215021756'}"
2025-06-01 00:00:00,1748736000000,3.83329486021e-05,BTC/USDT:USDT,"{'formulaType': 'withRate', 'fundingRate': '0.0000383329486021', 'fundingTime': '1748736000000', 'instId': 'BTC-USDT-SWAP', 'instType': 'SWAP', 'method': 'current_period', 'realizedRate': '0.0000383329486021'}"
2025-06-01 00:00:00,1748736000000,3.83329486021e-05,BTC/USDT:USDT,"{'formulaType': 'withRate', 'fundingRate': '0.0000383329486021', 'fundingTime': '1748736000000', 'instId': 'BTC-USDT-SWAP', 'instType': 'SWAP', 'method': 'current_period', 'realizedRate': '0.0000383329486021'}"
2025-06-01 00:00:00,1748736000000,3.83329486021e-05,BTC/USDT:USDT,"{'formulaType': 'withRate', 'fundingRate': '0.0000383329486021', 'fundingTime': '1748736000000', 'instId': 'BTC-USDT-SWAP', 'instType': 'SWAP', 'method': 'current_period', 'realizedRate': '0.0000383329486021'}"
2025-06-01 00:00:00,1748736000000,3.83329486021e-05,BTC/USDT:USDT,"{'formulaType': 'withRate', 'fundingRate': '0.0000383329486021', 'fundingTime': '1748736000000', 'instId': 'BTC-USDT-SWAP', 'instType': 'SWAP', 'method': 'current_period', 'realizedRate': '0.0000383329486021'}"
2025-06-01 00:00:00,1748736000000,3.83329486021e-05,BTC/USDT:USDT,"{'formulaType': 'withRate', 'fundingRate': '0.0000383329486021', 'fundingTime': '1748736000000', 'instId': 'BTC-USDT-SWAP', 'instType': 'SWAP', 'method': 'current_period', 'realizedRate': '0.0000383329486021'}"
2025-06-01 00:00:00,1748736000000,3.83329486021e-05,BTC/USDT:USDT,"{'formulaType': 'withRate', 'fundingRate': '0.0000383329486021', 'fundingTime': '1748736000000', 'instId': 'BTC-USDT-SWAP', 'instType': 'SWAP', 'method': 'current_period', 'realizedRate': '0.0000383329486021'}"
2025-06-01 00:00:00,1748736000000,3.83329486021e-05,BTC/USDT:USDT,"{'formulaType': 'withRate', 'fundingRate': '0.0000383329486021', 'fundingTime': '1748736000000', 'instId': 'BTC-USDT-SWAP', 'instType': 'SWAP', 'method': 'current_period', 'realizedRate': '0.0000383329486021'}"
2025-06-01 00:00:00,1748736000000,3.83329486021e-05,BTC/USDT:USDT,"{'formulaType': 'withRate', 'fundingRate': '0.0000383329486021', 'fundingTime': '1748736000000', 'instId': 'BTC-USDT-SWAP', 'instType': 'SWAP', 'method': 'current_period', 'realizedRate': '0.0000383329486021'}"
2025-06-01 00:00:00,1748736000000,3.83329486021e-05,BTC/USDT:USDT,"{'formulaType': 'withRate', 'fundingRate': '0.0000383329486021', 'fundingTime': '1748736000000', 'instId': 'BTC-USDT-SWAP', 'instType': 'SWAP', 'method': 'current_period', 'realizedRate': '0.0000383329486021'}"
2025-06-01 00:00:00,1748736000000,3.83329486021e-05,BTC/USDT:USDT,"{'formulaType': 'withRate', 'fundingRate': '0.0000383329486021', 'fundingTime': '1748736000000', 'instId': 'BTC-USDT-SWAP', 'instType': 'SWAP', 'method': 'current_period', 'realizedRate': '0.0000383329486021'}"
2025-06-01 00:00:00,1748736000000,3.83329486021e-05,BTC/USDT:USDT,"{'formulaType': 'withRate', 'fundingRate': '0.0000383329486021', 'fundingTime': '1748736000000', 'instId': 'BTC-USDT-SWAP', 'instType': 'SWAP', 'method': 'current_period', 'realizedRate': '0.0000383329486021'}"
2025-06-01 00:00:00,1748736000000,3.83329486021e-05,BTC/USDT:USDT,"{'formulaType': 'withRate', 'fundingRate': '0.0000383329486021', 'fundingTime': '1748736000000', 'instId': 'BTC-USDT-SWAP', 'instType': 'SWAP', 'method': 'current_period', 'realizedRate': '0.0000383329486021'}"
2025-06-01 00:00:00,1748736000000,3.83329486021e-05,BTC/USDT:USDT,"{'formulaType': 'withRate', 'fundingRate': '0.0000383329486021', 'fundingTime': '1748736000000', 'instId': 'BTC-USDT-SWAP', 'instType': 'SWAP', 'method': 'current_period', 'realizedRate': '0.0000383329486021'}"
2025-06-01 00:00:00,1748736000000,3.83329486021e-05,BTC/USDT:USDT,"{'formulaType': 'withRate', 'fundingRate': '0.0000383329486021', 'fundingTime': '1748736000000', 'instId': 'BTC-USDT-SWAP', 'instType': 'SWAP', 'method': 'current_period', 'realizedRate': '0.0000383329486021'}"
2025-06-01 00:00:00,1748736000000,3.83329486021e-05,BTC/USDT:USDT,"{'formulaType': 'withRate', 'fundingRate': '0.0000383329486021', 'fundingTime': '1748736000000', 'instId': 'BTC-USDT-SWAP', 'instType': 'SWAP', 'method': 'current_period', 'realizedRate': '0.0000383329486021'}"
2025-06-01 00:00:00,1748736000000,3.83329486021e-05,BTC/USDT:USDT,"{'formulaType': 'withRate', 'fundingRate': '0.0000383329486021', 'fundingTime': '1748736000000', 'instId': 'BTC-USDT-SWAP', 'instType': 'SWAP', 'method': 'current_period', 'realizedRate': '0.0000383329486021'}"
2025-06-01 00:00:00,1748736000000,3.83329486021e-05,BTC/USDT:USDT,"{'formulaType': 'withRate', 'fundingRate': '0.0000383329486021', 'fundingTime': '1748736000000', 'instId': 'BTC-USDT-SWAP', 'instType': 'SWAP', 'method': 'current_period', 'realizedRate': '0.0000383329486021'}"
2025-06-01 00:00:00,1748736000000,3.83329486021e-05,BTC/USDT:USDT,"{'formulaType': 'withRate', 'fundingRate': '0.0000383329486021', 'fundingTime': '1748736000000', 'instId': 'BTC-USDT-SWAP', 'instType': 'SWAP', 'method': 'current_period', 'realizedRate': '0.0000383329486021'}"
2025-06-01 00:00:00,1748736000000,3.83329486021e-05,BTC/USDT:USDT,"{'formulaType': 'withRate', 'fundingRate': '0.0000383329486021', 'fundingTime': '1748736000000', 'instId': 'BTC-USDT-SWAP', 'instType': 'SWAP', 'method': 'current_period', 'realizedRate': '0.0000383329486021'}"
2025-06-01 00:00:00,1748736000000,3.83329486021e-05,BTC/USDT:USDT,"{'formulaType': 'withRate', 'fundingRate': '0.0000383329486021', 'fundingTime': '1748736000000', 'instId': 'BTC-USDT-SWAP', 'instType': 'SWAP', 'method': 'current_period', 'realizedRate': '0.0000383329486021'}"
2025-06-01 00:00:00,1748736000000,3.83329486021e-05,BTC/USDT:USDT,"{'formulaType': 'withRate', 'fundingRate': '0.0000383329486021', 'fundingTime': '1748736000000', 'instId': 'BTC-USDT-SWAP', 'instType': 'SWAP', 'method': 'current_period', 'realizedRate': '0.0000383329486021'}"
2025-06-01 00:00:00,1748736000000,3.83329486021e-05,BTC/USDT:USDT,"{'formulaType': 'withRate', 'fundingRate': '0.0000383329486021', 'fundingTime': '1748736000000', 'instId': 'BTC-USDT-SWAP', 'instType': 'SWAP', 'method': 'current_period', 'realizedRate': '0.0000383329486021'}"
2025-06-01 00:00:00,1748736000000,3.83329486021e-05,BTC/USDT:USDT,"{'formulaType': 'withRate', 'fundingRate': '0.0000383329486021', 'fundingTime': '1748736000000', 'instId': 'BTC-USDT-SWAP', 'instType': 'SWAP', 'method': 'current_period', 'realizedRate': '0.0000383329486021'}"
2025-06-01 00:00:00,1748736000000,3.83329486021e-05,BTC/USDT:USDT,"{'formulaType': 'withRate', 'fundingRate': '0.0000383329486021', 'fundingTime': '1748736000000', 'instId': 'BTC-USDT-SWAP', 'instType': 'SWAP', 'method': 'current_period', 'realizedRate': '0.0000383329486021'}"
2025-06-01 00:00:00,1748736000000,3.83329486021e-05,BTC/USDT:USDT,"{'formulaType': 'withRate', 'fundingRate': '0.0000383329486021', 'fundingTime': '1748736000000', 'instId': 'BTC-USDT-SWAP', 'instType': 'SWAP', 'method': 'current_period', 'realizedRate': '0.0000383329486021'}"
2025-06-01 00:00:00,1748736000000,3.83329486021e-05,BTC/USDT:USDT,"{'formulaType': 'withRate', 'fundingRate': '0.0000383329486021', 'fundingTime': '1748736000000', 'instId': 'BTC-USDT-SWAP', 'instType': 'SWAP', 'method': 'current_period', 'realizedRate': '0.0000383329486021'}"
2025-06-01 00:00:00,1748736000000,3.83329486021e-05,BTC/USDT:USDT,"{'formulaType': 'withRate', 'fundingRate': '0.0000383329486021', 'fundingTime': '1748736000000', 'instId': 'BTC-USDT-SWAP', 'instType': 'SWAP', 'method': 'current_period', 'realizedRate': '0.0000383329486021'}"
2025-06-01 00:00:00,1748736000000,3.83329486021e-05,BTC/USDT:USDT,"{'formulaType': 'withRate', 'fundingRate': '0.0000383329486021', 'fundingTime': '1748736000000', 'instId': 'BTC-USDT-SWAP', 'instType': 'SWAP', 'method': 'current_period', 'realizedRate': '0.0000383329486021'}"
2025-06-01 00:00:00,1748736000000,3.83329486021e-05,BTC/USDT:USDT,"{'formulaType': 'withRate', 'fundingRate': '0.0000383329486021', 'fundingTime': '1748736000000', 'instId': 'BTC-USDT-SWAP', 'instType': 'SWAP', 'method': 'current_period', 'realizedRate': '0.0000383329486021'}"
2025-06-01 00:00:00,1748736000000,3.83329486021e-05,BTC/USDT:USDT,"{'formulaType': 'withRate', 'fundingRate': '0.0000383329486021', 'fundingTime': '1748736000000', 'instId': 'BTC-USDT-SWAP', 'instType': 'SWAP', 'method': 'current_period', 'realizedRate': '0.0000383329486021'}"
2025-06-01 00:00:00,1748736000000,3.83329486021e-05,BTC/USDT:USDT,"{'formulaType': 'withRate', 'fundingRate': '0.0000383329486021', 'fundingTime': '1748736000000', 'instId': 'BTC-USDT-SWAP', 'instType': 'SWAP', 'method': 'current_period', 'realizedRate': '0.0000383329486021'}"
2025-06-01 00:00:00,1748736000000,3.83329486021e-05,BTC/USDT:USDT,"{'formulaType': 'withRate', 'fundingRate': '0.0000383329486021', 'fundingTime': '1748736000000', 'instId': 'BTC-USDT-SWAP', 'instType': 'SWAP', 'method': 'current_period', 'realizedRate': '0.0000383329486021'}"
2025-06-01 00:00:00,1748736000000,3.83329486021e-05,BTC/USDT:USDT,"{'formulaType': 'withRate', 'fundingRate': '0.0000383329486021', 'fundingTime': '1748736000000', 'instId': 'BTC-USDT-SWAP', 'instType': 'SWAP', 'method': 'current_period', 'realizedRate': '0.0000383329486021'}"
2025-06-01 00:00:00,1748736000000,3.83329486021e-05,BTC/USDT:USDT,"{'formulaType': 'withRate', 'fundingRate': '0.0000383329486021', 'fundingTime': '1748736000000', 'instId': 'BTC-USDT-SWAP', 'instType': 'SWAP', 'method': 'current_period', 'realizedRate': '0.0000383329486021'}"
2025-06-01 00:00:00,1748736000000,3.83329486021e-05,BTC/USDT:USDT,"{'formulaType': 'withRate', 'fundingRate': '0.0000383329486021', 'fundingTime': '1748736000000', 'instId': 'BTC-USDT-SWAP', 'instType': 'SWAP', 'method': 'current_period', 'realizedRate': '0.0000383329486021'}"
2025-06-01 00:00:00,1748736000000,3.83329486021e-05,BTC/USDT:USDT,"{'formulaType': 'withRate', 'fundingRate': '0.0000383329486021', 'fundingTime': '1748736000000', 'instId': 'BTC-USDT-SWAP', 'instType': 'SWAP', 'method': 'current_period', 'realizedRate': '0.0000383329486021'}"
2025-06-01 00:00:00,1748736000000,3.83329486021e-05,BTC/USDT:USDT,"{'formulaType': 'withRate', 'fundingRate': '0.0000383329486021', 'fundingTime': '1748736000000', 'instId': 'BTC-USDT-SWAP', 'instType': 'SWAP', 'method': 'current_period', 'realizedRate': '0.0000383329486021'}"
2025-06-01 08:00:00,1748764800000,3.14635420249e-05,BTC/USDT:USDT,"{'formulaType': 'withRate', 'fundingRate': '0.0000314635420249', 'fundingTime': '1748764800000', 'instId': 'BTC-USDT-SWAP', 'instType': 'SWAP', 'method': 'current_period', 'realizedRate': '0.0000314635420249'}"
2025-06-01 08:00:00,1748764800000,3.14635420249e-05,BTC/USDT:USDT,"{'formulaType': 'withRate', 'fundingRate': '0.0000314635420249', 'fundingTime': '1748764800000', 'instId': 'BTC-USDT-SWAP', 'instType': 'SWAP', 'method': 'current_period', 'realizedRate': '0.0000314635420249'}"
2025-06-01 08:00:00,1748764800000,3.14635420249e-05,BTC/USDT:USDT,"{'formulaType': 'withRate', 'fundingRate': '0.0000314635420249', 'fundingTime': '1748764800000', 'instId': 'BTC-USDT-SWAP', 'instType': 'SWAP', 'method': 'current_period', 'realizedRate': '0.0000314635420249'}"
2025-06-01 08:00:00,1748764800000,3.14635420249e-05,BTC/USDT:USDT,"{'formulaType': 'withRate', 'fundingRate': '0.0000314635420249', 'fundingTime': '1748764800000', 'instId': 'BTC-USDT-SWAP', 'instType': 'SWAP', 'method': 'current_period', 'realizedRate': '0.0000314635420249'}"
2025-06-01 08:00:00,1748764800000,3.14635420249e-05,BTC/USDT:USDT,"{'formulaType': 'withRate', 'fundingRate': '0.0000314635420249', 'fundingTime': '1748764800000', 'instId': 'BTC-USDT-SWAP', 'instType': 'SWAP', 'method': 'current_period', 'realizedRate': '0.0000314635420249'}"
2025-06-01 08:00:00,1748764800000,3.14635420249e-05,BTC/USDT:USDT,"{'formulaType': 'withRate', 'fundingRate': '0.0000314635420249', 'fundingTime': '1748764800000', 'instId': 'BTC-USDT-SWAP', 'instType': 'SWAP', 'method': 'current_period', 'realizedRate': '0.0000314635420249'}"
2025-06-01 08:00:00,1748764800000,3.14635420249e-05,BTC/USDT:USDT,"{'formulaType': 'withRate', 'fundingRate': '0.0000314635420249', 'fundingTime': '1748764800000', 'instId': 'BTC-USDT-SWAP', 'instType': 'SWAP', 'method': 'current_period', 'realizedRate': '0.0000314635420249'}"
2025-06-01 08:00:00,1748764800000,3.14635420249e-05,BTC/USDT:USDT,"{'formulaType': 'withRate', 'fundingRate': '0.0000314635420249', 'fundingTime': '1748764800000', 'instId': 'BTC-USDT-SWAP', 'instType': 'SWAP', 'method': 'current_period', 'realizedRate': '0.0000314635420249'}"
2025-06-01 08:00:00,1748764800000,3.14635420249e-05,BTC/USDT:USDT,"{'formulaType': 'withRate', 'fundingRate': '0.0000314635420249', 'fundingTime': '1748764800000', 'instId': 'BTC-USDT-SWAP', 'instType': 'SWAP', 'method': 'current_period', 'realizedRate': '0.0000314635420249'}"
2025-06-01 08:00:00,1748764800000,3.14635420249e-05,BTC/USDT:USDT,"{'formulaType': 'withRate', 'fundingRate': '0.0000314635420249', 'fundingTime': '1748764800000', 'instId': 'BTC-USDT-SWAP', 'instType': 'SWAP', 'method': 'current_period', 'realizedRate': '0.0000314635420249'}"
2025-06-01 08:00:00,1748764800000,3.14635420249e-05,BTC/USDT:USDT,"{'formulaType': 'withRate', 'fundingRate': '0.0000314635420249', 'fundingTime': '1748764800000', 'instId': 'BTC-USDT-SWAP', 'instType': 'SWAP', 'method': 'current_period', 'realizedRate': '0.0000314635420249'}"
2025-06-01 08:00:00,1748764800000,3.14635420249e-05,BTC/USDT:USDT,"{'formulaType': 'withRate', 'fundingRate': '0.0000314635420249', 'fundingTime': '1748764800000', 'instId': 'BTC-USDT-SWAP', 'instType': 'SWAP', 'method': 'current_period', 'realizedRate': '0.0000314635420249'}"
2025-06-01 08:00:00,1748764800000,3.14635420249e-05,BTC/USDT:USDT,"{'formulaType': 'withRate', 'fundingRate': '0.0000314635420249', 'fundingTime': '1748764800000', 'instId': 'BTC-USDT-SWAP', 'instType': 'SWAP', 'method': 'current_period', 'realizedRate': '0.0000314635420249'}"
2025-06-01 08:00:00,1748764800000,3.14635420249e-05,BTC/USDT:USDT,"{'formulaType': 'withRate', 'fundingRate': '0.0000314635420249', 'fundingTime': '1748764800000', 'instId': 'BTC-USDT-SWAP', 'instType': 'SWAP', 'method': 'current_period', 'realizedRate': '0.0000314635420249'}"
2025-06-01 08:00:00,1748764800000,3.14635420249e-05,BTC/USDT:USDT,"{'formulaType': 'withRate', 'fundingRate': '0.0000314635420249', 'fundingTime': '1748764800000', 'instId': 'BTC-USDT-SWAP', 'instType': 'SWAP', 'method': 'current_period', 'realizedRate': '0.0000314635420249'}"
2025-06-01 08:00:00,1748764800000,3.14635420249e-05,BTC/USDT:USDT,"{'formulaType': 'withRate', 'fundingRate': '0.0000314635420249', 'fundingTime': '1748764800000', 'instId': 'BTC-USDT-SWAP', 'instType': 'SWAP', 'method': 'current_period', 'realizedRate': '0.0000314635420249'}"
2025-06-01 08:00:00,1748764800000,3.14635420249e-05,BTC/USDT:USDT,"{'formulaType': 'withRate', 'fundingRate': '0.0000314635420249', 'fundingTime': '1748764800000', 'instId': 'BTC-USDT-SWAP', 'instType': 'SWAP', 'method': 'current_period', 'realizedRate': '0.0000314635420249'}"
2025-06-01 08:00:00,1748764800000,3.14635420249e-05,BTC/USDT:USDT,"{'formulaType': 'withRate', 'fundingRate': '0.0000314635420249', 'fundingTime': '1748764800000', 'instId': 'BTC-USDT-SWAP', 'instType': 'SWAP', 'method': 'current_period', 'realizedRate': '0.0000314635420249'}"
2025-06-01 08:00:00,1748764800000,3.14635420249e-05,BTC/USDT:USDT,"{'formulaType': 'withRate', 'fundingRate': '0.0000314635420249', 'fundingTime': '1748764800000', 'instId': 'BTC-USDT-SWAP', 'instType': 'SWAP', 'method': 'current_period', 'realizedRate': '0.0000314635420249'}"
2025-06-01 08:00:00,1748764800000,3.14635420249e-05,BTC/USDT:USDT,"{'formulaType': 'withRate', 'fundingRate': '0.0000314635420249', 'fundingTime': '1748764800000', 'instId': 'BTC-USDT-SWAP', 'instType': 'SWAP', 'method': 'current_period', 'realizedRate': '0.0000314635420249'}"
2025-06-01 08:00:00,1748764800000,3.14635420249e-05,BTC/USDT:USDT,"{'formulaType': 'withRate', 'fundingRate': '0.0000314635420249', 'fundingTime': '1748764800000', 'instId': 'BTC-USDT-SWAP', 'instType': 'SWAP', 'method': 'current_period', 'realizedRate': '0.0000314635420249'}"
2025-06-01 08:00:00,1748764800000,3.14635420249e-05,BTC/USDT:USDT,"{'formulaType': 'withRate', 'fundingRate': '0.0000314635420249', 'fundingTime': '1748764800000', 'instId': 'BTC-USDT-SWAP', 'instType': 'SWAP', 'method': 'current_period', 'realizedRate': '0.0000314635420249'}"
2025-06-01 08:00:00,1748764800000,3.14635420249e-05,BTC/USDT:USDT,"{'formulaType': 'withRate', 'fundingRate': '0.0000314635420249', 'fundingTime': '1748764800000', 'instId': 'BTC-USDT-SWAP', 'instType': 'SWAP', 'method': 'current_period', 'realizedRate': '0.0000314635420249'}"
2025-06-01 08:00:00,1748764800000,3.14635420249e-05,BTC/USDT:USDT,"{'formulaType': 'withRate', 'fundingRate': '0.0000314635420249', 'fundingTime': '1748764800000', 'instId': 'BTC-USDT-SWAP', 'instType': 'SWAP', 'method': 'current_period', 'realizedRate': '0.0000314635420249'}"
2025-06-01 08:00:00,1748764800000,3.14635420249e-05,BTC/USDT:USDT,"{'formulaType': 'withRate', 'fundingRate': '0.0000314635420249', 'fundingTime': '1748764800000', 'instId': 'BTC-USDT-SWAP', 'instType': 'SWAP', 'method': 'current_period', 'realizedRate': '0.0000314635420249'}"
2025-06-01 08:00:00,1748764800000,3.14635420249e-05,BTC/USDT:USDT,"{'formulaType': 'withRate', 'fundingRate': '0.0000314635420249', 'fundingTime': '1748764800000', 'instId': 'BTC-USDT-SWAP', 'instType': 'SWAP', 'method': 'current_period', 'realizedRate': '0.0000314635420249'}"
2025-06-01 08:00:00,1748764800000,3.14635420249e-05,BTC/USDT:USDT,"{'formulaType': 'withRate', 'fundingRate': '0.0000314635420249', 'fundingTime': '1748764800000', 'instId': 'BTC-USDT-SWAP', 'instType': 'SWAP', 'method': 'current_period', 'realizedRate': '0.0000314635420249'}"
2025-06-01 08:00:00,1748764800000,3.14635420249e-05,BTC/USDT:USDT,"{'formulaType': 'withRate', 'fundingRate': '0.0000314635420249', 'fundingTime': '1748764800000', 'instId': 'BTC-USDT-SWAP', 'instType': 'SWAP', 'method': 'current_period', 'realizedRate': '0.0000314635420249'}"
2025-06-01 08:00:00,1748764800000,3.14635420249e-05,BTC/USDT:USDT,"{'formulaType': 'withRate', 'fundingRate': '0.0000314635420249', 'fundingTime': '1748764800000', 'instId': 'BTC-USDT-SWAP', 'instType': 'SWAP', 'method': 'current_period', 'realizedRate': '0.0000314635420249'}"
2025-06-01 08:00:00,1748764800000,3.14635420249e-05,BTC/USDT:USDT,"{'formulaType': 'withRate', 'fundingRate': '0.0000314635420249', 'fundingTime': '1748764800000', 'instId': 'BTC-USDT-SWAP', 'instType': 'SWAP', 'method': 'current_period', 'realizedRate': '0.0000314635420249'}"
2025-06-01 08:00:00,1748764800000,3.14635420249e-05,BTC/USDT:USDT,"{'formulaType': 'withRate', 'fundingRate': '0.0000314635420249', 'fundingTime': '1748764800000', 'instId': 'BTC-USDT-SWAP', 'instType': 'SWAP', 'method': 'current_period', 'realizedRate': '0.0000314635420249'}"
2025-06-01 08:00:00,1748764800000,3.14635420249e-05,BTC/USDT:USDT,"{'formulaType': 'withRate', 'fundingRate': '0.0000314635420249', 'fundingTime': '1748764800000', 'instId': 'BTC-USDT-SWAP', 'instType': 'SWAP', 'method': 'current_period', 'realizedRate': '0.0000314635420249'}"
2025-06-01 08:00:00,1748764800000,3.14635420249e-05,BTC/USDT:USDT,"{'formulaType': 'withRate', 'fundingRate': '0.0000314635420249', 'fundingTime': '1748764800000', 'instId': 'BTC-USDT-SWAP', 'instType': 'SWAP', 'method': 'current_period', 'realizedRate': '0.0000314635420249'}"
2025-06-01 08:00:00,1748764800000,3.14635420249e-05,BTC/USDT:USDT,"{'formulaType': 'withRate', 'fundingRate': '0.0000314635420249', 'fundingTime': '1748764800000', 'instId': 'BTC-USDT-SWAP', 'instType': 'SWAP', 'method': 'current_period', 'realizedRate': '0.0000314635420249'}"
2025-06-01 08:00:00,1748764800000,3.14635420249e-05,BTC/USDT:USDT,"{'formulaType': 'withRate', 'fundingRate': '0.0000314635420249', 'fundingTime': '1748764800000', 'instId': 'BTC-USDT-SWAP', 'instType': 'SWAP', 'method': 'current_period', 'realizedRate': '0.0000314635420249'}"
2025-06-01 08:00:00,1748764800000,3.14635420249e-05,BTC/USDT:USDT,"{'formulaType': 'withRate', 'fundingRate': '0.0000314635420249', 'fundingTime': '1748764800000', 'instId': 'BTC-USDT-SWAP', 'instType': 'SWAP', 'method': 'current_period', 'realizedRate': '0.0000314635420249'}"
2025-06-01 08:00:00,1748764800000,3.14635420249e-05,BTC/USDT:USDT,"{'formulaType': 'withRate', 'fundingRate': '0.0000314635420249', 'fundingTime': '1748764800000', 'instId': 'BTC-USDT-SWAP', 'instType': 'SWAP', 'method': 'current_period', 'realizedRate': '0.0000314635420249'}"
2025-06-01 16:00:00,1748793600000,5.6968413994e-06,BTC/USDT:USDT,"{'formulaType': 'withRate', 'fundingRate': '0.0000056968413994', 'fundingTime': '1748793600000', 'instId': 'BTC-USDT-SWAP', 'instType': 'SWAP', 'method': 'current_period', 'realizedRate': '0.0000056968413994'}"
2025-06-01 16:00:00,1748793600000,5.6968413994e-06,BTC/USDT:USDT,"{'formulaType': 'withRate', 'fundingRate': '0.0000056968413994', 'fundingTime': '1748793600000', 'instId': 'BTC-USDT-SWAP', 'instType': 'SWAP', 'method': 'current_period', 'realizedRate': '0.0000056968413994'}"
2025-06-01 16:00:00,1748793600000,5.6968413994e-06,BTC/USDT:USDT,"{'formulaType': 'withRate', 'fundingRate': '0.0000056968413994', 'fundingTime': '1748793600000', 'instId': 'BTC-USDT-SWAP', 'instType': 'SWAP', 'method': 'current_period', 'realizedRate': '0.0000056968413994'}"
2025-06-01 16:00:00,1748793600000,5.6968413994e-06,BTC/USDT:USDT,"{'formulaType': 'withRate', 'fundingRate': '0.0000056968413994', 'fundingTime': '1748793600000', 'instId': 'BTC-USDT-SWAP', 'instType': 'SWAP', 'method': 'current_period', 'realizedRate': '0.0000056968413994'}"
2025-06-01 16:00:00,1748793600000,5.6968413994e-06,BTC/USDT:USDT,"{'formulaType': 'withRate', 'fundingRate': '0.0000056968413994', 'fundingTime': '1748793600000', 'instId': 'BTC-USDT-SWAP', 'instType': 'SWAP', 'method': 'current_period', 'realizedRate': '0.0000056968413994'}"
2025-06-01 16:00:00,1748793600000,5.6968413994e-06,BTC/USDT:USDT,"{'formulaType': 'withRate', 'fundingRate': '0.0000056968413994', 'fundingTime': '1748793600000', 'instId': 'BTC-USDT-SWAP', 'instType': 'SWAP', 'method': 'current_period', 'realizedRate': '0.0000056968413994'}"
2025-06-01 16:00:00,1748793600000,5.6968413994e-06,BTC/USDT:USDT,"{'formulaType': 'withRate', 'fundingRate': '0.0000056968413994', 'fundingTime': '1748793600000', 'instId': 'BTC-USDT-SWAP', 'instType': 'SWAP', 'method': 'current_period', 'realizedRate': '0.0000056968413994'}"
2025-06-01 16:00:00,1748793600000,5.6968413994e-06,BTC/USDT:USDT,"{'formulaType': 'withRate', 'fundingRate': '0.0000056968413994', 'fundingTime': '1748793600000', 'instId': 'BTC-USDT-SWAP', 'instType': 'SWAP', 'method': 'current_period', 'realizedRate': '0.0000056968413994'}"
2025-06-01 16:00:00,1748793600000,5.6968413994e-06,BTC/USDT:USDT,"{'formulaType': 'withRate', 'fundingRate': '0.0000056968413994', 'fundingTime': '1748793600000', 'instId': 'BTC-USDT-SWAP', 'instType': 'SWAP', 'method': 'current_period', 'realizedRate': '0.0000056968413994'}"
2025-06-01 16:00:00,1748793600000,5.6968413994e-06,BTC/USDT:USDT,"{'formulaType': 'withRate', 'fundingRate': '0.0000056968413994', 'fundingTime': '1748793600000', 'instId': 'BTC-USDT-SWAP', 'instType': 'SWAP', 'method': 'current_period', 'realizedRate': '0.0000056968413994'}"
2025-06-01 16:00:00,1748793600000,5.6968413994e-06,BTC/USDT:USDT,"{'formulaType': 'withRate', 'fundingRate': '0.0000056968413994', 'fundingTime': '1748793600000', 'instId': 'BTC-USDT-SWAP', 'instType': 'SWAP', 'method': 'current_period', 'realizedRate': '0.0000056968413994'}"
2025-06-01 16:00:00,1748793600000,5.6968413994e-06,BTC/USDT:USDT,"{'formulaType': 'withRate', 'fundingRate': '0.0000056968413994', 'fundingTime': '1748793600000', 'instId': 'BTC-USDT-SWAP', 'instType': 'SWAP', 'method': 'current_period', 'realizedRate': '0.0000056968413994'}"
2025-06-01 16:00:00,1748793600000,5.6968413994e-06,BTC/USDT:USDT,"{'formulaType': 'withRate', 'fundingRate': '0.0000056968413994', 'fundingTime': '1748793600000', 'instId': 'BTC-USDT-SWAP', 'instType': 'SWAP', 'method': 'current_period', 'realizedRate': '0.0000056968413994'}"
2025-06-01 16:00:00,1748793600000,5.6968413994e-06,BTC/USDT:USDT,"{'formulaType': 'withRate', 'fundingRate': '0.0000056968413994', 'fundingTime': '1748793600000', 'instId': 'BTC-USDT-SWAP', 'instType': 'SWAP', 'method': 'current_period', 'realizedRate': '0.0000056968413994'}"
2025-06-01 16:00:00,1748793600000,5.6968413994e-06,BTC/USDT:USDT,"{'formulaType': 'withRate', 'fundingRate': '0.0000056968413994', 'fundingTime': '1748793600000', 'instId': 'BTC-USDT-SWAP', 'instType': 'SWAP', 'method': 'current_period', 'realizedRate': '0.0000056968413994'}"
2025-06-01 16:00:00,1748793600000,5.6968413994e-06,BTC/USDT:USDT,"{'formulaType': 'withRate', 'fundingRate': '0.0000056968413994', 'fundingTime': '1748793600000', 'instId': 'BTC-USDT-SWAP', 'instType': 'SWAP', 'method': 'current_period', 'realizedRate': '0.0000056968413994'}"
2025-06-01 16:00:00,1748793600000,5.6968413994e-06,BTC/USDT:USDT,"{'formulaType': 'withRate', 'fundingRate': '0.0000056968413994', 'fundingTime': '1748793600000', 'instId': 'BTC-USDT-SWAP', 'instType': 'SWAP', 'method': 'current_period', 'realizedRate': '0.0000056968413994'}"
2025-06-01 16:00:00,1748793600000,5.6968413994e-06,BTC/USDT:USDT,"{'formulaType': 'withRate', 'fundingRate': '0.0000056968413994', 'fundingTime': '1748793600000', 'instId': 'BTC-USDT-SWAP', 'instType': 'SWAP', 'method': 'current_period', 'realizedRate': '0.0000056968413994'}"
2025-06-01 16:00:00,1748793600000,5.6968413994e-06,BTC/USDT:USDT,"{'formulaType': 'withRate', 'fundingRate': '0.0000056968413994', 'fundingTime': '1748793600000', 'instId': 'BTC-USDT-SWAP', 'instType': 'SWAP', 'method': 'current_period', 'realizedRate': '0.0000056968413994'}"
2025-06-01 16:00:00,1748793600000,5.6968413994e-06,BTC/USDT:USDT,"{'formulaType': 'withRate', 'fundingRate': '0.0000056968413994', 'fundingTime': '1748793600000', 'instId': 'BTC-USDT-SWAP', 'instType': 'SWAP', 'method': 'current_period', 'realizedRate': '0.0000056968413994'}"
2025-06-01 16:00:00,1748793600000,5.6968413994e-06,BTC/USDT:USDT,"{'formulaType': 'withRate', 'fundingRate': '0.0000056968413994', 'fundingTime': '1748793600000', 'instId': 'BTC-USDT-SWAP', 'instType': 'SWAP', 'method': 'current_period', 'realizedRate': '0.0000056968413994'}"
2025-06-01 16:00:00,1748793600000,5.6968413994e-06,BTC/USDT:USDT,"{'formulaType': 'withRate', 'fundingRate': '0.0000056968413994', 'fundingTime': '1748793600000', 'instId': 'BTC-USDT-SWAP', 'instType': 'SWAP', 'method': 'current_period', 'realizedRate': '0.0000056968413994'}"
2025-06-01 16:00:00,1748793600000,5.6968413994e-06,BTC/USDT:USDT,"{'formulaType': 'withRate', 'fundingRate': '0.0000056968413994', 'fundingTime': '1748793600000', 'instId': 'BTC-USDT-SWAP', 'instType': 'SWAP', 'method': 'current_period', 'realizedRate': '0.0000056968413994'}"
2025-06-01 16:00:00,1748793600000,5.6968413994e-06,BTC/USDT:USDT,"{'formulaType': 'withRate', 'fundingRate': '0.0000056968413994', 'fundingTime': '1748793600000', 'instId': 'BTC-USDT-SWAP', 'instType': 'SWAP', 'method': 'current_period', 'realizedRate': '0.0000056968413994'}"
2025-06-01 16:00:00,1748793600000,5.6968413994e-06,BTC/USDT:USDT,"{'formulaType': 'withRate', 'fundingRate': '0.0000056968413994', 'fundingTime': '1748793600000', 'instId': 'BTC-USDT-SWAP', 'instType': 'SWAP', 'method': 'current_period', 'realizedRate': '0.0000056968413994'}"
2025-06-01 16:00:00,1748793600000,5.6968413994e-06,BTC/USDT:USDT,"{'formulaType': 'withRate', 'fundingRate': '0.0000056968413994', 'fundingTime': '1748793600000', 'instId': 'BTC-USDT-SWAP', 'instType': 'SWAP', 'method': 'current_period', 'realizedRate': '0.0000056968413994'}"
2025-06-01 16:00:00,1748793600000,5.6968413994e-06,BTC/USDT:USDT,"{'formulaType': 'withRate', 'fundingRate': '0.0000056968413994', 'fundingTime': '1748793600000', 'instId': 'BTC-USDT-SWAP', 'instType': 'SWAP', 'method': 'current_period', 'realizedRate': '0.0000056968413994'}"
2025-06-01 16:00:00,1748793600000,5.6968413994e-06,BTC/USDT:USDT,"{'formulaType': 'withRate', 'fundingRate': '0.0000056968413994', 'fundingTime': '1748793600000', 'instId': 'BTC-USDT-SWAP', 'instType': 'SWAP', 'method': 'current_period', 'realizedRate': '0.0000056968413994'}"
2025-06-01 16:00:00,1748793600000,5.6968413994e-06,BTC/USDT:USDT,"{'formulaType': 'withRate', 'fundingRate': '0.0000056968413994', 'fundingTime': '1748793600000', 'instId': 'BTC-USDT-SWAP', 'instType': 'SWAP', 'method': 'current_period', 'realizedRate': '0.0000056968413994'}"
2025-06-01 16:00:00,1748793600000,5.6968413994e-06,BTC/USDT:USDT,"{'formulaType': 'withRate', 'fundingRate': '0.0000056968413994', 'fundingTime': '1748793600000', 'instId': 'BTC-USDT-SWAP', 'instType': 'SWAP', 'method': 'current_period', 'realizedRate': '0.0000056968413994'}"
2025-06-01 16:00:00,1748793600000,5.6968413994e-06,BTC/USDT:USDT,"{'formulaType': 'withRate', 'fundingRate': '0.0000056968413994', 'fundingTime': '1748793600000', 'instId': 'BTC-USDT-SWAP', 'instType': 'SWAP', 'method': 'current_period', 'realizedRate': '0.0000056968413994'}"
2025-06-01 16:00:00,1748793600000,5.6968413994e-06,BTC/USDT:USDT,"{'formulaType': 'withRate', 'fundingRate': '0.0000056968413994', 'fundingTime': '1748793600000', 'instId': 'BTC-USDT-SWAP', 'instType': 'SWAP', 'method': 'current_period', 'realizedRate': '0.0000056968413994'}"
2025-06-01 16:00:00,1748793600000,5.6968413994e-06,BTC/USDT:USDT,"{'formulaType': 'withRate', 'fundingRate': '0.0000056968413994', 'fundingTime': '1748793600000', 'instId': 'BTC-USDT-SWAP', 'instType': 'SWAP', 'method': 'current_period', 'realizedRate': '0.0000056968413994'}"
2025-06-01 16:00:00,1748793600000,5.6968413994e-06,BTC/USDT:USDT,"{'formulaType': 'withRate', 'fundingRate': '0.0000056968413994', 'fundingTime': '1748793600000', 'instId': 'BTC-USDT-SWAP', 'instType': 'SWAP', 'method': 'current_period', 'realizedRate': '0.0000056968413994'}"
2025-06-01 16:00:00,1748793600000,5.6968413994e-06,BTC/USDT:USDT,"{'formulaType': 'withRate', 'fundingRate': '0.0000056968413994', 'fundingTime': '1748793600000', 'instId': 'BTC-USDT-SWAP', 'instType': 'SWAP', 'method': 'current_period', 'realizedRate': '0.0000056968413994'}"
2025-06-01 16:00:00,1748793600000,5.6968413994e-06,BTC/USDT:USDT,"{'formulaType': 'withRate', 'fundingRate': '0.0000056968413994', 'fundingTime': '1748793600000', 'instId': 'BTC-USDT-SWAP', 'instType': 'SWAP', 'method': 'current_period', 'realizedRate': '0.0000056968413994'}"
2025-06-01 16:00:00,1748793600000,5.6968413994e-06,BTC/USDT:USDT,"{'formulaType': 'withRate', 'fundingRate': '0.0000056968413994', 'fundingTime': '1748793600000', 'instId': 'BTC-USDT-SWAP', 'instType': 'SWAP', 'method': 'current_period', 'realizedRate': '0.0000056968413994'}"
2025-06-02 00:00:00,1748822400000,-1.13356638395e-05,BTC/USDT:USDT,"{'formulaType': 'withRate', 'fundingRate': '-0.0000113356638395', 'fundingTime': '1748822400000', 'instId': 'BTC-USDT-SWAP', 'instType': 'SWAP', 'method': 'current_period', 'realizedRate': '-0.0000113356638395'}"
2025-06-02 00:00:00,1748822400000,-1.13356638395e-05,BTC/USDT:USDT,"{'formulaType': 'withRate', 'fundingRate': '-0.0000113356638395', 'fundingTime': '1748822400000', 'instId': 'BTC-USDT-SWAP', 'instType': 'SWAP', 'method': 'current_period', 'realizedRate': '-0.0000113356638395'}"
2025-06-02 00:00:00,1748822400000,-1.13356638395e-05,BTC/USDT:USDT,"{'formulaType': 'withRate', 'fundingRate': '-0.0000113356638395', 'fundingTime': '1748822400000', 'instId': 'BTC-USDT-SWAP', 'instType': 'SWAP', 'method': 'current_period', 'realizedRate': '-0.0000113356638395'}"
2025-06-02 00:00:00,1748822400000,-1.13356638395e-05,BTC/USDT:USDT,"{'formulaType': 'withRate', 'fundingRate': '-0.0000113356638395', 'fundingTime': '1748822400000', 'instId': 'BTC-USDT-SWAP', 'instType': 'SWAP', 'method': 'current_period', 'realizedRate': '-0.0000113356638395'}"
2025-06-02 00:00:00,1748822400000,-1.13356638395e-05,BTC/USDT:USDT,"{'formulaType': 'withRate', 'fundingRate': '-0.0000113356638395', 'fundingTime': '1748822400000', 'instId': 'BTC-USDT-SWAP', 'instType': 'SWAP', 'method': 'current_period', 'realizedRate': '-0.0000113356638395'}"
2025-06-02 00:00:00,1748822400000,-1.13356638395e-05,BTC/USDT:USDT,"{'formulaType': 'withRate', 'fundingRate': '-0.0000113356638395', 'fundingTime': '1748822400000', 'instId': 'BTC-USDT-SWAP', 'instType': 'SWAP', 'method': 'current_period', 'realizedRate': '-0.0000113356638395'}"
2025-06-02 00:00:00,1748822400000,-1.13356638395e-05,BTC/USDT:USDT,"{'formulaType': 'withRate', 'fundingRate': '-0.0000113356638395', 'fundingTime': '1748822400000', 'instId': 'BTC-USDT-SWAP', 'instType': 'SWAP', 'method': 'current_period', 'realizedRate': '-0.0000113356638395'}"
2025-06-02 00:00:00,1748822400000,-1.13356638395e-05,BTC/USDT:USDT,"{'formulaType': 'withRate', 'fundingRate': '-0.0000113356638395', 'fundingTime': '1748822400000', 'instId': 'BTC-USDT-SWAP', 'instType': 'SWAP', 'method': 'current_period', 'realizedRate': '-0.0000113356638395'}"
2025-06-02 00:00:00,1748822400000,-1.13356638395e-05,BTC/USDT:USDT,"{'formulaType': 'withRate', 'fundingRate': '-0.0000113356638395', 'fundingTime': '1748822400000', 'instId': 'BTC-USDT-SWAP', 'instType': 'SWAP', 'method': 'current_period', 'realizedRate': '-0.0000113356638395'}"
2025-06-02 00:00:00,1748822400000,-1.13356638395e-05,BTC/USDT:USDT,"{'formulaType': 'withRate', 'fundingRate': '-0.0000113356638395', 'fundingTime': '1748822400000', 'instId': 'BTC-USDT-SWAP', 'instType': 'SWAP', 'method': 'current_period', 'realizedRate': '-0.0000113356638395'}"
2025-06-02 00:00:00,1748822400000,-1.13356638395e-05,BTC/USDT:USDT,"{'formulaType': 'withRate', 'fundingRate': '-0.0000113356638395', 'fundingTime': '1748822400000', 'instId': 'BTC-USDT-SWAP', 'instType': 'SWAP', 'method': 'current_period', 'realizedRate': '-0.0000113356638395'}"
2025-06-02 00:00:00,1748822400000,-1.13356638395e-05,BTC/USDT:USDT,"{'formulaType': 'withRate', 'fundingRate': '-0.0000113356638395', 'fundingTime': '1748822400000', 'instId': 'BTC-USDT-SWAP', 'instType': 'SWAP', 'method': 'current_period', 'realizedRate': '-0.0000113356638395'}"
2025-06-02 00:00:00,1748822400000,-1.13356638395e-05,BTC/USDT:USDT,"{'formulaType': 'withRate', 'fundingRate': '-0.0000113356638395', 'fundingTime': '1748822400000', 'instId': 'BTC-USDT-SWAP', 'instType': 'SWAP', 'method': 'current_period', 'realizedRate': '-0.0000113356638395'}"
2025-06-02 00:00:00,1748822400000,-1.13356638395e-05,BTC/USDT:USDT,"{'formulaType': 'withRate', 'fundingRate': '-0.0000113356638395', 'fundingTime': '1748822400000', 'instId': 'BTC-USDT-SWAP', 'instType': 'SWAP', 'method': 'current_period', 'realizedRate': '-0.0000113356638395'}"
2025-06-02 00:00:00,1748822400000,-1.13356638395e-05,BTC/USDT:USDT,"{'formulaType': 'withRate', 'fundingRate': '-0.0000113356638395', 'fundingTime': '1748822400000', 'instId': 'BTC-USDT-SWAP', 'instType': 'SWAP', 'method': 'current_period', 'realizedRate': '-0.0000113356638395'}"
2025-06-02 00:00:00,1748822400000,-1.13356638395e-05,BTC/USDT:USDT,"{'formulaType': 'withRate', 'fundingRate': '-0.0000113356638395', 'fundingTime': '1748822400000', 'instId': 'BTC-USDT-SWAP', 'instType': 'SWAP', 'method': 'current_period', 'realizedRate': '-0.0000113356638395'}"
2025-06-02 00:00:00,1748822400000,-1.13356638395e-05,BTC/USDT:USDT,"{'formulaType': 'withRate', 'fundingRate': '-0.0000113356638395', 'fundingTime': '1748822400000', 'instId': 'BTC-USDT-SWAP', 'instType': 'SWAP', 'method': 'current_period', 'realizedRate': '-0.0000113356638395'}"
2025-06-02 00:00:00,1748822400000,-1.13356638395e-05,BTC/USDT:USDT,"{'formulaType': 'withRate', 'fundingRate': '-0.0000113356638395', 'fundingTime': '1748822400000', 'instId': 'BTC-USDT-SWAP', 'instType': 'SWAP', 'method': 'current_period', 'realizedRate': '-0.0000113356638395'}"
2025-06-02 00:00:00,1748822400000,-1.13356638395e-05,BTC/USDT:USDT,"{'formulaType': 'withRate', 'fundingRate': '-0.0000113356638395', 'fundingTime': '1748822400000', 'instId': 'BTC-USDT-SWAP', 'instType': 'SWAP', 'method': 'current_period', 'realizedRate': '-0.0000113356638395'}"
2025-06-02 00:00:00,1748822400000,-1.13356638395e-05,BTC/USDT:USDT,"{'formulaType': 'withRate', 'fundingRate': '-0.0000113356638395', 'fundingTime': '1748822400000', 'instId': 'BTC-USDT-SWAP', 'instType': 'SWAP', 'method': 'current_period', 'realizedRate': '-0.0000113356638395'}"
2025-06-02 00:00:00,1748822400000,-1.13356638395e-05,BTC/USDT:USDT,"{'formulaType': 'withRate', 'fundingRate': '-0.0000113356638395', 'fundingTime': '1748822400000', 'instId': 'BTC-USDT-SWAP', 'instType': 'SWAP', 'method': 'current_period', 'realizedRate': '-0.0000113356638395'}"
2025-06-02 00:00:00,1748822400000,-1.13356638395e-05,BTC/USDT:USDT,"{'formulaType': 'withRate', 'fundingRate': '-0.0000113356638395', 'fundingTime': '1748822400000', 'instId': 'BTC-USDT-SWAP', 'instType': 'SWAP', 'method': 'current_period', 'realizedRate': '-0.0000113356638395'}"
2025-06-02 00:00:00,1748822400000,-1.13356638395e-05,BTC/USDT:USDT,"{'formulaType': 'withRate', 'fundingRate': '-0.0000113356638395', 'fundingTime': '1748822400000', 'instId': 'BTC-USDT-SWAP', 'instType': 'SWAP', 'method': 'current_period', 'realizedRate': '-0.0000113356638395'}"
2025-06-02 00:00:00,1748822400000,-1.13356638395e-05,BTC/USDT:USDT,"{'formulaType': 'withRate', 'fundingRate': '-0.0000113356638395', 'fundingTime': '1748822400000', 'instId': 'BTC-USDT-SWAP', 'instType': 'SWAP', 'method': 'current_period', 'realizedRate': '-0.0000113356638395'}"
2025-06-02 00:00:00,1748822400000,-1.13356638395e-05,BTC/USDT:USDT,"{'formulaType': 'withRate', 'fundingRate': '-0.0000113356638395', 'fundingTime': '1748822400000', 'instId': 'BTC-USDT-SWAP', 'instType': 'SWAP', 'method': 'current_period', 'realizedRate': '-0.0000113356638395'}"
2025-06-02 00:00:00,1748822400000,-1.13356638395e-05,BTC/USDT:USDT,"{'formulaType': 'withRate', 'fundingRate': '-0.0000113356638395', 'fundingTime': '1748822400000', 'instId': 'BTC-USDT-SWAP', 'instType': 'SWAP', 'method': 'current_period', 'realizedRate': '-0.0000113356638395'}"
2025-06-02 00:00:00,1748822400000,-1.13356638395e-05,BTC/USDT:USDT,"{'formulaType': 'withRate', 'fundingRate': '-0.0000113356638395', 'fundingTime': '1748822400000', 'instId': 'BTC-USDT-SWAP', 'instType': 'SWAP', 'method': 'current_period', 'realizedRate': '-0.0000113356638395'}"
2025-06-02 00:00:00,1748822400000,-1.13356638395e-05,BTC/USDT:USDT,"{'formulaType': 'withRate', 'fundingRate': '-0.0000113356638395', 'fundingTime': '1748822400000', 'instId': 'BTC-USDT-SWAP', 'instType': 'SWAP', 'method': 'current_period', 'realizedRate': '-0.0000113356638395'}"
2025-06-02 00:00:00,1748822400000,-1.13356638395e-05,BTC/USDT:USDT,"{'formulaType': 'withRate', 'fundingRate': '-0.0000113356638395', 'fundingTime': '1748822400000', 'instId': 'BTC-USDT-SWAP', 'instType': 'SWAP', 'method': 'current_period', 'realizedRate': '-0.0000113356638395'}"
2025-06-02 00:00:00,1748822400000,-1.13356638395e-05,BTC/USDT:USDT,"{'formulaType': 'withRate', 'fundingRate': '-0.0000113356638395', 'fundingTime': '1748822400000', 'instId': 'BTC-USDT-SWAP', 'instType': 'SWAP', 'method': 'current_period', 'realizedRate': '-0.0000113356638395'}"
2025-06-02 00:00:00,1748822400000,-1.13356638395e-05,BTC/USDT:USDT,"{'formulaType': 'withRate', 'fundingRate': '-0.0000113356638395', 'fundingTime': '1748822400000', 'instId': 'BTC-USDT-SWAP', 'instType': 'SWAP', 'method': 'current_period', 'realizedRate': '-0.0000113356638395'}"
2025-06-02 00:00:00,1748822400000,-1.13356638395e-05,BTC/USDT:USDT,"{'formulaType': 'withRate', 'fundingRate': '-0.0000113356638395', 'fundingTime': '1748822400000', 'instId': 'BTC-USDT-SWAP', 'instType': 'SWAP', 'method': 'current_period', 'realizedRate': '-0.0000113356638395'}"
2025-06-02 00:00:00,1748822400000,-1.13356638395e-05,BTC/USDT:USDT,"{'formulaType': 'withRate', 'fundingRate': '-0.0000113356638395', 'fundingTime': '1748822400000', 'instId': 'BTC-USDT-SWAP', 'instType': 'SWAP', 'method': 'current_period', 'realizedRate': '-0.0000113356638395'}"
2025-06-02 00:00:00,1748822400000,-1.13356638395e-05,BTC/USDT:USDT,"{'formulaType': 'withRate', 'fundingRate': '-0.0000113356638395', 'fundingTime': '1748822400000', 'instId': 'BTC-USDT-SWAP', 'instType': 'SWAP', 'method': 'current_period', 'realizedRate': '-0.0000113356638395'}"
2025-06-02 00:00:00,1748822400000,-1.13356638395e-05,BTC/USDT:USDT,"{'formulaType': 'withRate', 'fundingRate': '-0.0000113356638395', 'fundingTime': '1748822400000', 'instId': 'BTC-USDT-SWAP', 'instType': 'SWAP', 'method': 'current_period', 'realizedRate': '-0.0000113356638395'}"
2025-06-02 00:00:00,1748822400000,-1.13356638395e-05,BTC/USDT:USDT,"{'formulaType': 'withRate', 'fundingRate': '-0.0000113356638395', 'fundingTime': '1748822400000', 'instId': 'BTC-USDT-SWAP', 'instType': 'SWAP', 'method': 'current_period', 'realizedRate': '-0.0000113356638395'}"
2025-06-02 00:00:00,1748822400000,-1.13356638395e-05,BTC/USDT:USDT,"{'formulaType': 'withRate', 'fundingRate': '-0.0000113356638395', 'fundingTime': '1748822400000', 'instId': 'BTC-USDT-SWAP', 'instType': 'SWAP', 'method': 'current_period', 'realizedRate': '-0.0000113356638395'}"
2025-06-02 08:00:00,1748851200000,6.96990848657e-05,BTC/USDT:USDT,"{'formulaType': 'withRate', 'fundingRate': '0.0000696990848657', 'fundingTime': '1748851200000', 'instId': 'BTC-USDT-SWAP', 'instType': 'SWAP', 'method': 'current_period', 'realizedRate': '0.0000696990848657'}"
2025-06-02 08:00:00,1748851200000,6.96990848657e-05,BTC/USDT:USDT,"{'formulaType': 'withRate', 'fundingRate': '0.0000696990848657', 'fundingTime': '1748851200000', 'instId': 'BTC-USDT-SWAP', 'instType': 'SWAP', 'method': 'current_period', 'realizedRate': '0.0000696990848657'}"
2025-06-02 08:00:00,1748851200000,6.96990848657e-05,BTC/USDT:USDT,"{'formulaType': 'withRate', 'fundingRate': '0.0000696990848657', 'fundingTime': '1748851200000', 'instId': 'BTC-USDT-SWAP', 'instType': 'SWAP', 'method': 'current_period', 'realizedRate': '0.0000696990848657'}"
2025-06-02 08:00:00,1748851200000,6.96990848657e-05,BTC/USDT:USDT,"{'formulaType': 'withRate', 'fundingRate': '0.0000696990848657', 'fundingTime': '1748851200000', 'instId': 'BTC-USDT-SWAP', 'instType': 'SWAP', 'method': 'current_period', 'realizedRate': '0.0000696990848657'}"
2025-06-02 08:00:00,1748851200000,6.96990848657e-05,BTC/USDT:USDT,"{'formulaType': 'withRate', 'fundingRate': '0.0000696990848657', 'fundingTime': '1748851200000', 'instId': 'BTC-USDT-SWAP', 'instType': 'SWAP', 'method': 'current_period', 'realizedRate': '0.0000696990848657'}"
2025-06-02 08:00:00,1748851200000,6.96990848657e-05,BTC/USDT:USDT,"{'formulaType': 'withRate', 'fundingRate': '0.0000696990848657', 'fundingTime': '1748851200000', 'instId': 'BTC-USDT-SWAP', 'instType': 'SWAP', 'method': 'current_period', 'realizedRate': '0.0000696990848657'}"
2025-06-02 08:00:00,1748851200000,6.96990848657e-05,BTC/USDT:USDT,"{'formulaType': 'withRate', 'fundingRate': '0.0000696990848657', 'fundingTime': '1748851200000', 'instId': 'BTC-USDT-SWAP', 'instType': 'SWAP', 'method': 'current_period', 'realizedRate': '0.0000696990848657'}"
2025-06-02 08:00:00,1748851200000,6.96990848657e-05,BTC/USDT:USDT,"{'formulaType': 'withRate', 'fundingRate': '0.0000696990848657', 'fundingTime': '1748851200000', 'instId': 'BTC-USDT-SWAP', 'instType': 'SWAP', 'method': 'current_period', 'realizedRate': '0.0000696990848657'}"
2025-06-02 08:00:00,1748851200000,6.96990848657e-05,BTC/USDT:USDT,"{'formulaType': 'withRate', 'fundingRate': '0.0000696990848657', 'fundingTime': '1748851200000', 'instId': 'BTC-USDT-SWAP', 'instType': 'SWAP', 'method': 'current_period', 'realizedRate': '0.0000696990848657'}"
2025-06-02 08:00:00,1748851200000,6.96990848657e-05,BTC/USDT:USDT,"{'formulaType': 'withRate', 'fundingRate': '0.0000696990848657', 'fundingTime': '1748851200000', 'instId': 'BTC-USDT-SWAP', 'instType': 'SWAP', 'method': 'current_period', 'realizedRate': '0.0000696990848657'}"
2025-06-02 08:00:00,1748851200000,6.96990848657e-05,BTC/USDT:USDT,"{'formulaType': 'withRate', 'fundingRate': '0.0000696990848657', 'fundingTime': '1748851200000', 'instId': 'BTC-USDT-SWAP', 'instType': 'SWAP', 'method': 'current_period', 'realizedRate': '0.0000696990848657'}"
2025-06-02 08:00:00,1748851200000,6.96990848657e-05,BTC/USDT:USDT,"{'formulaType': 'withRate', 'fundingRate': '0.0000696990848657', 'fundingTime': '1748851200000', 'instId': 'BTC-USDT-SWAP', 'instType': 'SWAP', 'method': 'current_period', 'realizedRate': '0.0000696990848657'}"
2025-06-02 08:00:00,1748851200000,6.96990848657e-05,BTC/USDT:USDT,"{'formulaType': 'withRate', 'fundingRate': '0.0000696990848657', 'fundingTime': '1748851200000', 'instId': 'BTC-USDT-SWAP', 'instType': 'SWAP', 'method': 'current_period', 'realizedRate': '0.0000696990848657'}"
2025-06-02 08:00:00,1748851200000,6.96990848657e-05,BTC/USDT:USDT,"{'formulaType': 'withRate', 'fundingRate': '0.0000696990848657', 'fundingTime': '1748851200000', 'instId': 'BTC-USDT-SWAP', 'instType': 'SWAP', 'method': 'current_period', 'realizedRate': '0.0000696990848657'}"
2025-06-02 08:00:00,1748851200000,6.96990848657e-05,BTC/USDT:USDT,"{'formulaType': 'withRate', 'fundingRate': '0.0000696990848657', 'fundingTime': '1748851200000', 'instId': 'BTC-USDT-SWAP', 'instType': 'SWAP', 'method': 'current_period', 'realizedRate': '0.0000696990848657'}"
2025-06-02 08:00:00,1748851200000,6.96990848657e-05,BTC/USDT:USDT,"{'formulaType': 'withRate', 'fundingRate': '0.0000696990848657', 'fundingTime': '1748851200000', 'instId': 'BTC-USDT-SWAP', 'instType': 'SWAP', 'method': 'current_period', 'realizedRate': '0.0000696990848657'}"
2025-06-02 08:00:00,1748851200000,6.96990848657e-05,BTC/USDT:USDT,"{'formulaType': 'withRate', 'fundingRate': '0.0000696990848657', 'fundingTime': '1748851200000', 'instId': 'BTC-USDT-SWAP', 'instType': 'SWAP', 'method': 'current_period', 'realizedRate': '0.0000696990848657'}"
2025-06-02 08:00:00,1748851200000,6.96990848657e-05,BTC/USDT:USDT,"{'formulaType': 'withRate', 'fundingRate': '0.0000696990848657', 'fundingTime': '1748851200000', 'instId': 'BTC-USDT-SWAP', 'instType': 'SWAP', 'method': 'current_period', 'realizedRate': '0.0000696990848657'}"
2025-06-02 08:00:00,1748851200000,6.96990848657e-05,BTC/USDT:USDT,"{'formulaType': 'withRate', 'fundingRate': '0.0000696990848657', 'fundingTime': '1748851200000', 'instId': 'BTC-USDT-SWAP', 'instType': 'SWAP', 'method': 'current_period', 'realizedRate': '0.0000696990848657'}"
2025-06-02 08:00:00,1748851200000,6.96990848657e-05,BTC/USDT:USDT,"{'formulaType': 'withRate', 'fundingRate': '0.0000696990848657', 'fundingTime': '1748851200000', 'instId': 'BTC-USDT-SWAP', 'instType': 'SWAP', 'method': 'current_period', 'realizedRate': '0.0000696990848657'}"
2025-06-02 08:00:00,1748851200000,6.96990848657e-05,BTC/USDT:USDT,"{'formulaType': 'withRate', 'fundingRate': '0.0000696990848657', 'fundingTime': '1748851200000', 'instId': 'BTC-USDT-SWAP', 'instType': 'SWAP', 'method': 'current_period', 'realizedRate': '0.0000696990848657'}"
2025-06-02 08:00:00,1748851200000,6.96990848657e-05,BTC/USDT:USDT,"{'formulaType': 'withRate', 'fundingRate': '0.0000696990848657', 'fundingTime': '1748851200000', 'instId': 'BTC-USDT-SWAP', 'instType': 'SWAP', 'method': 'current_period', 'realizedRate': '0.0000696990848657'}"
2025-06-02 08:00:00,1748851200000,6.96990848657e-05,BTC/USDT:USDT,"{'formulaType': 'withRate', 'fundingRate': '0.0000696990848657', 'fundingTime': '1748851200000', 'instId': 'BTC-USDT-SWAP', 'instType': 'SWAP', 'method': 'current_period', 'realizedRate': '0.0000696990848657'}"
2025-06-02 08:00:00,1748851200000,6.96990848657e-05,BTC/USDT:USDT,"{'formulaType': 'withRate', 'fundingRate': '0.0000696990848657', 'fundingTime': '1748851200000', 'instId': 'BTC-USDT-SWAP', 'instType': 'SWAP', 'method': 'current_period', 'realizedRate': '0.0000696990848657'}"
2025-06-02 08:00:00,1748851200000,6.96990848657e-05,BTC/USDT:USDT,"{'formulaType': 'withRate', 'fundingRate': '0.0000696990848657', 'fundingTime': '1748851200000', 'instId': 'BTC-USDT-SWAP', 'instType': 'SWAP', 'method': 'current_period', 'realizedRate': '0.0000696990848657'}"
2025-06-02 08:00:00,1748851200000,6.96990848657e-05,BTC/USDT:USDT,"{'formulaType': 'withRate', 'fundingRate': '0.0000696990848657', 'fundingTime': '1748851200000', 'instId': 'BTC-USDT-SWAP', 'instType': 'SWAP', 'method': 'current_period', 'realizedRate': '0.0000696990848657'}"
2025-06-02 08:00:00,1748851200000,6.96990848657e-05,BTC/USDT:USDT,"{'formulaType': 'withRate', 'fundingRate': '0.0000696990848657', 'fundingTime': '1748851200000', 'instId': 'BTC-USDT-SWAP', 'instType': 'SWAP', 'method': 'current_period', 'realizedRate': '0.0000696990848657'}"
2025-06-02 08:00:00,1748851200000,6.96990848657e-05,BTC/USDT:USDT,"{'formulaType': 'withRate', 'fundingRate': '0.0000696990848657', 'fundingTime': '1748851200000', 'instId': 'BTC-USDT-SWAP', 'instType': 'SWAP', 'method': 'current_period', 'realizedRate': '0.0000696990848657'}"
2025-06-02 08:00:00,1748851200000,6.96990848657e-05,BTC/USDT:USDT,"{'formulaType': 'withRate', 'fundingRate': '0.0000696990848657', 'fundingTime': '1748851200000', 'instId': 'BTC-USDT-SWAP', 'instType': 'SWAP', 'method': 'current_period', 'realizedRate': '0.0000696990848657'}"
2025-06-02 08:00:00,1748851200000,6.96990848657e-05,BTC/USDT:USDT,"{'formulaType': 'withRate', 'fundingRate': '0.0000696990848657', 'fundingTime': '1748851200000', 'instId': 'BTC-USDT-SWAP', 'instType': 'SWAP', 'method': 'current_period', 'realizedRate': '0.0000696990848657'}"
2025-06-02 08:00:00,1748851200000,6.96990848657e-05,BTC/USDT:USDT,"{'formulaType': 'withRate', 'fundingRate': '0.0000696990848657', 'fundingTime': '1748851200000', 'instId': 'BTC-USDT-SWAP', 'instType': 'SWAP', 'method': 'current_period', 'realizedRate': '0.0000696990848657'}"
2025-06-02 08:00:00,1748851200000,6.96990848657e-05,BTC/USDT:USDT,"{'formulaType': 'withRate', 'fundingRate': '0.0000696990848657', 'fundingTime': '1748851200000', 'instId': 'BTC-USDT-SWAP', 'instType': 'SWAP', 'method': 'current_period', 'realizedRate': '0.0000696990848657'}"
2025-06-02 08:00:00,1748851200000,6.96990848657e-05,BTC/USDT:USDT,"{'formulaType': 'withRate', 'fundingRate': '0.0000696990848657', 'fundingTime': '1748851200000', 'instId': 'BTC-USDT-SWAP', 'instType': 'SWAP', 'method': 'current_period', 'realizedRate': '0.0000696990848657'}"
2025-06-02 08:00:00,1748851200000,6.96990848657e-05,BTC/USDT:USDT,"{'formulaType': 'withRate', 'fundingRate': '0.0000696990848657', 'fundingTime': '1748851200000', 'instId': 'BTC-USDT-SWAP', 'instType': 'SWAP', 'method': 'current_period', 'realizedRate': '0.0000696990848657'}"
2025-06-02 08:00:00,1748851200000,6.96990848657e-05,BTC/USDT:USDT,"{'formulaType': 'withRate', 'fundingRate': '0.0000696990848657', 'fundingTime': '1748851200000', 'instId': 'BTC-USDT-SWAP', 'instType': 'SWAP', 'method': 'current_period', 'realizedRate': '0.0000696990848657'}"
2025-06-02 08:00:00,1748851200000,6.96990848657e-05,BTC/USDT:USDT,"{'formulaType': 'withRate', 'fundingRate': '0.0000696990848657', 'fundingTime': '1748851200000', 'instId': 'BTC-USDT-SWAP', 'instType': 'SWAP', 'method': 'current_period', 'realizedRate': '0.0000696990848657'}"
2025-06-02 08:00:00,1748851200000,6.96990848657e-05,BTC/USDT:USDT,"{'formulaType': 'withRate', 'fundingRate': '0.0000696990848657', 'fundingTime': '1748851200000', 'instId': 'BTC-USDT-SWAP', 'instType': 'SWAP', 'method': 'current_period', 'realizedRate': '0.0000696990848657'}"
2025-06-02 16:00:00,1748880000000,6.60439349352e-05,BTC/USDT:USDT,"{'formulaType': 'withRate', 'fundingRate': '0.0000660439349352', 'fundingTime': '1748880000000', 'instId': 'BTC-USDT-SWAP', 'instType': 'SWAP', 'method': 'current_period', 'realizedRate': '0.0000660439349352'}"
2025-06-02 16:00:00,1748880000000,6.60439349352e-05,BTC/USDT:USDT,"{'formulaType': 'withRate', 'fundingRate': '0.0000660439349352', 'fundingTime': '1748880000000', 'instId': 'BTC-USDT-SWAP', 'instType': 'SWAP', 'method': 'current_period', 'realizedRate': '0.0000660439349352'}"
2025-06-02 16:00:00,1748880000000,6.60439349352e-05,BTC/USDT:USDT,"{'formulaType': 'withRate', 'fundingRate': '0.0000660439349352', 'fundingTime': '1748880000000', 'instId': 'BTC-USDT-SWAP', 'instType': 'SWAP', 'method': 'current_period', 'realizedRate': '0.0000660439349352'}"
2025-06-02 16:00:00,1748880000000,6.60439349352e-05,BTC/USDT:USDT,"{'formulaType': 'withRate', 'fundingRate': '0.0000660439349352', 'fundingTime': '1748880000000', 'instId': 'BTC-USDT-SWAP', 'instType': 'SWAP', 'method': 'current_period', 'realizedRate': '0.0000660439349352'}"
2025-06-02 16:00:00,1748880000000,6.60439349352e-05,BTC/USDT:USDT,"{'formulaType': 'withRate', 'fundingRate': '0.0000660439349352', 'fundingTime': '1748880000000', 'instId': 'BTC-USDT-SWAP', 'instType': 'SWAP', 'method': 'current_period', 'realizedRate': '0.0000660439349352'}"
2025-06-02 16:00:00,1748880000000,6.60439349352e-05,BTC/USDT:USDT,"{'formulaType': 'withRate', 'fundingRate': '0.0000660439349352', 'fundingTime': '1748880000000', 'instId': 'BTC-USDT-SWAP', 'instType': 'SWAP', 'method': 'current_period', 'realizedRate': '0.0000660439349352'}"
2025-06-02 16:00:00,1748880000000,6.60439349352e-05,BTC/USDT:USDT,"{'formulaType': 'withRate', 'fundingRate': '0.0000660439349352', 'fundingTime': '1748880000000', 'instId': 'BTC-USDT-SWAP', 'instType': 'SWAP', 'method': 'current_period', 'realizedRate': '0.0000660439349352'}"
2025-06-02 16:00:00,1748880000000,6.60439349352e-05,BTC/USDT:USDT,"{'formulaType': 'withRate', 'fundingRate': '0.0000660439349352', 'fundingTime': '1748880000000', 'instId': 'BTC-USDT-SWAP', 'instType': 'SWAP', 'method': 'current_period', 'realizedRate': '0.0000660439349352'}"
2025-06-02 16:00:00,1748880000000,6.60439349352e-05,BTC/USDT:USDT,"{'formulaType': 'withRate', 'fundingRate': '0.0000660439349352', 'fundingTime': '1748880000000', 'instId': 'BTC-USDT-SWAP', 'instType': 'SWAP', 'method': 'current_period', 'realizedRate': '0.0000660439349352'}"
2025-06-02 16:00:00,1748880000000,6.60439349352e-05,BTC/USDT:USDT,"{'formulaType': 'withRate', 'fundingRate': '0.0000660439349352', 'fundingTime': '1748880000000', 'instId': 'BTC-USDT-SWAP', 'instType': 'SWAP', 'method': 'current_period', 'realizedRate': '0.0000660439349352'}"
2025-06-02 16:00:00,1748880000000,6.60439349352e-05,BTC/USDT:USDT,"{'formulaType': 'withRate', 'fundingRate': '0.0000660439349352', 'fundingTime': '1748880000000', 'instId': 'BTC-USDT-SWAP', 'instType': 'SWAP', 'method': 'current_period', 'realizedRate': '0.0000660439349352'}"
2025-06-02 16:00:00,1748880000000,6.60439349352e-05,BTC/USDT:USDT,"{'formulaType': 'withRate', 'fundingRate': '0.0000660439349352', 'fundingTime': '1748880000000', 'instId': 'BTC-USDT-SWAP', 'instType': 'SWAP', 'method': 'current_period', 'realizedRate': '0.0000660439349352'}"
2025-06-02 16:00:00,1748880000000,6.60439349352e-05,BTC/USDT:USDT,"{'formulaType': 'withRate', 'fundingRate': '0.0000660439349352', 'fundingTime': '1748880000000', 'instId': 'BTC-USDT-SWAP', 'instType': 'SWAP', 'method': 'current_period', 'realizedRate': '0.0000660439349352'}"
2025-06-02 16:00:00,1748880000000,6.60439349352e-05,BTC/USDT:USDT,"{'formulaType': 'withRate', 'fundingRate': '0.0000660439349352', 'fundingTime': '1748880000000', 'instId': 'BTC-USDT-SWAP', 'instType': 'SWAP', 'method': 'current_period', 'realizedRate': '0.0000660439349352'}"
2025-06-02 16:00:00,1748880000000,6.60439349352e-05,BTC/USDT:USDT,"{'formulaType': 'withRate', 'fundingRate': '0.0000660439349352', 'fundingTime': '1748880000000', 'instId': 'BTC-USDT-SWAP', 'instType': 'SWAP', 'method': 'current_period', 'realizedRate': '0.0000660439349352'}"
2025-06-02 16:00:00,1748880000000,6.60439349352e-05,BTC/USDT:USDT,"{'formulaType': 'withRate', 'fundingRate': '0.0000660439349352', 'fundingTime': '1748880000000', 'instId': 'BTC-USDT-SWAP', 'instType': 'SWAP', 'method': 'current_period', 'realizedRate': '0.0000660439349352'}"
2025-06-02 16:00:00,1748880000000,6.60439349352e-05,BTC/USDT:USDT,"{'formulaType': 'withRate', 'fundingRate': '0.0000660439349352', 'fundingTime': '1748880000000', 'instId': 'BTC-USDT-SWAP', 'instType': 'SWAP', 'method': 'current_period', 'realizedRate': '0.0000660439349352'}"
2025-06-02 16:00:00,1748880000000,6.60439349352e-05,BTC/USDT:USDT,"{'formulaType': 'withRate', 'fundingRate': '0.0000660439349352', 'fundingTime': '1748880000000', 'instId': 'BTC-USDT-SWAP', 'instType': 'SWAP', 'method': 'current_period', 'realizedRate': '0.0000660439349352'}"
2025-06-02 16:00:00,1748880000000,6.60439349352e-05,BTC/USDT:USDT,"{'formulaType': 'withRate', 'fundingRate': '0.0000660439349352', 'fundingTime': '1748880000000', 'instId': 'BTC-USDT-SWAP', 'instType': 'SWAP', 'method': 'current_period', 'realizedRate': '0.0000660439349352'}"
2025-06-02 16:00:00,1748880000000,6.60439349352e-05,BTC/USDT:USDT,"{'formulaType': 'withRate', 'fundingRate': '0.0000660439349352', 'fundingTime': '1748880000000', 'instId': 'BTC-USDT-SWAP', 'instType': 'SWAP', 'method': 'current_period', 'realizedRate': '0.0000660439349352'}"
2025-06-02 16:00:00,1748880000000,6.60439349352e-05,BTC/USDT:USDT,"{'formulaType': 'withRate', 'fundingRate': '0.0000660439349352', 'fundingTime': '1748880000000', 'instId': 'BTC-USDT-SWAP', 'instType': 'SWAP', 'method': 'current_period', 'realizedRate': '0.0000660439349352'}"
2025-06-02 16:00:00,1748880000000,6.60439349352e-05,BTC/USDT:USDT,"{'formulaType': 'withRate', 'fundingRate': '0.0000660439349352', 'fundingTime': '1748880000000', 'instId': 'BTC-USDT-SWAP', 'instType': 'SWAP', 'method': 'current_period', 'realizedRate': '0.0000660439349352'}"
2025-06-02 16:00:00,1748880000000,6.60439349352e-05,BTC/USDT:USDT,"{'formulaType': 'withRate', 'fundingRate': '0.0000660439349352', 'fundingTime': '1748880000000', 'instId': 'BTC-USDT-SWAP', 'instType': 'SWAP', 'method': 'current_period', 'realizedRate': '0.0000660439349352'}"
2025-06-02 16:00:00,1748880000000,6.60439349352e-05,BTC/USDT:USDT,"{'formulaType': 'withRate', 'fundingRate': '0.0000660439349352', 'fundingTime': '1748880000000', 'instId': 'BTC-USDT-SWAP', 'instType': 'SWAP', 'method': 'current_period', 'realizedRate': '0.0000660439349352'}"
2025-06-02 16:00:00,1748880000000,6.60439349352e-05,BTC/USDT:USDT,"{'formulaType': 'withRate', 'fundingRate': '0.0000660439349352', 'fundingTime': '1748880000000', 'instId': 'BTC-USDT-SWAP', 'instType': 'SWAP', 'method': 'current_period', 'realizedRate': '0.0000660439349352'}"
2025-06-02 16:00:00,1748880000000,6.60439349352e-05,BTC/USDT:USDT,"{'formulaType': 'withRate', 'fundingRate': '0.0000660439349352', 'fundingTime': '1748880000000', 'instId': 'BTC-USDT-SWAP', 'instType': 'SWAP', 'method': 'current_period', 'realizedRate': '0.0000660439349352'}"
2025-06-02 16:00:00,1748880000000,6.60439349352e-05,BTC/USDT:USDT,"{'formulaType': 'withRate', 'fundingRate': '0.0000660439349352', 'fundingTime': '1748880000000', 'instId': 'BTC-USDT-SWAP', 'instType': 'SWAP', 'method': 'current_period', 'realizedRate': '0.0000660439349352'}"
2025-06-02 16:00:00,1748880000000,6.60439349352e-05,BTC/USDT:USDT,"{'formulaType': 'withRate', 'fundingRate': '0.0000660439349352', 'fundingTime': '1748880000000', 'instId': 'BTC-USDT-SWAP', 'instType': 'SWAP', 'method': 'current_period', 'realizedRate': '0.0000660439349352'}"
2025-06-02 16:00:00,1748880000000,6.60439349352e-05,BTC/USDT:USDT,"{'formulaType': 'withRate', 'fundingRate': '0.0000660439349352', 'fundingTime': '1748880000000', 'instId': 'BTC-USDT-SWAP', 'instType': 'SWAP', 'method': 'current_period', 'realizedRate': '0.0000660439349352'}"
2025-06-02 16:00:00,1748880000000,6.60439349352e-05,BTC/USDT:USDT,"{'formulaType': 'withRate', 'fundingRate': '0.0000660439349352', 'fundingTime': '1748880000000', 'instId': 'BTC-USDT-SWAP', 'instType': 'SWAP', 'method': 'current_period', 'realizedRate': '0.0000660439349352'}"
2025-06-02 16:00:00,1748880000000,6.60439349352e-05,BTC/USDT:USDT,"{'formulaType': 'withRate', 'fundingRate': '0.0000660439349352', 'fundingTime': '1748880000000', 'instId': 'BTC-USDT-SWAP', 'instType': 'SWAP', 'method': 'current_period', 'realizedRate': '0.0000660439349352'}"
2025-06-02 16:00:00,1748880000000,6.60439349352e-05,BTC/USDT:USDT,"{'formulaType': 'withRate', 'fundingRate': '0.0000660439349352', 'fundingTime': '1748880000000', 'instId': 'BTC-USDT-SWAP', 'instType': 'SWAP', 'method': 'current_period', 'realizedRate': '0.0000660439349352'}"
2025-06-02 16:00:00,1748880000000,6.60439349352e-05,BTC/USDT:USDT,"{'formulaType': 'withRate', 'fundingRate': '0.0000660439349352', 'fundingTime': '1748880000000', 'instId': 'BTC-USDT-SWAP', 'instType': 'SWAP', 'method': 'current_period', 'realizedRate': '0.0000660439349352'}"
2025-06-02 16:00:00,1748880000000,6.60439349352e-05,BTC/USDT:USDT,"{'formulaType': 'withRate', 'fundingRate': '0.0000660439349352', 'fundingTime': '1748880000000', 'instId': 'BTC-USDT-SWAP', 'instType': 'SWAP', 'method': 'current_period', 'realizedRate': '0.0000660439349352'}"
2025-06-02 16:00:00,1748880000000,6.60439349352e-05,BTC/USDT:USDT,"{'formulaType': 'withRate', 'fundingRate': '0.0000660439349352', 'fundingTime': '1748880000000', 'instId': 'BTC-USDT-SWAP', 'instType': 'SWAP', 'method': 'current_period', 'realizedRate': '0.0000660439349352'}"
2025-06-02 16:00:00,1748880000000,6.60439349352e-05,BTC/USDT:USDT,"{'formulaType': 'withRate', 'fundingRate': '0.0000660439349352', 'fundingTime': '1748880000000', 'instId': 'BTC-USDT-SWAP', 'instType': 'SWAP', 'method': 'current_period', 'realizedRate': '0.0000660439349352'}"
2025-06-02 16:00:00,1748880000000,6.60439349352e-05,BTC/USDT:USDT,"{'formulaType': 'withRate', 'fundingRate': '0.0000660439349352', 'fundingTime': '1748880000000', 'instId': 'BTC-USDT-SWAP', 'instType': 'SWAP', 'method': 'current_period', 'realizedRate': '0.0000660439349352'}"
2025-06-03 00:00:00,1748908800000,4.31046204204e-05,BTC/USDT:USDT,"{'formulaType': 'withRate', 'fundingRate': '0.0000431046204204', 'fundingTime': '1748908800000', 'instId': 'BTC-USDT-SWAP', 'instType': 'SWAP', 'method': 'current_period', 'realizedRate': '0.0000431046204204'}"
2025-06-03 00:00:00,1748908800000,4.31046204204e-05,BTC/USDT:USDT,"{'formulaType': 'withRate', 'fundingRate': '0.0000431046204204', 'fundingTime': '1748908800000', 'instId': 'BTC-USDT-SWAP', 'instType': 'SWAP', 'method': 'current_period', 'realizedRate': '0.0000431046204204'}"
2025-06-03 00:00:00,1748908800000,4.31046204204e-05,BTC/USDT:USDT,"{'formulaType': 'withRate', 'fundingRate': '0.0000431046204204', 'fundingTime': '1748908800000', 'instId': 'BTC-USDT-SWAP', 'instType': 'SWAP', 'method': 'current_period', 'realizedRate': '0.0000431046204204'}"
2025-06-03 00:00:00,1748908800000,4.31046204204e-05,BTC/USDT:USDT,"{'formulaType': 'withRate', 'fundingRate': '0.0000431046204204', 'fundingTime': '1748908800000', 'instId': 'BTC-USDT-SWAP', 'instType': 'SWAP', 'method': 'current_period', 'realizedRate': '0.0000431046204204'}"
2025-06-03 00:00:00,1748908800000,4.31046204204e-05,BTC/USDT:USDT,"{'formulaType': 'withRate', 'fundingRate': '0.0000431046204204', 'fundingTime': '1748908800000', 'instId': 'BTC-USDT-SWAP', 'instType': 'SWAP', 'method': 'current_period', 'realizedRate': '0.0000431046204204'}"
2025-06-03 00:00:00,1748908800000,4.31046204204e-05,BTC/USDT:USDT,"{'formulaType': 'withRate', 'fundingRate': '0.0000431046204204', 'fundingTime': '1748908800000', 'instId': 'BTC-USDT-SWAP', 'instType': 'SWAP', 'method': 'current_period', 'realizedRate': '0.0000431046204204'}"
2025-06-03 00:00:00,1748908800000,4.31046204204e-05,BTC/USDT:USDT,"{'formulaType': 'withRate', 'fundingRate': '0.0000431046204204', 'fundingTime': '1748908800000', 'instId': 'BTC-USDT-SWAP', 'instType': 'SWAP', 'method': 'current_period', 'realizedRate': '0.0000431046204204'}"
2025-06-03 00:00:00,1748908800000,4.31046204204e-05,BTC/USDT:USDT,"{'formulaType': 'withRate', 'fundingRate': '0.0000431046204204', 'fundingTime': '1748908800000', 'instId': 'BTC-USDT-SWAP', 'instType': 'SWAP', 'method': 'current_period', 'realizedRate': '0.0000431046204204'}"
2025-06-03 00:00:00,1748908800000,4.31046204204e-05,BTC/USDT:USDT,"{'formulaType': 'withRate', 'fundingRate': '0.0000431046204204', 'fundingTime': '1748908800000', 'instId': 'BTC-USDT-SWAP', 'instType': 'SWAP', 'method': 'current_period', 'realizedRate': '0.0000431046204204'}"
2025-06-03 00:00:00,1748908800000,4.31046204204e-05,BTC/USDT:USDT,"{'formulaType': 'withRate', 'fundingRate': '0.0000431046204204', 'fundingTime': '1748908800000', 'instId': 'BTC-USDT-SWAP', 'instType': 'SWAP', 'method': 'current_period', 'realizedRate': '0.0000431046204204'}"
2025-06-03 00:00:00,1748908800000,4.31046204204e-05,BTC/USDT:USDT,"{'formulaType': 'withRate', 'fundingRate': '0.0000431046204204', 'fundingTime': '1748908800000', 'instId': 'BTC-USDT-SWAP', 'instType': 'SWAP', 'method': 'current_period', 'realizedRate': '0.0000431046204204'}"
2025-06-03 00:00:00,1748908800000,4.31046204204e-05,BTC/USDT:USDT,"{'formulaType': 'withRate', 'fundingRate': '0.0000431046204204', 'fundingTime': '1748908800000', 'instId': 'BTC-USDT-SWAP', 'instType': 'SWAP', 'method': 'current_period', 'realizedRate': '0.0000431046204204'}"
2025-06-03 00:00:00,1748908800000,4.31046204204e-05,BTC/USDT:USDT,"{'formulaType': 'withRate', 'fundingRate': '0.0000431046204204', 'fundingTime': '1748908800000', 'instId': 'BTC-USDT-SWAP', 'instType': 'SWAP', 'method': 'current_period', 'realizedRate': '0.0000431046204204'}"
2025-06-03 00:00:00,1748908800000,4.31046204204e-05,BTC/USDT:USDT,"{'formulaType': 'withRate', 'fundingRate': '0.0000431046204204', 'fundingTime': '1748908800000', 'instId': 'BTC-USDT-SWAP', 'instType': 'SWAP', 'method': 'current_period', 'realizedRate': '0.0000431046204204'}"
2025-06-03 00:00:00,1748908800000,4.31046204204e-05,BTC/USDT:USDT,"{'formulaType': 'withRate', 'fundingRate': '0.0000431046204204', 'fundingTime': '1748908800000', 'instId': 'BTC-USDT-SWAP', 'instType': 'SWAP', 'method': 'current_period', 'realizedRate': '0.0000431046204204'}"
2025-06-03 00:00:00,1748908800000,4.31046204204e-05,BTC/USDT:USDT,"{'formulaType': 'withRate', 'fundingRate': '0.0000431046204204', 'fundingTime': '1748908800000', 'instId': 'BTC-USDT-SWAP', 'instType': 'SWAP', 'method': 'current_period', 'realizedRate': '0.0000431046204204'}"
2025-06-03 00:00:00,1748908800000,4.31046204204e-05,BTC/USDT:USDT,"{'formulaType': 'withRate', 'fundingRate': '0.0000431046204204', 'fundingTime': '1748908800000', 'instId': 'BTC-USDT-SWAP', 'instType': 'SWAP', 'method': 'current_period', 'realizedRate': '0.0000431046204204'}"
2025-06-03 00:00:00,1748908800000,4.31046204204e-05,BTC/USDT:USDT,"{'formulaType': 'withRate', 'fundingRate': '0.0000431046204204', 'fundingTime': '1748908800000', 'instId': 'BTC-USDT-SWAP', 'instType': 'SWAP', 'method': 'current_period', 'realizedRate': '0.0000431046204204'}"
2025-06-03 00:00:00,1748908800000,4.31046204204e-05,BTC/USDT:USDT,"{'formulaType': 'withRate', 'fundingRate': '0.0000431046204204', 'fundingTime': '1748908800000', 'instId': 'BTC-USDT-SWAP', 'instType': 'SWAP', 'method': 'current_period', 'realizedRate': '0.0000431046204204'}"
2025-06-03 00:00:00,1748908800000,4.31046204204e-05,BTC/USDT:USDT,"{'formulaType': 'withRate', 'fundingRate': '0.0000431046204204', 'fundingTime': '1748908800000', 'instId': 'BTC-USDT-SWAP', 'instType': 'SWAP', 'method': 'current_period', 'realizedRate': '0.0000431046204204'}"
2025-06-03 00:00:00,1748908800000,4.31046204204e-05,BTC/USDT:USDT,"{'formulaType': 'withRate', 'fundingRate': '0.0000431046204204', 'fundingTime': '1748908800000', 'instId': 'BTC-USDT-SWAP', 'instType': 'SWAP', 'method': 'current_period', 'realizedRate': '0.0000431046204204'}"
2025-06-03 00:00:00,1748908800000,4.31046204204e-05,BTC/USDT:USDT,"{'formulaType': 'withRate', 'fundingRate': '0.0000431046204204', 'fundingTime': '1748908800000', 'instId': 'BTC-USDT-SWAP', 'instType': 'SWAP', 'method': 'current_period', 'realizedRate': '0.0000431046204204'}"
2025-06-03 00:00:00,1748908800000,4.31046204204e-05,BTC/USDT:USDT,"{'formulaType': 'withRate', 'fundingRate': '0.0000431046204204', 'fundingTime': '1748908800000', 'instId': 'BTC-USDT-SWAP', 'instType': 'SWAP', 'method': 'current_period', 'realizedRate': '0.0000431046204204'}"
2025-06-03 00:00:00,1748908800000,4.31046204204e-05,BTC/USDT:USDT,"{'formulaType': 'withRate', 'fundingRate': '0.0000431046204204', 'fundingTime': '1748908800000', 'instId': 'BTC-USDT-SWAP', 'instType': 'SWAP', 'method': 'current_period', 'realizedRate': '0.0000431046204204'}"
2025-06-03 00:00:00,1748908800000,4.31046204204e-05,BTC/USDT:USDT,"{'formulaType': 'withRate', 'fundingRate': '0.0000431046204204', 'fundingTime': '1748908800000', 'instId': 'BTC-USDT-SWAP', 'instType': 'SWAP', 'method': 'current_period', 'realizedRate': '0.0000431046204204'}"
2025-06-03 00:00:00,1748908800000,4.31046204204e-05,BTC/USDT:USDT,"{'formulaType': 'withRate', 'fundingRate': '0.0000431046204204', 'fundingTime': '1748908800000', 'instId': 'BTC-USDT-SWAP', 'instType': 'SWAP', 'method': 'current_period', 'realizedRate': '0.0000431046204204'}"
2025-06-03 00:00:00,1748908800000,4.31046204204e-05,BTC/USDT:USDT,"{'formulaType': 'withRate', 'fundingRate': '0.0000431046204204', 'fundingTime': '1748908800000', 'instId': 'BTC-USDT-SWAP', 'instType': 'SWAP', 'method': 'current_period', 'realizedRate': '0.0000431046204204'}"
2025-06-03 00:00:00,1748908800000,4.31046204204e-05,BTC/USDT:USDT,"{'formulaType': 'withRate', 'fundingRate': '0.0000431046204204', 'fundingTime': '1748908800000', 'instId': 'BTC-USDT-SWAP', 'instType': 'SWAP', 'method': 'current_period', 'realizedRate': '0.0000431046204204'}"
2025-06-03 00:00:00,1748908800000,4.31046204204e-05,BTC/USDT:USDT,"{'formulaType': 'withRate', 'fundingRate': '0.0000431046204204', 'fundingTime': '1748908800000', 'instId': 'BTC-USDT-SWAP', 'instType': 'SWAP', 'method': 'current_period', 'realizedRate': '0.0000431046204204'}"
2025-06-03 00:00:00,1748908800000,4.31046204204e-05,BTC/USDT:USDT,"{'formulaType': 'withRate', 'fundingRate': '0.0000431046204204', 'fundingTime': '1748908800000', 'instId': 'BTC-USDT-SWAP', 'instType': 'SWAP', 'method': 'current_period', 'realizedRate': '0.0000431046204204'}"
2025-06-03 00:00:00,1748908800000,4.31046204204e-05,BTC/USDT:USDT,"{'formulaType': 'withRate', 'fundingRate': '0.0000431046204204', 'fundingTime': '1748908800000', 'instId': 'BTC-USDT-SWAP', 'instType': 'SWAP', 'method': 'current_period', 'realizedRate': '0.0000431046204204'}"
2025-06-03 00:00:00,1748908800000,4.31046204204e-05,BTC/USDT:USDT,"{'formulaType': 'withRate', 'fundingRate': '0.0000431046204204', 'fundingTime': '1748908800000', 'instId': 'BTC-USDT-SWAP', 'instType': 'SWAP', 'method': 'current_period', 'realizedRate': '0.0000431046204204'}"
2025-06-03 00:00:00,1748908800000,4.31046204204e-05,BTC/USDT:USDT,"{'formulaType': 'withRate', 'fundingRate': '0.0000431046204204', 'fundingTime': '1748908800000', 'instId': 'BTC-USDT-SWAP', 'instType': 'SWAP', 'method': 'current_period', 'realizedRate': '0.0000431046204204'}"
2025-06-03 00:00:00,1748908800000,4.31046204204e-05,BTC/USDT:USDT,"{'formulaType': 'withRate', 'fundingRate': '0.0000431046204204', 'fundingTime': '1748908800000', 'instId': 'BTC-USDT-SWAP', 'instType': 'SWAP', 'method': 'current_period', 'realizedRate': '0.0000431046204204'}"
2025-06-03 00:00:00,1748908800000,4.31046204204e-05,BTC/USDT:USDT,"{'formulaType': 'withRate', 'fundingRate': '0.0000431046204204', 'fundingTime': '1748908800000', 'instId': 'BTC-USDT-SWAP', 'instType': 'SWAP', 'method': 'current_period', 'realizedRate': '0.0000431046204204'}"
2025-06-03 00:00:00,1748908800000,4.31046204204e-05,BTC/USDT:USDT,"{'formulaType': 'withRate', 'fundingRate': '0.0000431046204204', 'fundingTime': '1748908800000', 'instId': 'BTC-USDT-SWAP', 'instType': 'SWAP', 'method': 'current_period', 'realizedRate': '0.0000431046204204'}"
2025-06-03 00:00:00,1748908800000,4.31046204204e-05,BTC/USDT:USDT,"{'formulaType': 'withRate', 'fundingRate': '0.0000431046204204', 'fundingTime': '1748908800000', 'instId': 'BTC-USDT-SWAP', 'instType': 'SWAP', 'method': 'current_period', 'realizedRate': '0.0000431046204204'}"
2025-06-03 08:00:00,1748937600000,0.0001,BTC/USDT:USDT,"{'formulaType': 'withRate', 'fundingRate': '0.0001', 'fundingTime': '1748937600000', 'instId': 'BTC-USDT-SWAP', 'instType': 'SWAP', 'method': 'current_period', 'realizedRate': '0.0001'}"
2025-06-03 08:00:00,1748937600000,0.0001,BTC/USDT:USDT,"{'formulaType': 'withRate', 'fundingRate': '0.0001', 'fundingTime': '1748937600000', 'instId': 'BTC-USDT-SWAP', 'instType': 'SWAP', 'method': 'current_period', 'realizedRate': '0.0001'}"
2025-06-03 08:00:00,1748937600000,0.0001,BTC/USDT:USDT,"{'formulaType': 'withRate', 'fundingRate': '0.0001', 'fundingTime': '1748937600000', 'instId': 'BTC-USDT-SWAP', 'instType': 'SWAP', 'method': 'current_period', 'realizedRate': '0.0001'}"
2025-06-03 08:00:00,1748937600000,0.0001,BTC/USDT:USDT,"{'formulaType': 'withRate', 'fundingRate': '0.0001', 'fundingTime': '1748937600000', 'instId': 'BTC-USDT-SWAP', 'instType': 'SWAP', 'method': 'current_period', 'realizedRate': '0.0001'}"
2025-06-03 08:00:00,1748937600000,0.0001,BTC/USDT:USDT,"{'formulaType': 'withRate', 'fundingRate': '0.0001', 'fundingTime': '1748937600000', 'instId': 'BTC-USDT-SWAP', 'instType': 'SWAP', 'method': 'current_period', 'realizedRate': '0.0001'}"
2025-06-03 08:00:00,1748937600000,0.0001,BTC/USDT:USDT,"{'formulaType': 'withRate', 'fundingRate': '0.0001', 'fundingTime': '1748937600000', 'instId': 'BTC-USDT-SWAP', 'instType': 'SWAP', 'method': 'current_period', 'realizedRate': '0.0001'}"
2025-06-03 08:00:00,1748937600000,0.0001,BTC/USDT:USDT,"{'formulaType': 'withRate', 'fundingRate': '0.0001', 'fundingTime': '1748937600000', 'instId': 'BTC-USDT-SWAP', 'instType': 'SWAP', 'method': 'current_period', 'realizedRate': '0.0001'}"
2025-06-03 08:00:00,1748937600000,0.0001,BTC/USDT:USDT,"{'formulaType': 'withRate', 'fundingRate': '0.0001', 'fundingTime': '1748937600000', 'instId': 'BTC-USDT-SWAP', 'instType': 'SWAP', 'method': 'current_period', 'realizedRate': '0.0001'}"
2025-06-03 08:00:00,1748937600000,0.0001,BTC/USDT:USDT,"{'formulaType': 'withRate', 'fundingRate': '0.0001', 'fundingTime': '1748937600000', 'instId': 'BTC-USDT-SWAP', 'instType': 'SWAP', 'method': 'current_period', 'realizedRate': '0.0001'}"
2025-06-03 08:00:00,1748937600000,0.0001,BTC/USDT:USDT,"{'formulaType': 'withRate', 'fundingRate': '0.0001', 'fundingTime': '1748937600000', 'instId': 'BTC-USDT-SWAP', 'instType': 'SWAP', 'method': 'current_period', 'realizedRate': '0.0001'}"
2025-06-03 08:00:00,1748937600000,0.0001,BTC/USDT:USDT,"{'formulaType': 'withRate', 'fundingRate': '0.0001', 'fundingTime': '1748937600000', 'instId': 'BTC-USDT-SWAP', 'instType': 'SWAP', 'method': 'current_period', 'realizedRate': '0.0001'}"
2025-06-03 08:00:00,1748937600000,0.0001,BTC/USDT:USDT,"{'formulaType': 'withRate', 'fundingRate': '0.0001', 'fundingTime': '1748937600000', 'instId': 'BTC-USDT-SWAP', 'instType': 'SWAP', 'method': 'current_period', 'realizedRate': '0.0001'}"
2025-06-03 08:00:00,1748937600000,0.0001,BTC/USDT:USDT,"{'formulaType': 'withRate', 'fundingRate': '0.0001', 'fundingTime': '1748937600000', 'instId': 'BTC-USDT-SWAP', 'instType': 'SWAP', 'method': 'current_period', 'realizedRate': '0.0001'}"
2025-06-03 08:00:00,1748937600000,0.0001,BTC/USDT:USDT,"{'formulaType': 'withRate', 'fundingRate': '0.0001', 'fundingTime': '1748937600000', 'instId': 'BTC-USDT-SWAP', 'instType': 'SWAP', 'method': 'current_period', 'realizedRate': '0.0001'}"
2025-06-03 08:00:00,1748937600000,0.0001,BTC/USDT:USDT,"{'formulaType': 'withRate', 'fundingRate': '0.0001', 'fundingTime': '1748937600000', 'instId': 'BTC-USDT-SWAP', 'instType': 'SWAP', 'method': 'current_period', 'realizedRate': '0.0001'}"
2025-06-03 08:00:00,1748937600000,0.0001,BTC/USDT:USDT,"{'formulaType': 'withRate', 'fundingRate': '0.0001', 'fundingTime': '1748937600000', 'instId': 'BTC-USDT-SWAP', 'instType': 'SWAP', 'method': 'current_period', 'realizedRate': '0.0001'}"
2025-06-03 08:00:00,1748937600000,0.0001,BTC/USDT:USDT,"{'formulaType': 'withRate', 'fundingRate': '0.0001', 'fundingTime': '1748937600000', 'instId': 'BTC-USDT-SWAP', 'instType': 'SWAP', 'method': 'current_period', 'realizedRate': '0.0001'}"
2025-06-03 08:00:00,1748937600000,0.0001,BTC/USDT:USDT,"{'formulaType': 'withRate', 'fundingRate': '0.0001', 'fundingTime': '1748937600000', 'instId': 'BTC-USDT-SWAP', 'instType': 'SWAP', 'method': 'current_period', 'realizedRate': '0.0001'}"
2025-06-03 08:00:00,1748937600000,0.0001,BTC/USDT:USDT,"{'formulaType': 'withRate', 'fundingRate': '0.0001', 'fundingTime': '1748937600000', 'instId': 'BTC-USDT-SWAP', 'instType': 'SWAP', 'method': 'current_period', 'realizedRate': '0.0001'}"
2025-06-03 08:00:00,1748937600000,0.0001,BTC/USDT:USDT,"{'formulaType': 'withRate', 'fundingRate': '0.0001', 'fundingTime': '1748937600000', 'instId': 'BTC-USDT-SWAP', 'instType': 'SWAP', 'method': 'current_period', 'realizedRate': '0.0001'}"
2025-06-03 08:00:00,1748937600000,0.0001,BTC/USDT:USDT,"{'formulaType': 'withRate', 'fundingRate': '0.0001', 'fundingTime': '1748937600000', 'instId': 'BTC-USDT-SWAP', 'instType': 'SWAP', 'method': 'current_period', 'realizedRate': '0.0001'}"
2025-06-03 08:00:00,1748937600000,0.0001,BTC/USDT:USDT,"{'formulaType': 'withRate', 'fundingRate': '0.0001', 'fundingTime': '1748937600000', 'instId': 'BTC-USDT-SWAP', 'instType': 'SWAP', 'method': 'current_period', 'realizedRate': '0.0001'}"
2025-06-03 08:00:00,1748937600000,0.0001,BTC/USDT:USDT,"{'formulaType': 'withRate', 'fundingRate': '0.0001', 'fundingTime': '1748937600000', 'instId': 'BTC-USDT-SWAP', 'instType': 'SWAP', 'method': 'current_period', 'realizedRate': '0.0001'}"
2025-06-03 08:00:00,1748937600000,0.0001,BTC/USDT:USDT,"{'formulaType': 'withRate', 'fundingRate': '0.0001', 'fundingTime': '1748937600000', 'instId': 'BTC-USDT-SWAP', 'instType': 'SWAP', 'method': 'current_period', 'realizedRate': '0.0001'}"
2025-06-03 08:00:00,1748937600000,0.0001,BTC/USDT:USDT,"{'formulaType': 'withRate', 'fundingRate': '0.0001', 'fundingTime': '1748937600000', 'instId': 'BTC-USDT-SWAP', 'instType': 'SWAP', 'method': 'current_period', 'realizedRate': '0.0001'}"
2025-06-03 08:00:00,1748937600000,0.0001,BTC/USDT:USDT,"{'formulaType': 'withRate', 'fundingRate': '0.0001', 'fundingTime': '1748937600000', 'instId': 'BTC-USDT-SWAP', 'instType': 'SWAP', 'method': 'current_period', 'realizedRate': '0.0001'}"
2025-06-03 08:00:00,1748937600000,0.0001,BTC/USDT:USDT,"{'formulaType': 'withRate', 'fundingRate': '0.0001', 'fundingTime': '1748937600000', 'instId': 'BTC-USDT-SWAP', 'instType': 'SWAP', 'method': 'current_period', 'realizedRate': '0.0001'}"
2025-06-03 08:00:00,1748937600000,0.0001,BTC/USDT:USDT,"{'formulaType': 'withRate', 'fundingRate': '0.0001', 'fundingTime': '1748937600000', 'instId': 'BTC-USDT-SWAP', 'instType': 'SWAP', 'method': 'current_period', 'realizedRate': '0.0001'}"
2025-06-03 08:00:00,1748937600000,0.0001,BTC/USDT:USDT,"{'formulaType': 'withRate', 'fundingRate': '0.0001', 'fundingTime': '1748937600000', 'instId': 'BTC-USDT-SWAP', 'instType': 'SWAP', 'method': 'current_period', 'realizedRate': '0.0001'}"
2025-06-03 08:00:00,1748937600000,0.0001,BTC/USDT:USDT,"{'formulaType': 'withRate', 'fundingRate': '0.0001', 'fundingTime': '1748937600000', 'instId': 'BTC-USDT-SWAP', 'instType': 'SWAP', 'method': 'current_period', 'realizedRate': '0.0001'}"
2025-06-03 08:00:00,1748937600000,0.0001,BTC/USDT:USDT,"{'formulaType': 'withRate', 'fundingRate': '0.0001', 'fundingTime': '1748937600000', 'instId': 'BTC-USDT-SWAP', 'instType': 'SWAP', 'method': 'current_period', 'realizedRate': '0.0001'}"
2025-06-03 08:00:00,1748937600000,0.0001,BTC/USDT:USDT,"{'formulaType': 'withRate', 'fundingRate': '0.0001', 'fundingTime': '1748937600000', 'instId': 'BTC-USDT-SWAP', 'instType': 'SWAP', 'method': 'current_period', 'realizedRate': '0.0001'}"
2025-06-03 08:00:00,1748937600000,0.0001,BTC/USDT:USDT,"{'formulaType': 'withRate', 'fundingRate': '0.0001', 'fundingTime': '1748937600000', 'instId': 'BTC-USDT-SWAP', 'instType': 'SWAP', 'method': 'current_period', 'realizedRate': '0.0001'}"
2025-06-03 08:00:00,1748937600000,0.0001,BTC/USDT:USDT,"{'formulaType': 'withRate', 'fundingRate': '0.0001', 'fundingTime': '1748937600000', 'instId': 'BTC-USDT-SWAP', 'instType': 'SWAP', 'method': 'current_period', 'realizedRate': '0.0001'}"
2025-06-03 08:00:00,1748937600000,0.0001,BTC/USDT:USDT,"{'formulaType': 'withRate', 'fundingRate': '0.0001', 'fundingTime': '1748937600000', 'instId': 'BTC-USDT-SWAP', 'instType': 'SWAP', 'method': 'current_period', 'realizedRate': '0.0001'}"
2025-06-03 08:00:00,1748937600000,0.0001,BTC/USDT:USDT,"{'formulaType': 'withRate', 'fundingRate': '0.0001', 'fundingTime': '1748937600000', 'instId': 'BTC-USDT-SWAP', 'instType': 'SWAP', 'method': 'current_period', 'realizedRate': '0.0001'}"
2025-06-03 08:00:00,1748937600000,0.0001,BTC/USDT:USDT,"{'formulaType': 'withRate', 'fundingRate': '0.0001', 'fundingTime': '1748937600000', 'instId': 'BTC-USDT-SWAP', 'instType': 'SWAP', 'method': 'current_period', 'realizedRate': '0.0001'}"
2025-06-03 16:00:00,1748966400000,2.49047869903e-05,BTC/USDT:USDT,"{'formulaType': 'withRate', 'fundingRate': '0.0000249047869903', 'fundingTime': '1748966400000', 'instId': 'BTC-USDT-SWAP', 'instType': 'SWAP', 'method': 'current_period', 'realizedRate': '0.0000249047869903'}"
2025-06-03 16:00:00,1748966400000,2.49047869903e-05,BTC/USDT:USDT,"{'formulaType': 'withRate', 'fundingRate': '0.0000249047869903', 'fundingTime': '1748966400000', 'instId': 'BTC-USDT-SWAP', 'instType': 'SWAP', 'method': 'current_period', 'realizedRate': '0.0000249047869903'}"
2025-06-03 16:00:00,1748966400000,2.49047869903e-05,BTC/USDT:USDT,"{'formulaType': 'withRate', 'fundingRate': '0.0000249047869903', 'fundingTime': '1748966400000', 'instId': 'BTC-USDT-SWAP', 'instType': 'SWAP', 'method': 'current_period', 'realizedRate': '0.0000249047869903'}"
2025-06-03 16:00:00,1748966400000,2.49047869903e-05,BTC/USDT:USDT,"{'formulaType': 'withRate', 'fundingRate': '0.0000249047869903', 'fundingTime': '1748966400000', 'instId': 'BTC-USDT-SWAP', 'instType': 'SWAP', 'method': 'current_period', 'realizedRate': '0.0000249047869903'}"
2025-06-03 16:00:00,1748966400000,2.49047869903e-05,BTC/USDT:USDT,"{'formulaType': 'withRate', 'fundingRate': '0.0000249047869903', 'fundingTime': '1748966400000', 'instId': 'BTC-USDT-SWAP', 'instType': 'SWAP', 'method': 'current_period', 'realizedRate': '0.0000249047869903'}"
2025-06-03 16:00:00,1748966400000,2.49047869903e-05,BTC/USDT:USDT,"{'formulaType': 'withRate', 'fundingRate': '0.0000249047869903', 'fundingTime': '1748966400000', 'instId': 'BTC-USDT-SWAP', 'instType': 'SWAP', 'method': 'current_period', 'realizedRate': '0.0000249047869903'}"
2025-06-03 16:00:00,1748966400000,2.49047869903e-05,BTC/USDT:USDT,"{'formulaType': 'withRate', 'fundingRate': '0.0000249047869903', 'fundingTime': '1748966400000', 'instId': 'BTC-USDT-SWAP', 'instType': 'SWAP', 'method': 'current_period', 'realizedRate': '0.0000249047869903'}"
2025-06-03 16:00:00,1748966400000,2.49047869903e-05,BTC/USDT:USDT,"{'formulaType': 'withRate', 'fundingRate': '0.0000249047869903', 'fundingTime': '1748966400000', 'instId': 'BTC-USDT-SWAP', 'instType': 'SWAP', 'method': 'current_period', 'realizedRate': '0.0000249047869903'}"
2025-06-03 16:00:00,1748966400000,2.49047869903e-05,BTC/USDT:USDT,"{'formulaType': 'withRate', 'fundingRate': '0.0000249047869903', 'fundingTime': '1748966400000', 'instId': 'BTC-USDT-SWAP', 'instType': 'SWAP', 'method': 'current_period', 'realizedRate': '0.0000249047869903'}"
2025-06-03 16:00:00,1748966400000,2.49047869903e-05,BTC/USDT:USDT,"{'formulaType': 'withRate', 'fundingRate': '0.0000249047869903', 'fundingTime': '1748966400000', 'instId': 'BTC-USDT-SWAP', 'instType': 'SWAP', 'method': 'current_period', 'realizedRate': '0.0000249047869903'}"
2025-06-03 16:00:00,1748966400000,2.49047869903e-05,BTC/USDT:USDT,"{'formulaType': 'withRate', 'fundingRate': '0.0000249047869903', 'fundingTime': '1748966400000', 'instId': 'BTC-USDT-SWAP', 'instType': 'SWAP', 'method': 'current_period', 'realizedRate': '0.0000249047869903'}"
2025-06-03 16:00:00,1748966400000,2.49047869903e-05,BTC/USDT:USDT,"{'formulaType': 'withRate', 'fundingRate': '0.0000249047869903', 'fundingTime': '1748966400000', 'instId': 'BTC-USDT-SWAP', 'instType': 'SWAP', 'method': 'current_period', 'realizedRate': '0.0000249047869903'}"
2025-06-03 16:00:00,1748966400000,2.49047869903e-05,BTC/USDT:USDT,"{'formulaType': 'withRate', 'fundingRate': '0.0000249047869903', 'fundingTime': '1748966400000', 'instId': 'BTC-USDT-SWAP', 'instType': 'SWAP', 'method': 'current_period', 'realizedRate': '0.0000249047869903'}"
2025-06-03 16:00:00,1748966400000,2.49047869903e-05,BTC/USDT:USDT,"{'formulaType': 'withRate', 'fundingRate': '0.0000249047869903', 'fundingTime': '1748966400000', 'instId': 'BTC-USDT-SWAP', 'instType': 'SWAP', 'method': 'current_period', 'realizedRate': '0.0000249047869903'}"
2025-06-03 16:00:00,1748966400000,2.49047869903e-05,BTC/USDT:USDT,"{'formulaType': 'withRate', 'fundingRate': '0.0000249047869903', 'fundingTime': '1748966400000', 'instId': 'BTC-USDT-SWAP', 'instType': 'SWAP', 'method': 'current_period', 'realizedRate': '0.0000249047869903'}"
2025-06-03 16:00:00,1748966400000,2.49047869903e-05,BTC/USDT:USDT,"{'formulaType': 'withRate', 'fundingRate': '0.0000249047869903', 'fundingTime': '1748966400000', 'instId': 'BTC-USDT-SWAP', 'instType': 'SWAP', 'method': 'current_period', 'realizedRate': '0.0000249047869903'}"
2025-06-03 16:00:00,1748966400000,2.49047869903e-05,BTC/USDT:USDT,"{'formulaType': 'withRate', 'fundingRate': '0.0000249047869903', 'fundingTime': '1748966400000', 'instId': 'BTC-USDT-SWAP', 'instType': 'SWAP', 'method': 'current_period', 'realizedRate': '0.0000249047869903'}"
2025-06-03 16:00:00,1748966400000,2.49047869903e-05,BTC/USDT:USDT,"{'formulaType': 'withRate', 'fundingRate': '0.0000249047869903', 'fundingTime': '1748966400000', 'instId': 'BTC-USDT-SWAP', 'instType': 'SWAP', 'method': 'current_period', 'realizedRate': '0.0000249047869903'}"
2025-06-03 16:00:00,1748966400000,2.49047869903e-05,BTC/USDT:USDT,"{'formulaType': 'withRate', 'fundingRate': '0.0000249047869903', 'fundingTime': '1748966400000', 'instId': 'BTC-USDT-SWAP', 'instType': 'SWAP', 'method': 'current_period', 'realizedRate': '0.0000249047869903'}"
2025-06-03 16:00:00,1748966400000,2.49047869903e-05,BTC/USDT:USDT,"{'formulaType': 'withRate', 'fundingRate': '0.0000249047869903', 'fundingTime': '1748966400000', 'instId': 'BTC-USDT-SWAP', 'instType': 'SWAP', 'method': 'current_period', 'realizedRate': '0.0000249047869903'}"
2025-06-03 16:00:00,1748966400000,2.49047869903e-05,BTC/USDT:USDT,"{'formulaType': 'withRate', 'fundingRate': '0.0000249047869903', 'fundingTime': '1748966400000', 'instId': 'BTC-USDT-SWAP', 'instType': 'SWAP', 'method': 'current_period', 'realizedRate': '0.0000249047869903'}"
2025-06-03 16:00:00,1748966400000,2.49047869903e-05,BTC/USDT:USDT,"{'formulaType': 'withRate', 'fundingRate': '0.0000249047869903', 'fundingTime': '1748966400000', 'instId': 'BTC-USDT-SWAP', 'instType': 'SWAP', 'method': 'current_period', 'realizedRate': '0.0000249047869903'}"
2025-06-03 16:00:00,1748966400000,2.49047869903e-05,BTC/USDT:USDT,"{'formulaType': 'withRate', 'fundingRate': '0.0000249047869903', 'fundingTime': '1748966400000', 'instId': 'BTC-USDT-SWAP', 'instType': 'SWAP', 'method': 'current_period', 'realizedRate': '0.0000249047869903'}"
2025-06-03 16:00:00,1748966400000,2.49047869903e-05,BTC/USDT:USDT,"{'formulaType': 'withRate', 'fundingRate': '0.0000249047869903', 'fundingTime': '1748966400000', 'instId': 'BTC-USDT-SWAP', 'instType': 'SWAP', 'method': 'current_period', 'realizedRate': '0.0000249047869903'}"
2025-06-03 16:00:00,1748966400000,2.49047869903e-05,BTC/USDT:USDT,"{'formulaType': 'withRate', 'fundingRate': '0.0000249047869903', 'fundingTime': '1748966400000', 'instId': 'BTC-USDT-SWAP', 'instType': 'SWAP', 'method': 'current_period', 'realizedRate': '0.0000249047869903'}"
2025-06-03 16:00:00,1748966400000,2.49047869903e-05,BTC/USDT:USDT,"{'formulaType': 'withRate', 'fundingRate': '0.0000249047869903', 'fundingTime': '1748966400000', 'instId': 'BTC-USDT-SWAP', 'instType': 'SWAP', 'method': 'current_period', 'realizedRate': '0.0000249047869903'}"
2025-06-03 16:00:00,1748966400000,2.49047869903e-05,BTC/USDT:USDT,"{'formulaType': 'withRate', 'fundingRate': '0.0000249047869903', 'fundingTime': '1748966400000', 'instId': 'BTC-USDT-SWAP', 'instType': 'SWAP', 'method': 'current_period', 'realizedRate': '0.0000249047869903'}"
2025-06-03 16:00:00,1748966400000,2.49047869903e-05,BTC/USDT:USDT,"{'formulaType': 'withRate', 'fundingRate': '0.0000249047869903', 'fundingTime': '1748966400000', 'instId': 'BTC-USDT-SWAP', 'instType': 'SWAP', 'method': 'current_period', 'realizedRate': '0.0000249047869903'}"
2025-06-03 16:00:00,1748966400000,2.49047869903e-05,BTC/USDT:USDT,"{'formulaType': 'withRate', 'fundingRate': '0.0000249047869903', 'fundingTime': '1748966400000', 'instId': 'BTC-USDT-SWAP', 'instType': 'SWAP', 'method': 'current_period', 'realizedRate': '0.0000249047869903'}"
2025-06-03 16:00:00,1748966400000,2.49047869903e-05,BTC/USDT:USDT,"{'formulaType': 'withRate', 'fundingRate': '0.0000249047869903', 'fundingTime': '1748966400000', 'instId': 'BTC-USDT-SWAP', 'instType': 'SWAP', 'method': 'current_period', 'realizedRate': '0.0000249047869903'}"
2025-06-03 16:00:00,1748966400000,2.49047869903e-05,BTC/USDT:USDT,"{'formulaType': 'withRate', 'fundingRate': '0.0000249047869903', 'fundingTime': '1748966400000', 'instId': 'BTC-USDT-SWAP', 'instType': 'SWAP', 'method': 'current_period', 'realizedRate': '0.0000249047869903'}"
2025-06-03 16:00:00,1748966400000,2.49047869903e-05,BTC/USDT:USDT,"{'formulaType': 'withRate', 'fundingRate': '0.0000249047869903', 'fundingTime': '1748966400000', 'instId': 'BTC-USDT-SWAP', 'instType': 'SWAP', 'method': 'current_period', 'realizedRate': '0.0000249047869903'}"
2025-06-03 16:00:00,1748966400000,2.49047869903e-05,BTC/USDT:USDT,"{'formulaType': 'withRate', 'fundingRate': '0.0000249047869903', 'fundingTime': '1748966400000', 'instId': 'BTC-USDT-SWAP', 'instType': 'SWAP', 'method': 'current_period', 'realizedRate': '0.0000249047869903'}"
2025-06-03 16:00:00,1748966400000,2.49047869903e-05,BTC/USDT:USDT,"{'formulaType': 'withRate', 'fundingRate': '0.0000249047869903', 'fundingTime': '1748966400000', 'instId': 'BTC-USDT-SWAP', 'instType': 'SWAP', 'method': 'current_period', 'realizedRate': '0.0000249047869903'}"
2025-06-03 16:00:00,1748966400000,2.49047869903e-05,BTC/USDT:USDT,"{'formulaType': 'withRate', 'fundingRate': '0.0000249047869903', 'fundingTime': '1748966400000', 'instId': 'BTC-USDT-SWAP', 'instType': 'SWAP', 'method': 'current_period', 'realizedRate': '0.0000249047869903'}"
2025-06-03 16:00:00,1748966400000,2.49047869903e-05,BTC/USDT:USDT,"{'formulaType': 'withRate', 'fundingRate': '0.0000249047869903', 'fundingTime': '1748966400000', 'instId': 'BTC-USDT-SWAP', 'instType': 'SWAP', 'method': 'current_period', 'realizedRate': '0.0000249047869903'}"
2025-06-03 16:00:00,1748966400000,2.49047869903e-05,BTC/USDT:USDT,"{'formulaType': 'withRate', 'fundingRate': '0.0000249047869903', 'fundingTime': '1748966400000', 'instId': 'BTC-USDT-SWAP', 'instType': 'SWAP', 'method': 'current_period', 'realizedRate': '0.0000249047869903'}"
2025-06-04 00:00:00,1748995200000,5.084481378e-07,BTC/USDT:USDT,"{'formulaType': 'withRate', 'fundingRate': '0.0000005084481378', 'fundingTime': '1748995200000', 'instId': 'BTC-USDT-SWAP', 'instType': 'SWAP', 'method': 'current_period', 'realizedRate': '0.0000005084481378'}"
2025-06-04 00:00:00,1748995200000,5.084481378e-07,BTC/USDT:USDT,"{'formulaType': 'withRate', 'fundingRate': '0.0000005084481378', 'fundingTime': '1748995200000', 'instId': 'BTC-USDT-SWAP', 'instType': 'SWAP', 'method': 'current_period', 'realizedRate': '0.0000005084481378'}"
2025-06-04 00:00:00,1748995200000,5.084481378e-07,BTC/USDT:USDT,"{'formulaType': 'withRate', 'fundingRate': '0.0000005084481378', 'fundingTime': '1748995200000', 'instId': 'BTC-USDT-SWAP', 'instType': 'SWAP', 'method': 'current_period', 'realizedRate': '0.0000005084481378'}"
2025-06-04 00:00:00,1748995200000,5.084481378e-07,BTC/USDT:USDT,"{'formulaType': 'withRate', 'fundingRate': '0.0000005084481378', 'fundingTime': '1748995200000', 'instId': 'BTC-USDT-SWAP', 'instType': 'SWAP', 'method': 'current_period', 'realizedRate': '0.0000005084481378'}"
2025-06-04 00:00:00,1748995200000,5.084481378e-07,BTC/USDT:USDT,"{'formulaType': 'withRate', 'fundingRate': '0.0000005084481378', 'fundingTime': '1748995200000', 'instId': 'BTC-USDT-SWAP', 'instType': 'SWAP', 'method': 'current_period', 'realizedRate': '0.0000005084481378'}"
2025-06-04 00:00:00,1748995200000,5.084481378e-07,BTC/USDT:USDT,"{'formulaType': 'withRate', 'fundingRate': '0.0000005084481378', 'fundingTime': '1748995200000', 'instId': 'BTC-USDT-SWAP', 'instType': 'SWAP', 'method': 'current_period', 'realizedRate': '0.0000005084481378'}"
2025-06-04 00:00:00,1748995200000,5.084481378e-07,BTC/USDT:USDT,"{'formulaType': 'withRate', 'fundingRate': '0.0000005084481378', 'fundingTime': '1748995200000', 'instId': 'BTC-USDT-SWAP', 'instType': 'SWAP', 'method': 'current_period', 'realizedRate': '0.0000005084481378'}"
2025-06-04 00:00:00,1748995200000,5.084481378e-07,BTC/USDT:USDT,"{'formulaType': 'withRate', 'fundingRate': '0.0000005084481378', 'fundingTime': '1748995200000', 'instId': 'BTC-USDT-SWAP', 'instType': 'SWAP', 'method': 'current_period', 'realizedRate': '0.0000005084481378'}"
2025-06-04 00:00:00,1748995200000,5.084481378e-07,BTC/USDT:USDT,"{'formulaType': 'withRate', 'fundingRate': '0.0000005084481378', 'fundingTime': '1748995200000', 'instId': 'BTC-USDT-SWAP', 'instType': 'SWAP', 'method': 'current_period', 'realizedRate': '0.0000005084481378'}"
2025-06-04 00:00:00,1748995200000,5.084481378e-07,BTC/USDT:USDT,"{'formulaType': 'withRate', 'fundingRate': '0.0000005084481378', 'fundingTime': '1748995200000', 'instId': 'BTC-USDT-SWAP', 'instType': 'SWAP', 'method': 'current_period', 'realizedRate': '0.0000005084481378'}"
2025-06-04 00:00:00,1748995200000,5.084481378e-07,BTC/USDT:USDT,"{'formulaType': 'withRate', 'fundingRate': '0.0000005084481378', 'fundingTime': '1748995200000', 'instId': 'BTC-USDT-SWAP', 'instType': 'SWAP', 'method': 'current_period', 'realizedRate': '0.0000005084481378'}"
2025-06-04 00:00:00,1748995200000,5.084481378e-07,BTC/USDT:USDT,"{'formulaType': 'withRate', 'fundingRate': '0.0000005084481378', 'fundingTime': '1748995200000', 'instId': 'BTC-USDT-SWAP', 'instType': 'SWAP', 'method': 'current_period', 'realizedRate': '0.0000005084481378'}"
2025-06-04 00:00:00,1748995200000,5.084481378e-07,BTC/USDT:USDT,"{'formulaType': 'withRate', 'fundingRate': '0.0000005084481378', 'fundingTime': '1748995200000', 'instId': 'BTC-USDT-SWAP', 'instType': 'SWAP', 'method': 'current_period', 'realizedRate': '0.0000005084481378'}"
2025-06-04 00:00:00,1748995200000,5.084481378e-07,BTC/USDT:USDT,"{'formulaType': 'withRate', 'fundingRate': '0.0000005084481378', 'fundingTime': '1748995200000', 'instId': 'BTC-USDT-SWAP', 'instType': 'SWAP', 'method': 'current_period', 'realizedRate': '0.0000005084481378'}"
2025-06-04 00:00:00,1748995200000,5.084481378e-07,BTC/USDT:USDT,"{'formulaType': 'withRate', 'fundingRate': '0.0000005084481378', 'fundingTime': '1748995200000', 'instId': 'BTC-USDT-SWAP', 'instType': 'SWAP', 'method': 'current_period', 'realizedRate': '0.0000005084481378'}"
2025-06-04 00:00:00,1748995200000,5.084481378e-07,BTC/USDT:USDT,"{'formulaType': 'withRate', 'fundingRate': '0.0000005084481378', 'fundingTime': '1748995200000', 'instId': 'BTC-USDT-SWAP', 'instType': 'SWAP', 'method': 'current_period', 'realizedRate': '0.0000005084481378'}"
2025-06-04 00:00:00,1748995200000,5.084481378e-07,BTC/USDT:USDT,"{'formulaType': 'withRate', 'fundingRate': '0.0000005084481378', 'fundingTime': '1748995200000', 'instId': 'BTC-USDT-SWAP', 'instType': 'SWAP', 'method': 'current_period', 'realizedRate': '0.0000005084481378'}"
2025-06-04 00:00:00,1748995200000,5.084481378e-07,BTC/USDT:USDT,"{'formulaType': 'withRate', 'fundingRate': '0.0000005084481378', 'fundingTime': '1748995200000', 'instId': 'BTC-USDT-SWAP', 'instType': 'SWAP', 'method': 'current_period', 'realizedRate': '0.0000005084481378'}"
2025-06-04 00:00:00,1748995200000,5.084481378e-07,BTC/USDT:USDT,"{'formulaType': 'withRate', 'fundingRate': '0.0000005084481378', 'fundingTime': '1748995200000', 'instId': 'BTC-USDT-SWAP', 'instType': 'SWAP', 'method': 'current_period', 'realizedRate': '0.0000005084481378'}"
2025-06-04 00:00:00,1748995200000,5.084481378e-07,BTC/USDT:USDT,"{'formulaType': 'withRate', 'fundingRate': '0.0000005084481378', 'fundingTime': '1748995200000', 'instId': 'BTC-USDT-SWAP', 'instType': 'SWAP', 'method': 'current_period', 'realizedRate': '0.0000005084481378'}"
2025-06-04 00:00:00,1748995200000,5.084481378e-07,BTC/USDT:USDT,"{'formulaType': 'withRate', 'fundingRate': '0.0000005084481378', 'fundingTime': '1748995200000', 'instId': 'BTC-USDT-SWAP', 'instType': 'SWAP', 'method': 'current_period', 'realizedRate': '0.0000005084481378'}"
2025-06-04 00:00:00,1748995200000,5.084481378e-07,BTC/USDT:USDT,"{'formulaType': 'withRate', 'fundingRate': '0.0000005084481378', 'fundingTime': '1748995200000', 'instId': 'BTC-USDT-SWAP', 'instType': 'SWAP', 'method': 'current_period', 'realizedRate': '0.0000005084481378'}"
2025-06-04 00:00:00,1748995200000,5.084481378e-07,BTC/USDT:USDT,"{'formulaType': 'withRate', 'fundingRate': '0.0000005084481378', 'fundingTime': '1748995200000', 'instId': 'BTC-USDT-SWAP', 'instType': 'SWAP', 'method': 'current_period', 'realizedRate': '0.0000005084481378'}"
2025-06-04 00:00:00,1748995200000,5.084481378e-07,BTC/USDT:USDT,"{'formulaType': 'withRate', 'fundingRate': '0.0000005084481378', 'fundingTime': '1748995200000', 'instId': 'BTC-USDT-SWAP', 'instType': 'SWAP', 'method': 'current_period', 'realizedRate': '0.0000005084481378'}"
2025-06-04 00:00:00,1748995200000,5.084481378e-07,BTC/USDT:USDT,"{'formulaType': 'withRate', 'fundingRate': '0.0000005084481378', 'fundingTime': '1748995200000', 'instId': 'BTC-USDT-SWAP', 'instType': 'SWAP', 'method': 'current_period', 'realizedRate': '0.0000005084481378'}"
2025-06-04 00:00:00,1748995200000,5.084481378e-07,BTC/USDT:USDT,"{'formulaType': 'withRate', 'fundingRate': '0.0000005084481378', 'fundingTime': '1748995200000', 'instId': 'BTC-USDT-SWAP', 'instType': 'SWAP', 'method': 'current_period', 'realizedRate': '0.0000005084481378'}"
2025-06-04 00:00:00,1748995200000,5.084481378e-07,BTC/USDT:USDT,"{'formulaType': 'withRate', 'fundingRate': '0.0000005084481378', 'fundingTime': '1748995200000', 'instId': 'BTC-USDT-SWAP', 'instType': 'SWAP', 'method': 'current_period', 'realizedRate': '0.0000005084481378'}"
2025-06-04 00:00:00,1748995200000,5.084481378e-07,BTC/USDT:USDT,"{'formulaType': 'withRate', 'fundingRate': '0.0000005084481378', 'fundingTime': '1748995200000', 'instId': 'BTC-USDT-SWAP', 'instType': 'SWAP', 'method': 'current_period', 'realizedRate': '0.0000005084481378'}"
2025-06-04 00:00:00,1748995200000,5.084481378e-07,BTC/USDT:USDT,"{'formulaType': 'withRate', 'fundingRate': '0.0000005084481378', 'fundingTime': '1748995200000', 'instId': 'BTC-USDT-SWAP', 'instType': 'SWAP', 'method': 'current_period', 'realizedRate': '0.0000005084481378'}"
2025-06-04 00:00:00,1748995200000,5.084481378e-07,BTC/USDT:USDT,"{'formulaType': 'withRate', 'fundingRate': '0.0000005084481378', 'fundingTime': '1748995200000', 'instId': 'BTC-USDT-SWAP', 'instType': 'SWAP', 'method': 'current_period', 'realizedRate': '0.0000005084481378'}"
2025-06-04 00:00:00,1748995200000,5.084481378e-07,BTC/USDT:USDT,"{'formulaType': 'withRate', 'fundingRate': '0.0000005084481378', 'fundingTime': '1748995200000', 'instId': 'BTC-USDT-SWAP', 'instType': 'SWAP', 'method': 'current_period', 'realizedRate': '0.0000005084481378'}"
2025-06-04 00:00:00,1748995200000,5.084481378e-07,BTC/USDT:USDT,"{'formulaType': 'withRate', 'fundingRate': '0.0000005084481378', 'fundingTime': '1748995200000', 'instId': 'BTC-USDT-SWAP', 'instType': 'SWAP', 'method': 'current_period', 'realizedRate': '0.0000005084481378'}"
2025-06-04 00:00:00,1748995200000,5.084481378e-07,BTC/USDT:USDT,"{'formulaType': 'withRate', 'fundingRate': '0.0000005084481378', 'fundingTime': '1748995200000', 'instId': 'BTC-USDT-SWAP', 'instType': 'SWAP', 'method': 'current_period', 'realizedRate': '0.0000005084481378'}"
2025-06-04 00:00:00,1748995200000,5.084481378e-07,BTC/USDT:USDT,"{'formulaType': 'withRate', 'fundingRate': '0.0000005084481378', 'fundingTime': '1748995200000', 'instId': 'BTC-USDT-SWAP', 'instType': 'SWAP', 'method': 'current_period', 'realizedRate': '0.0000005084481378'}"
2025-06-04 00:00:00,1748995200000,5.084481378e-07,BTC/USDT:USDT,"{'formulaType': 'withRate', 'fundingRate': '0.0000005084481378', 'fundingTime': '1748995200000', 'instId': 'BTC-USDT-SWAP', 'instType': 'SWAP', 'method': 'current_period', 'realizedRate': '0.0000005084481378'}"
2025-06-04 00:00:00,1748995200000,5.084481378e-07,BTC/USDT:USDT,"{'formulaType': 'withRate', 'fundingRate': '0.0000005084481378', 'fundingTime': '1748995200000', 'instId': 'BTC-USDT-SWAP', 'instType': 'SWAP', 'method': 'current_period', 'realizedRate': '0.0000005084481378'}"
2025-06-04 00:00:00,1748995200000,5.084481378e-07,BTC/USDT:USDT,"{'formulaType': 'withRate', 'fundingRate': '0.0000005084481378', 'fundingTime': '1748995200000', 'instId': 'BTC-USDT-SWAP', 'instType': 'SWAP', 'method': 'current_period', 'realizedRate': '0.0000005084481378'}"
2025-06-04 08:00:00,1749024000000,0.0001,BTC/USDT:USDT,"{'formulaType': 'withRate', 'fundingRate': '0.0001', 'fundingTime': '1749024000000', 'instId': 'BTC-USDT-SWAP', 'instType': 'SWAP', 'method': 'current_period', 'realizedRate': '0.0001'}"
2025-06-04 08:00:00,1749024000000,0.0001,BTC/USDT:USDT,"{'formulaType': 'withRate', 'fundingRate': '0.0001', 'fundingTime': '1749024000000', 'instId': 'BTC-USDT-SWAP', 'instType': 'SWAP', 'method': 'current_period', 'realizedRate': '0.0001'}"
2025-06-04 08:00:00,1749024000000,0.0001,BTC/USDT:USDT,"{'formulaType': 'withRate', 'fundingRate': '0.0001', 'fundingTime': '1749024000000', 'instId': 'BTC-USDT-SWAP', 'instType': 'SWAP', 'method': 'current_period', 'realizedRate': '0.0001'}"
2025-06-04 08:00:00,1749024000000,0.0001,BTC/USDT:USDT,"{'formulaType': 'withRate', 'fundingRate': '0.0001', 'fundingTime': '1749024000000', 'instId': 'BTC-USDT-SWAP', 'instType': 'SWAP', 'method': 'current_period', 'realizedRate': '0.0001'}"
2025-06-04 08:00:00,1749024000000,0.0001,BTC/USDT:USDT,"{'formulaType': 'withRate', 'fundingRate': '0.0001', 'fundingTime': '1749024000000', 'instId': 'BTC-USDT-SWAP', 'instType': 'SWAP', 'method': 'current_period', 'realizedRate': '0.0001'}"
2025-06-04 08:00:00,1749024000000,0.0001,BTC/USDT:USDT,"{'formulaType': 'withRate', 'fundingRate': '0.0001', 'fundingTime': '1749024000000', 'instId': 'BTC-USDT-SWAP', 'instType': 'SWAP', 'method': 'current_period', 'realizedRate': '0.0001'}"
2025-06-04 08:00:00,1749024000000,0.0001,BTC/USDT:USDT,"{'formulaType': 'withRate', 'fundingRate': '0.0001', 'fundingTime': '1749024000000', 'instId': 'BTC-USDT-SWAP', 'instType': 'SWAP', 'method': 'current_period', 'realizedRate': '0.0001'}"
2025-06-04 08:00:00,1749024000000,0.0001,BTC/USDT:USDT,"{'formulaType': 'withRate', 'fundingRate': '0.0001', 'fundingTime': '1749024000000', 'instId': 'BTC-USDT-SWAP', 'instType': 'SWAP', 'method': 'current_period', 'realizedRate': '0.0001'}"
2025-06-04 08:00:00,1749024000000,0.0001,BTC/USDT:USDT,"{'formulaType': 'withRate', 'fundingRate': '0.0001', 'fundingTime': '1749024000000', 'instId': 'BTC-USDT-SWAP', 'instType': 'SWAP', 'method': 'current_period', 'realizedRate': '0.0001'}"
2025-06-04 08:00:00,1749024000000,0.0001,BTC/USDT:USDT,"{'formulaType': 'withRate', 'fundingRate': '0.0001', 'fundingTime': '1749024000000', 'instId': 'BTC-USDT-SWAP', 'instType': 'SWAP', 'method': 'current_period', 'realizedRate': '0.0001'}"
2025-06-04 08:00:00,1749024000000,0.0001,BTC/USDT:USDT,"{'formulaType': 'withRate', 'fundingRate': '0.0001', 'fundingTime': '1749024000000', 'instId': 'BTC-USDT-SWAP', 'instType': 'SWAP', 'method': 'current_period', 'realizedRate': '0.0001'}"
2025-06-04 08:00:00,1749024000000,0.0001,BTC/USDT:USDT,"{'formulaType': 'withRate', 'fundingRate': '0.0001', 'fundingTime': '1749024000000', 'instId': 'BTC-USDT-SWAP', 'instType': 'SWAP', 'method': 'current_period', 'realizedRate': '0.0001'}"
2025-06-04 08:00:00,1749024000000,0.0001,BTC/USDT:USDT,"{'formulaType': 'withRate', 'fundingRate': '0.0001', 'fundingTime': '1749024000000', 'instId': 'BTC-USDT-SWAP', 'instType': 'SWAP', 'method': 'current_period', 'realizedRate': '0.0001'}"
2025-06-04 08:00:00,1749024000000,0.0001,BTC/USDT:USDT,"{'formulaType': 'withRate', 'fundingRate': '0.0001', 'fundingTime': '1749024000000', 'instId': 'BTC-USDT-SWAP', 'instType': 'SWAP', 'method': 'current_period', 'realizedRate': '0.0001'}"
2025-06-04 08:00:00,1749024000000,0.0001,BTC/USDT:USDT,"{'formulaType': 'withRate', 'fundingRate': '0.0001', 'fundingTime': '1749024000000', 'instId': 'BTC-USDT-SWAP', 'instType': 'SWAP', 'method': 'current_period', 'realizedRate': '0.0001'}"
2025-06-04 08:00:00,1749024000000,0.0001,BTC/USDT:USDT,"{'formulaType': 'withRate', 'fundingRate': '0.0001', 'fundingTime': '1749024000000', 'instId': 'BTC-USDT-SWAP', 'instType': 'SWAP', 'method': 'current_period', 'realizedRate': '0.0001'}"
2025-06-04 08:00:00,1749024000000,0.0001,BTC/USDT:USDT,"{'formulaType': 'withRate', 'fundingRate': '0.0001', 'fundingTime': '1749024000000', 'instId': 'BTC-USDT-SWAP', 'instType': 'SWAP', 'method': 'current_period', 'realizedRate': '0.0001'}"
2025-06-04 08:00:00,1749024000000,0.0001,BTC/USDT:USDT,"{'formulaType': 'withRate', 'fundingRate': '0.0001', 'fundingTime': '1749024000000', 'instId': 'BTC-USDT-SWAP', 'instType': 'SWAP', 'method': 'current_period', 'realizedRate': '0.0001'}"
2025-06-04 08:00:00,1749024000000,0.0001,BTC/USDT:USDT,"{'formulaType': 'withRate', 'fundingRate': '0.0001', 'fundingTime': '1749024000000', 'instId': 'BTC-USDT-SWAP', 'instType': 'SWAP', 'method': 'current_period', 'realizedRate': '0.0001'}"
2025-06-04 08:00:00,1749024000000,0.0001,BTC/USDT:USDT,"{'formulaType': 'withRate', 'fundingRate': '0.0001', 'fundingTime': '1749024000000', 'instId': 'BTC-USDT-SWAP', 'instType': 'SWAP', 'method': 'current_period', 'realizedRate': '0.0001'}"
2025-06-04 08:00:00,1749024000000,0.0001,BTC/USDT:USDT,"{'formulaType': 'withRate', 'fundingRate': '0.0001', 'fundingTime': '1749024000000', 'instId': 'BTC-USDT-SWAP', 'instType': 'SWAP', 'method': 'current_period', 'realizedRate': '0.0001'}"
2025-06-04 08:00:00,1749024000000,0.0001,BTC/USDT:USDT,"{'formulaType': 'withRate', 'fundingRate': '0.0001', 'fundingTime': '1749024000000', 'instId': 'BTC-USDT-SWAP', 'instType': 'SWAP', 'method': 'current_period', 'realizedRate': '0.0001'}"
2025-06-04 08:00:00,1749024000000,0.0001,BTC/USDT:USDT,"{'formulaType': 'withRate', 'fundingRate': '0.0001', 'fundingTime': '1749024000000', 'instId': 'BTC-USDT-SWAP', 'instType': 'SWAP', 'method': 'current_period', 'realizedRate': '0.0001'}"
2025-06-04 08:00:00,1749024000000,0.0001,BTC/USDT:USDT,"{'formulaType': 'withRate', 'fundingRate': '0.0001', 'fundingTime': '1749024000000', 'instId': 'BTC-USDT-SWAP', 'instType': 'SWAP', 'method': 'current_period', 'realizedRate': '0.0001'}"
2025-06-04 08:00:00,1749024000000,0.0001,BTC/USDT:USDT,"{'formulaType': 'withRate', 'fundingRate': '0.0001', 'fundingTime': '1749024000000', 'instId': 'BTC-USDT-SWAP', 'instType': 'SWAP', 'method': 'current_period', 'realizedRate': '0.0001'}"
2025-06-04 08:00:00,1749024000000,0.0001,BTC/USDT:USDT,"{'formulaType': 'withRate', 'fundingRate': '0.0001', 'fundingTime': '1749024000000', 'instId': 'BTC-USDT-SWAP', 'instType': 'SWAP', 'method': 'current_period', 'realizedRate': '0.0001'}"
2025-06-04 08:00:00,1749024000000,0.0001,BTC/USDT:USDT,"{'formulaType': 'withRate', 'fundingRate': '0.0001', 'fundingTime': '1749024000000', 'instId': 'BTC-USDT-SWAP', 'instType': 'SWAP', 'method': 'current_period', 'realizedRate': '0.0001'}"
2025-06-04 08:00:00,1749024000000,0.0001,BTC/USDT:USDT,"{'formulaType': 'withRate', 'fundingRate': '0.0001', 'fundingTime': '1749024000000', 'instId': 'BTC-USDT-SWAP', 'instType': 'SWAP', 'method': 'current_period', 'realizedRate': '0.0001'}"
2025-06-04 08:00:00,1749024000000,0.0001,BTC/USDT:USDT,"{'formulaType': 'withRate', 'fundingRate': '0.0001', 'fundingTime': '1749024000000', 'instId': 'BTC-USDT-SWAP', 'instType': 'SWAP', 'method': 'current_period', 'realizedRate': '0.0001'}"
2025-06-04 08:00:00,1749024000000,0.0001,BTC/USDT:USDT,"{'formulaType': 'withRate', 'fundingRate': '0.0001', 'fundingTime': '1749024000000', 'instId': 'BTC-USDT-SWAP', 'instType': 'SWAP', 'method': 'current_period', 'realizedRate': '0.0001'}"
2025-06-04 08:00:00,1749024000000,0.0001,BTC/USDT:USDT,"{'formulaType': 'withRate', 'fundingRate': '0.0001', 'fundingTime': '1749024000000', 'instId': 'BTC-USDT-SWAP', 'instType': 'SWAP', 'method': 'current_period', 'realizedRate': '0.0001'}"
2025-06-04 08:00:00,1749024000000,0.0001,BTC/USDT:USDT,"{'formulaType': 'withRate', 'fundingRate': '0.0001', 'fundingTime': '1749024000000', 'instId': 'BTC-USDT-SWAP', 'instType': 'SWAP', 'method': 'current_period', 'realizedRate': '0.0001'}"
2025-06-04 08:00:00,1749024000000,0.0001,BTC/USDT:USDT,"{'formulaType': 'withRate', 'fundingRate': '0.0001', 'fundingTime': '1749024000000', 'instId': 'BTC-USDT-SWAP', 'instType': 'SWAP', 'method': 'current_period', 'realizedRate': '0.0001'}"
2025-06-04 08:00:00,1749024000000,0.0001,BTC/USDT:USDT,"{'formulaType': 'withRate', 'fundingRate': '0.0001', 'fundingTime': '1749024000000', 'instId': 'BTC-USDT-SWAP', 'instType': 'SWAP', 'method': 'current_period', 'realizedRate': '0.0001'}"
2025-06-04 08:00:00,1749024000000,0.0001,BTC/USDT:USDT,"{'formulaType': 'withRate', 'fundingRate': '0.0001', 'fundingTime': '1749024000000', 'instId': 'BTC-USDT-SWAP', 'instType': 'SWAP', 'method': 'current_period', 'realizedRate': '0.0001'}"
2025-06-04 08:00:00,1749024000000,0.0001,BTC/USDT:USDT,"{'formulaType': 'withRate', 'fundingRate': '0.0001', 'fundingTime': '1749024000000', 'instId': 'BTC-USDT-SWAP', 'instType': 'SWAP', 'method': 'current_period', 'realizedRate': '0.0001'}"
2025-06-04 08:00:00,1749024000000,0.0001,BTC/USDT:USDT,"{'formulaType': 'withRate', 'fundingRate': '0.0001', 'fundingTime': '1749024000000', 'instId': 'BTC-USDT-SWAP', 'instType': 'SWAP', 'method': 'current_period', 'realizedRate': '0.0001'}"
2025-06-04 16:00:00,1749052800000,4.58317031727e-05,BTC/USDT:USDT,"{'formulaType': 'withRate', 'fundingRate': '0.0000458317031727', 'fundingTime': '1749052800000', 'instId': 'BTC-USDT-SWAP', 'instType': 'SWAP', 'method': 'current_period', 'realizedRate': '0.0000458317031727'}"
2025-06-04 16:00:00,1749052800000,4.58317031727e-05,BTC/USDT:USDT,"{'formulaType': 'withRate', 'fundingRate': '0.0000458317031727', 'fundingTime': '1749052800000', 'instId': 'BTC-USDT-SWAP', 'instType': 'SWAP', 'method': 'current_period', 'realizedRate': '0.0000458317031727'}"
2025-06-04 16:00:00,1749052800000,4.58317031727e-05,BTC/USDT:USDT,"{'formulaType': 'withRate', 'fundingRate': '0.0000458317031727', 'fundingTime': '1749052800000', 'instId': 'BTC-USDT-SWAP', 'instType': 'SWAP', 'method': 'current_period', 'realizedRate': '0.0000458317031727'}"
2025-06-04 16:00:00,1749052800000,4.58317031727e-05,BTC/USDT:USDT,"{'formulaType': 'withRate', 'fundingRate': '0.0000458317031727', 'fundingTime': '1749052800000', 'instId': 'BTC-USDT-SWAP', 'instType': 'SWAP', 'method': 'current_period', 'realizedRate': '0.0000458317031727'}"
2025-06-04 16:00:00,1749052800000,4.58317031727e-05,BTC/USDT:USDT,"{'formulaType': 'withRate', 'fundingRate': '0.0000458317031727', 'fundingTime': '1749052800000', 'instId': 'BTC-USDT-SWAP', 'instType': 'SWAP', 'method': 'current_period', 'realizedRate': '0.0000458317031727'}"
2025-06-04 16:00:00,1749052800000,4.58317031727e-05,BTC/USDT:USDT,"{'formulaType': 'withRate', 'fundingRate': '0.0000458317031727', 'fundingTime': '1749052800000', 'instId': 'BTC-USDT-SWAP', 'instType': 'SWAP', 'method': 'current_period', 'realizedRate': '0.0000458317031727'}"
2025-06-04 16:00:00,1749052800000,4.58317031727e-05,BTC/USDT:USDT,"{'formulaType': 'withRate', 'fundingRate': '0.0000458317031727', 'fundingTime': '1749052800000', 'instId': 'BTC-USDT-SWAP', 'instType': 'SWAP', 'method': 'current_period', 'realizedRate': '0.0000458317031727'}"
2025-06-04 16:00:00,1749052800000,4.58317031727e-05,BTC/USDT:USDT,"{'formulaType': 'withRate', 'fundingRate': '0.0000458317031727', 'fundingTime': '1749052800000', 'instId': 'BTC-USDT-SWAP', 'instType': 'SWAP', 'method': 'current_period', 'realizedRate': '0.0000458317031727'}"
2025-06-04 16:00:00,1749052800000,4.58317031727e-05,BTC/USDT:USDT,"{'formulaType': 'withRate', 'fundingRate': '0.0000458317031727', 'fundingTime': '1749052800000', 'instId': 'BTC-USDT-SWAP', 'instType': 'SWAP', 'method': 'current_period', 'realizedRate': '0.0000458317031727'}"
2025-06-04 16:00:00,1749052800000,4.58317031727e-05,BTC/USDT:USDT,"{'formulaType': 'withRate', 'fundingRate': '0.0000458317031727', 'fundingTime': '1749052800000', 'instId': 'BTC-USDT-SWAP', 'instType': 'SWAP', 'method': 'current_period', 'realizedRate': '0.0000458317031727'}"
2025-06-04 16:00:00,1749052800000,4.58317031727e-05,BTC/USDT:USDT,"{'formulaType': 'withRate', 'fundingRate': '0.0000458317031727', 'fundingTime': '1749052800000', 'instId': 'BTC-USDT-SWAP', 'instType': 'SWAP', 'method': 'current_period', 'realizedRate': '0.0000458317031727'}"
2025-06-04 16:00:00,1749052800000,4.58317031727e-05,BTC/USDT:USDT,"{'formulaType': 'withRate', 'fundingRate': '0.0000458317031727', 'fundingTime': '1749052800000', 'instId': 'BTC-USDT-SWAP', 'instType': 'SWAP', 'method': 'current_period', 'realizedRate': '0.0000458317031727'}"
2025-06-04 16:00:00,1749052800000,4.58317031727e-05,BTC/USDT:USDT,"{'formulaType': 'withRate', 'fundingRate': '0.0000458317031727', 'fundingTime': '1749052800000', 'instId': 'BTC-USDT-SWAP', 'instType': 'SWAP', 'method': 'current_period', 'realizedRate': '0.0000458317031727'}"
2025-06-04 16:00:00,1749052800000,4.58317031727e-05,BTC/USDT:USDT,"{'formulaType': 'withRate', 'fundingRate': '0.0000458317031727', 'fundingTime': '1749052800000', 'instId': 'BTC-USDT-SWAP', 'instType': 'SWAP', 'method': 'current_period', 'realizedRate': '0.0000458317031727'}"
2025-06-04 16:00:00,1749052800000,4.58317031727e-05,BTC/USDT:USDT,"{'formulaType': 'withRate', 'fundingRate': '0.0000458317031727', 'fundingTime': '1749052800000', 'instId': 'BTC-USDT-SWAP', 'instType': 'SWAP', 'method': 'current_period', 'realizedRate': '0.0000458317031727'}"
2025-06-04 16:00:00,1749052800000,4.58317031727e-05,BTC/USDT:USDT,"{'formulaType': 'withRate', 'fundingRate': '0.0000458317031727', 'fundingTime': '1749052800000', 'instId': 'BTC-USDT-SWAP', 'instType': 'SWAP', 'method': 'current_period', 'realizedRate': '0.0000458317031727'}"
2025-06-04 16:00:00,1749052800000,4.58317031727e-05,BTC/USDT:USDT,"{'formulaType': 'withRate', 'fundingRate': '0.0000458317031727', 'fundingTime': '1749052800000', 'instId': 'BTC-USDT-SWAP', 'instType': 'SWAP', 'method': 'current_period', 'realizedRate': '0.0000458317031727'}"
2025-06-04 16:00:00,1749052800000,4.58317031727e-05,BTC/USDT:USDT,"{'formulaType': 'withRate', 'fundingRate': '0.0000458317031727', 'fundingTime': '1749052800000', 'instId': 'BTC-USDT-SWAP', 'instType': 'SWAP', 'method': 'current_period', 'realizedRate': '0.0000458317031727'}"
2025-06-04 16:00:00,1749052800000,4.58317031727e-05,BTC/USDT:USDT,"{'formulaType': 'withRate', 'fundingRate': '0.0000458317031727', 'fundingTime': '1749052800000', 'instId': 'BTC-USDT-SWAP', 'instType': 'SWAP', 'method': 'current_period', 'realizedRate': '0.0000458317031727'}"
2025-06-04 16:00:00,1749052800000,4.58317031727e-05,BTC/USDT:USDT,"{'formulaType': 'withRate', 'fundingRate': '0.0000458317031727', 'fundingTime': '1749052800000', 'instId': 'BTC-USDT-SWAP', 'instType': 'SWAP', 'method': 'current_period', 'realizedRate': '0.0000458317031727'}"
2025-06-04 16:00:00,1749052800000,4.58317031727e-05,BTC/USDT:USDT,"{'formulaType': 'withRate', 'fundingRate': '0.0000458317031727', 'fundingTime': '1749052800000', 'instId': 'BTC-USDT-SWAP', 'instType': 'SWAP', 'method': 'current_period', 'realizedRate': '0.0000458317031727'}"
2025-06-04 16:00:00,1749052800000,4.58317031727e-05,BTC/USDT:USDT,"{'formulaType': 'withRate', 'fundingRate': '0.0000458317031727', 'fundingTime': '1749052800000', 'instId': 'BTC-USDT-SWAP', 'instType': 'SWAP', 'method': 'current_period', 'realizedRate': '0.0000458317031727'}"
2025-06-04 16:00:00,1749052800000,4.58317031727e-05,BTC/USDT:USDT,"{'formulaType': 'withRate', 'fundingRate': '0.0000458317031727', 'fundingTime': '1749052800000', 'instId': 'BTC-USDT-SWAP', 'instType': 'SWAP', 'method': 'current_period', 'realizedRate': '0.0000458317031727'}"
2025-06-04 16:00:00,1749052800000,4.58317031727e-05,BTC/USDT:USDT,"{'formulaType': 'withRate', 'fundingRate': '0.0000458317031727', 'fundingTime': '1749052800000', 'instId': 'BTC-USDT-SWAP', 'instType': 'SWAP', 'method': 'current_period', 'realizedRate': '0.0000458317031727'}"
2025-06-04 16:00:00,1749052800000,4.58317031727e-05,BTC/USDT:USDT,"{'formulaType': 'withRate', 'fundingRate': '0.0000458317031727', 'fundingTime': '1749052800000', 'instId': 'BTC-USDT-SWAP', 'instType': 'SWAP', 'method': 'current_period', 'realizedRate': '0.0000458317031727'}"
2025-06-04 16:00:00,1749052800000,4.58317031727e-05,BTC/USDT:USDT,"{'formulaType': 'withRate', 'fundingRate': '0.0000458317031727', 'fundingTime': '1749052800000', 'instId': 'BTC-USDT-SWAP', 'instType': 'SWAP', 'method': 'current_period', 'realizedRate': '0.0000458317031727'}"
2025-06-04 16:00:00,1749052800000,4.58317031727e-05,BTC/USDT:USDT,"{'formulaType': 'withRate', 'fundingRate': '0.0000458317031727', 'fundingTime': '1749052800000', 'instId': 'BTC-USDT-SWAP', 'instType': 'SWAP', 'method': 'current_period', 'realizedRate': '0.0000458317031727'}"
2025-06-04 16:00:00,1749052800000,4.58317031727e-05,BTC/USDT:USDT,"{'formulaType': 'withRate', 'fundingRate': '0.0000458317031727', 'fundingTime': '1749052800000', 'instId': 'BTC-USDT-SWAP', 'instType': 'SWAP', 'method': 'current_period', 'realizedRate': '0.0000458317031727'}"
2025-06-04 16:00:00,1749052800000,4.58317031727e-05,BTC/USDT:USDT,"{'formulaType': 'withRate', 'fundingRate': '0.0000458317031727', 'fundingTime': '1749052800000', 'instId': 'BTC-USDT-SWAP', 'instType': 'SWAP', 'method': 'current_period', 'realizedRate': '0.0000458317031727'}"
2025-06-04 16:00:00,1749052800000,4.58317031727e-05,BTC/USDT:USDT,"{'formulaType': 'withRate', 'fundingRate': '0.0000458317031727', 'fundingTime': '1749052800000', 'instId': 'BTC-USDT-SWAP', 'instType': 'SWAP', 'method': 'current_period', 'realizedRate': '0.0000458317031727'}"
2025-06-04 16:00:00,1749052800000,4.58317031727e-05,BTC/USDT:USDT,"{'formulaType': 'withRate', 'fundingRate': '0.0000458317031727', 'fundingTime': '1749052800000', 'instId': 'BTC-USDT-SWAP', 'instType': 'SWAP', 'method': 'current_period', 'realizedRate': '0.0000458317031727'}"
2025-06-04 16:00:00,1749052800000,4.58317031727e-05,BTC/USDT:USDT,"{'formulaType': 'withRate', 'fundingRate': '0.0000458317031727', 'fundingTime': '1749052800000', 'instId': 'BTC-USDT-SWAP', 'instType': 'SWAP', 'method': 'current_period', 'realizedRate': '0.0000458317031727'}"
2025-06-04 16:00:00,1749052800000,4.58317031727e-05,BTC/USDT:USDT,"{'formulaType': 'withRate', 'fundingRate': '0.0000458317031727', 'fundingTime': '1749052800000', 'instId': 'BTC-USDT-SWAP', 'instType': 'SWAP', 'method': 'current_period', 'realizedRate': '0.0000458317031727'}"
2025-06-04 16:00:00,1749052800000,4.58317031727e-05,BTC/USDT:USDT,"{'formulaType': 'withRate', 'fundingRate': '0.0000458317031727', 'fundingTime': '1749052800000', 'instId': 'BTC-USDT-SWAP', 'instType': 'SWAP', 'method': 'current_period', 'realizedRate': '0.0000458317031727'}"
2025-06-04 16:00:00,1749052800000,4.58317031727e-05,BTC/USDT:USDT,"{'formulaType': 'withRate', 'fundingRate': '0.0000458317031727', 'fundingTime': '1749052800000', 'instId': 'BTC-USDT-SWAP', 'instType': 'SWAP', 'method': 'current_period', 'realizedRate': '0.0000458317031727'}"
2025-06-04 16:00:00,1749052800000,4.58317031727e-05,BTC/USDT:USDT,"{'formulaType': 'withRate', 'fundingRate': '0.0000458317031727', 'fundingTime': '1749052800000', 'instId': 'BTC-USDT-SWAP', 'instType': 'SWAP', 'method': 'current_period', 'realizedRate': '0.0000458317031727'}"
2025-06-04 16:00:00,1749052800000,4.58317031727e-05,BTC/USDT:USDT,"{'formulaType': 'withRate', 'fundingRate': '0.0000458317031727', 'fundingTime': '1749052800000', 'instId': 'BTC-USDT-SWAP', 'instType': 'SWAP', 'method': 'current_period', 'realizedRate': '0.0000458317031727'}"
2025-06-05 00:00:00,1749081600000,4.32147196276e-05,BTC/USDT:USDT,"{'formulaType': 'withRate', 'fundingRate': '0.0000432147196276', 'fundingTime': '1749081600000', 'instId': 'BTC-USDT-SWAP', 'instType': 'SWAP', 'method': 'current_period', 'realizedRate': '0.0000432147196276'}"
2025-06-05 00:00:00,1749081600000,4.32147196276e-05,BTC/USDT:USDT,"{'formulaType': 'withRate', 'fundingRate': '0.0000432147196276', 'fundingTime': '1749081600000', 'instId': 'BTC-USDT-SWAP', 'instType': 'SWAP', 'method': 'current_period', 'realizedRate': '0.0000432147196276'}"
2025-06-05 00:00:00,1749081600000,4.32147196276e-05,BTC/USDT:USDT,"{'formulaType': 'withRate', 'fundingRate': '0.0000432147196276', 'fundingTime': '1749081600000', 'instId': 'BTC-USDT-SWAP', 'instType': 'SWAP', 'method': 'current_period', 'realizedRate': '0.0000432147196276'}"
2025-06-05 00:00:00,1749081600000,4.32147196276e-05,BTC/USDT:USDT,"{'formulaType': 'withRate', 'fundingRate': '0.0000432147196276', 'fundingTime': '1749081600000', 'instId': 'BTC-USDT-SWAP', 'instType': 'SWAP', 'method': 'current_period', 'realizedRate': '0.0000432147196276'}"
2025-06-05 00:00:00,1749081600000,4.32147196276e-05,BTC/USDT:USDT,"{'formulaType': 'withRate', 'fundingRate': '0.0000432147196276', 'fundingTime': '1749081600000', 'instId': 'BTC-USDT-SWAP', 'instType': 'SWAP', 'method': 'current_period', 'realizedRate': '0.0000432147196276'}"
2025-06-05 00:00:00,1749081600000,4.32147196276e-05,BTC/USDT:USDT,"{'formulaType': 'withRate', 'fundingRate': '0.0000432147196276', 'fundingTime': '1749081600000', 'instId': 'BTC-USDT-SWAP', 'instType': 'SWAP', 'method': 'current_period', 'realizedRate': '0.0000432147196276'}"
2025-06-05 00:00:00,1749081600000,4.32147196276e-05,BTC/USDT:USDT,"{'formulaType': 'withRate', 'fundingRate': '0.0000432147196276', 'fundingTime': '1749081600000', 'instId': 'BTC-USDT-SWAP', 'instType': 'SWAP', 'method': 'current_period', 'realizedRate': '0.0000432147196276'}"
2025-06-05 00:00:00,1749081600000,4.32147196276e-05,BTC/USDT:USDT,"{'formulaType': 'withRate', 'fundingRate': '0.0000432147196276', 'fundingTime': '1749081600000', 'instId': 'BTC-USDT-SWAP', 'instType': 'SWAP', 'method': 'current_period', 'realizedRate': '0.0000432147196276'}"
2025-06-05 00:00:00,1749081600000,4.32147196276e-05,BTC/USDT:USDT,"{'formulaType': 'withRate', 'fundingRate': '0.0000432147196276', 'fundingTime': '1749081600000', 'instId': 'BTC-USDT-SWAP', 'instType': 'SWAP', 'method': 'current_period', 'realizedRate': '0.0000432147196276'}"
2025-06-05 00:00:00,1749081600000,4.32147196276e-05,BTC/USDT:USDT,"{'formulaType': 'withRate', 'fundingRate': '0.0000432147196276', 'fundingTime': '1749081600000', 'instId': 'BTC-USDT-SWAP', 'instType': 'SWAP', 'method': 'current_period', 'realizedRate': '0.0000432147196276'}"
2025-06-05 00:00:00,1749081600000,4.32147196276e-05,BTC/USDT:USDT,"{'formulaType': 'withRate', 'fundingRate': '0.0000432147196276', 'fundingTime': '1749081600000', 'instId': 'BTC-USDT-SWAP', 'instType': 'SWAP', 'method': 'current_period', 'realizedRate': '0.0000432147196276'}"
2025-06-05 00:00:00,1749081600000,4.32147196276e-05,BTC/USDT:USDT,"{'formulaType': 'withRate', 'fundingRate': '0.0000432147196276', 'fundingTime': '1749081600000', 'instId': 'BTC-USDT-SWAP', 'instType': 'SWAP', 'method': 'current_period', 'realizedRate': '0.0000432147196276'}"
2025-06-05 00:00:00,1749081600000,4.32147196276e-05,BTC/USDT:USDT,"{'formulaType': 'withRate', 'fundingRate': '0.0000432147196276', 'fundingTime': '1749081600000', 'instId': 'BTC-USDT-SWAP', 'instType': 'SWAP', 'method': 'current_period', 'realizedRate': '0.0000432147196276'}"
2025-06-05 00:00:00,1749081600000,4.32147196276e-05,BTC/USDT:USDT,"{'formulaType': 'withRate', 'fundingRate': '0.0000432147196276', 'fundingTime': '1749081600000', 'instId': 'BTC-USDT-SWAP', 'instType': 'SWAP', 'method': 'current_period', 'realizedRate': '0.0000432147196276'}"
2025-06-05 00:00:00,1749081600000,4.32147196276e-05,BTC/USDT:USDT,"{'formulaType': 'withRate', 'fundingRate': '0.0000432147196276', 'fundingTime': '1749081600000', 'instId': 'BTC-USDT-SWAP', 'instType': 'SWAP', 'method': 'current_period', 'realizedRate': '0.0000432147196276'}"
2025-06-05 00:00:00,1749081600000,4.32147196276e-05,BTC/USDT:USDT,"{'formulaType': 'withRate', 'fundingRate': '0.0000432147196276', 'fundingTime': '1749081600000', 'instId': 'BTC-USDT-SWAP', 'instType': 'SWAP', 'method': 'current_period', 'realizedRate': '0.0000432147196276'}"
2025-06-05 00:00:00,1749081600000,4.32147196276e-05,BTC/USDT:USDT,"{'formulaType': 'withRate', 'fundingRate': '0.0000432147196276', 'fundingTime': '1749081600000', 'instId': 'BTC-USDT-SWAP', 'instType': 'SWAP', 'method': 'current_period', 'realizedRate': '0.0000432147196276'}"
2025-06-05 00:00:00,1749081600000,4.32147196276e-05,BTC/USDT:USDT,"{'formulaType': 'withRate', 'fundingRate': '0.0000432147196276', 'fundingTime': '1749081600000', 'instId': 'BTC-USDT-SWAP', 'instType': 'SWAP', 'method': 'current_period', 'realizedRate': '0.0000432147196276'}"
2025-06-05 00:00:00,1749081600000,4.32147196276e-05,BTC/USDT:USDT,"{'formulaType': 'withRate', 'fundingRate': '0.0000432147196276', 'fundingTime': '1749081600000', 'instId': 'BTC-USDT-SWAP', 'instType': 'SWAP', 'method': 'current_period', 'realizedRate': '0.0000432147196276'}"
2025-06-05 00:00:00,1749081600000,4.32147196276e-05,BTC/USDT:USDT,"{'formulaType': 'withRate', 'fundingRate': '0.0000432147196276', 'fundingTime': '1749081600000', 'instId': 'BTC-USDT-SWAP', 'instType': 'SWAP', 'method': 'current_period', 'realizedRate': '0.0000432147196276'}"
2025-06-05 00:00:00,1749081600000,4.32147196276e-05,BTC/USDT:USDT,"{'formulaType': 'withRate', 'fundingRate': '0.0000432147196276', 'fundingTime': '1749081600000', 'instId': 'BTC-USDT-SWAP', 'instType': 'SWAP', 'method': 'current_period', 'realizedRate': '0.0000432147196276'}"
2025-06-05 00:00:00,1749081600000,4.32147196276e-05,BTC/USDT:USDT,"{'formulaType': 'withRate', 'fundingRate': '0.0000432147196276', 'fundingTime': '1749081600000', 'instId': 'BTC-USDT-SWAP', 'instType': 'SWAP', 'method': 'current_period', 'realizedRate': '0.0000432147196276'}"
2025-06-05 00:00:00,1749081600000,4.32147196276e-05,BTC/USDT:USDT,"{'formulaType': 'withRate', 'fundingRate': '0.0000432147196276', 'fundingTime': '1749081600000', 'instId': 'BTC-USDT-SWAP', 'instType': 'SWAP', 'method': 'current_period', 'realizedRate': '0.0000432147196276'}"
2025-06-05 00:00:00,1749081600000,4.32147196276e-05,BTC/USDT:USDT,"{'formulaType': 'withRate', 'fundingRate': '0.0000432147196276', 'fundingTime': '1749081600000', 'instId': 'BTC-USDT-SWAP', 'instType': 'SWAP', 'method': 'current_period', 'realizedRate': '0.0000432147196276'}"
2025-06-05 00:00:00,1749081600000,4.32147196276e-05,BTC/USDT:USDT,"{'formulaType': 'withRate', 'fundingRate': '0.0000432147196276', 'fundingTime': '1749081600000', 'instId': 'BTC-USDT-SWAP', 'instType': 'SWAP', 'method': 'current_period', 'realizedRate': '0.0000432147196276'}"
2025-06-05 00:00:00,1749081600000,4.32147196276e-05,BTC/USDT:USDT,"{'formulaType': 'withRate', 'fundingRate': '0.0000432147196276', 'fundingTime': '1749081600000', 'instId': 'BTC-USDT-SWAP', 'instType': 'SWAP', 'method': 'current_period', 'realizedRate': '0.0000432147196276'}"
2025-06-05 00:00:00,1749081600000,4.32147196276e-05,BTC/USDT:USDT,"{'formulaType': 'withRate', 'fundingRate': '0.0000432147196276', 'fundingTime': '1749081600000', 'instId': 'BTC-USDT-SWAP', 'instType': 'SWAP', 'method': 'current_period', 'realizedRate': '0.0000432147196276'}"
2025-06-05 00:00:00,1749081600000,4.32147196276e-05,BTC/USDT:USDT,"{'formulaType': 'withRate', 'fundingRate': '0.0000432147196276', 'fundingTime': '1749081600000', 'instId': 'BTC-USDT-SWAP', 'instType': 'SWAP', 'method': 'current_period', 'realizedRate': '0.0000432147196276'}"
2025-06-05 00:00:00,1749081600000,4.32147196276e-05,BTC/USDT:USDT,"{'formulaType': 'withRate', 'fundingRate': '0.0000432147196276', 'fundingTime': '1749081600000', 'instId': 'BTC-USDT-SWAP', 'instType': 'SWAP', 'method': 'current_period', 'realizedRate': '0.0000432147196276'}"
2025-06-05 00:00:00,1749081600000,4.32147196276e-05,BTC/USDT:USDT,"{'formulaType': 'withRate', 'fundingRate': '0.0000432147196276', 'fundingTime': '1749081600000', 'instId': 'BTC-USDT-SWAP', 'instType': 'SWAP', 'method': 'current_period', 'realizedRate': '0.0000432147196276'}"
2025-06-05 00:00:00,1749081600000,4.32147196276e-05,BTC/USDT:USDT,"{'formulaType': 'withRate', 'fundingRate': '0.0000432147196276', 'fundingTime': '1749081600000', 'instId': 'BTC-USDT-SWAP', 'instType': 'SWAP', 'method': 'current_period', 'realizedRate': '0.0000432147196276'}"
2025-06-05 00:00:00,1749081600000,4.32147196276e-05,BTC/USDT:USDT,"{'formulaType': 'withRate', 'fundingRate': '0.0000432147196276', 'fundingTime': '1749081600000', 'instId': 'BTC-USDT-SWAP', 'instType': 'SWAP', 'method': 'current_period', 'realizedRate': '0.0000432147196276'}"
2025-06-05 00:00:00,1749081600000,4.32147196276e-05,BTC/USDT:USDT,"{'formulaType': 'withRate', 'fundingRate': '0.0000432147196276', 'fundingTime': '1749081600000', 'instId': 'BTC-USDT-SWAP', 'instType': 'SWAP', 'method': 'current_period', 'realizedRate': '0.0000432147196276'}"
2025-06-05 00:00:00,1749081600000,4.32147196276e-05,BTC/USDT:USDT,"{'formulaType': 'withRate', 'fundingRate': '0.0000432147196276', 'fundingTime': '1749081600000', 'instId': 'BTC-USDT-SWAP', 'instType': 'SWAP', 'method': 'current_period', 'realizedRate': '0.0000432147196276'}"
2025-06-05 00:00:00,1749081600000,4.32147196276e-05,BTC/USDT:USDT,"{'formulaType': 'withRate', 'fundingRate': '0.0000432147196276', 'fundingTime': '1749081600000', 'instId': 'BTC-USDT-SWAP', 'instType': 'SWAP', 'method': 'current_period', 'realizedRate': '0.0000432147196276'}"
2025-06-05 00:00:00,1749081600000,4.32147196276e-05,BTC/USDT:USDT,"{'formulaType': 'withRate', 'fundingRate': '0.0000432147196276', 'fundingTime': '1749081600000', 'instId': 'BTC-USDT-SWAP', 'instType': 'SWAP', 'method': 'current_period', 'realizedRate': '0.0000432147196276'}"
2025-06-05 00:00:00,1749081600000,4.32147196276e-05,BTC/USDT:USDT,"{'formulaType': 'withRate', 'fundingRate': '0.0000432147196276', 'fundingTime': '1749081600000', 'instId': 'BTC-USDT-SWAP', 'instType': 'SWAP', 'method': 'current_period', 'realizedRate': '0.0000432147196276'}"
2025-06-05 08:00:00,1749110400000,9.40740820075e-05,BTC/USDT:USDT,"{'formulaType': 'withRate', 'fundingRate': '0.0000940740820075', 'fundingTime': '1749110400000', 'instId': 'BTC-USDT-SWAP', 'instType': 'SWAP', 'method': 'current_period', 'realizedRate': '0.0000940740820075'}"
2025-06-05 08:00:00,1749110400000,9.40740820075e-05,BTC/USDT:USDT,"{'formulaType': 'withRate', 'fundingRate': '0.0000940740820075', 'fundingTime': '1749110400000', 'instId': 'BTC-USDT-SWAP', 'instType': 'SWAP', 'method': 'current_period', 'realizedRate': '0.0000940740820075'}"
2025-06-05 08:00:00,1749110400000,9.40740820075e-05,BTC/USDT:USDT,"{'formulaType': 'withRate', 'fundingRate': '0.0000940740820075', 'fundingTime': '1749110400000', 'instId': 'BTC-USDT-SWAP', 'instType': 'SWAP', 'method': 'current_period', 'realizedRate': '0.0000940740820075'}"
2025-06-05 08:00:00,1749110400000,9.40740820075e-05,BTC/USDT:USDT,"{'formulaType': 'withRate', 'fundingRate': '0.0000940740820075', 'fundingTime': '1749110400000', 'instId': 'BTC-USDT-SWAP', 'instType': 'SWAP', 'method': 'current_period', 'realizedRate': '0.0000940740820075'}"
2025-06-05 08:00:00,1749110400000,9.40740820075e-05,BTC/USDT:USDT,"{'formulaType': 'withRate', 'fundingRate': '0.0000940740820075', 'fundingTime': '1749110400000', 'instId': 'BTC-USDT-SWAP', 'instType': 'SWAP', 'method': 'current_period', 'realizedRate': '0.0000940740820075'}"
2025-06-05 08:00:00,1749110400000,9.40740820075e-05,BTC/USDT:USDT,"{'formulaType': 'withRate', 'fundingRate': '0.0000940740820075', 'fundingTime': '1749110400000', 'instId': 'BTC-USDT-SWAP', 'instType': 'SWAP', 'method': 'current_period', 'realizedRate': '0.0000940740820075'}"
2025-06-05 08:00:00,1749110400000,9.40740820075e-05,BTC/USDT:USDT,"{'formulaType': 'withRate', 'fundingRate': '0.0000940740820075', 'fundingTime': '1749110400000', 'instId': 'BTC-USDT-SWAP', 'instType': 'SWAP', 'method': 'current_period', 'realizedRate': '0.0000940740820075'}"
2025-06-05 08:00:00,1749110400000,9.40740820075e-05,BTC/USDT:USDT,"{'formulaType': 'withRate', 'fundingRate': '0.0000940740820075', 'fundingTime': '1749110400000', 'instId': 'BTC-USDT-SWAP', 'instType': 'SWAP', 'method': 'current_period', 'realizedRate': '0.0000940740820075'}"
2025-06-05 08:00:00,1749110400000,9.40740820075e-05,BTC/USDT:USDT,"{'formulaType': 'withRate', 'fundingRate': '0.0000940740820075', 'fundingTime': '1749110400000', 'instId': 'BTC-USDT-SWAP', 'instType': 'SWAP', 'method': 'current_period', 'realizedRate': '0.0000940740820075'}"
2025-06-05 08:00:00,1749110400000,9.40740820075e-05,BTC/USDT:USDT,"{'formulaType': 'withRate', 'fundingRate': '0.0000940740820075', 'fundingTime': '1749110400000', 'instId': 'BTC-USDT-SWAP', 'instType': 'SWAP', 'method': 'current_period', 'realizedRate': '0.0000940740820075'}"
2025-06-05 08:00:00,1749110400000,9.40740820075e-05,BTC/USDT:USDT,"{'formulaType': 'withRate', 'fundingRate': '0.0000940740820075', 'fundingTime': '1749110400000', 'instId': 'BTC-USDT-SWAP', 'instType': 'SWAP', 'method': 'current_period', 'realizedRate': '0.0000940740820075'}"
2025-06-05 08:00:00,1749110400000,9.40740820075e-05,BTC/USDT:USDT,"{'formulaType': 'withRate', 'fundingRate': '0.0000940740820075', 'fundingTime': '1749110400000', 'instId': 'BTC-USDT-SWAP', 'instType': 'SWAP', 'method': 'current_period', 'realizedRate': '0.0000940740820075'}"
2025-06-05 08:00:00,1749110400000,9.40740820075e-05,BTC/USDT:USDT,"{'formulaType': 'withRate', 'fundingRate': '0.0000940740820075', 'fundingTime': '1749110400000', 'instId': 'BTC-USDT-SWAP', 'instType': 'SWAP', 'method': 'current_period', 'realizedRate': '0.0000940740820075'}"
2025-06-05 08:00:00,1749110400000,9.40740820075e-05,BTC/USDT:USDT,"{'formulaType': 'withRate', 'fundingRate': '0.0000940740820075', 'fundingTime': '1749110400000', 'instId': 'BTC-USDT-SWAP', 'instType': 'SWAP', 'method': 'current_period', 'realizedRate': '0.0000940740820075'}"
2025-06-05 08:00:00,1749110400000,9.40740820075e-05,BTC/USDT:USDT,"{'formulaType': 'withRate', 'fundingRate': '0.0000940740820075', 'fundingTime': '1749110400000', 'instId': 'BTC-USDT-SWAP', 'instType': 'SWAP', 'method': 'current_period', 'realizedRate': '0.0000940740820075'}"
2025-06-05 08:00:00,1749110400000,9.40740820075e-05,BTC/USDT:USDT,"{'formulaType': 'withRate', 'fundingRate': '0.0000940740820075', 'fundingTime': '1749110400000', 'instId': 'BTC-USDT-SWAP', 'instType': 'SWAP', 'method': 'current_period', 'realizedRate': '0.0000940740820075'}"
2025-06-05 08:00:00,1749110400000,9.40740820075e-05,BTC/USDT:USDT,"{'formulaType': 'withRate', 'fundingRate': '0.0000940740820075', 'fundingTime': '1749110400000', 'instId': 'BTC-USDT-SWAP', 'instType': 'SWAP', 'method': 'current_period', 'realizedRate': '0.0000940740820075'}"
2025-06-05 08:00:00,1749110400000,9.40740820075e-05,BTC/USDT:USDT,"{'formulaType': 'withRate', 'fundingRate': '0.0000940740820075', 'fundingTime': '1749110400000', 'instId': 'BTC-USDT-SWAP', 'instType': 'SWAP', 'method': 'current_period', 'realizedRate': '0.0000940740820075'}"
2025-06-05 08:00:00,1749110400000,9.40740820075e-05,BTC/USDT:USDT,"{'formulaType': 'withRate', 'fundingRate': '0.0000940740820075', 'fundingTime': '1749110400000', 'instId': 'BTC-USDT-SWAP', 'instType': 'SWAP', 'method': 'current_period', 'realizedRate': '0.0000940740820075'}"
2025-06-05 08:00:00,1749110400000,9.40740820075e-05,BTC/USDT:USDT,"{'formulaType': 'withRate', 'fundingRate': '0.0000940740820075', 'fundingTime': '1749110400000', 'instId': 'BTC-USDT-SWAP', 'instType': 'SWAP', 'method': 'current_period', 'realizedRate': '0.0000940740820075'}"
2025-06-05 08:00:00,1749110400000,9.40740820075e-05,BTC/USDT:USDT,"{'formulaType': 'withRate', 'fundingRate': '0.0000940740820075', 'fundingTime': '1749110400000', 'instId': 'BTC-USDT-SWAP', 'instType': 'SWAP', 'method': 'current_period', 'realizedRate': '0.0000940740820075'}"
2025-06-05 08:00:00,1749110400000,9.40740820075e-05,BTC/USDT:USDT,"{'formulaType': 'withRate', 'fundingRate': '0.0000940740820075', 'fundingTime': '1749110400000', 'instId': 'BTC-USDT-SWAP', 'instType': 'SWAP', 'method': 'current_period', 'realizedRate': '0.0000940740820075'}"
2025-06-05 08:00:00,1749110400000,9.40740820075e-05,BTC/USDT:USDT,"{'formulaType': 'withRate', 'fundingRate': '0.0000940740820075', 'fundingTime': '1749110400000', 'instId': 'BTC-USDT-SWAP', 'instType': 'SWAP', 'method': 'current_period', 'realizedRate': '0.0000940740820075'}"
2025-06-05 08:00:00,1749110400000,9.40740820075e-05,BTC/USDT:USDT,"{'formulaType': 'withRate', 'fundingRate': '0.0000940740820075', 'fundingTime': '1749110400000', 'instId': 'BTC-USDT-SWAP', 'instType': 'SWAP', 'method': 'current_period', 'realizedRate': '0.0000940740820075'}"
2025-06-05 08:00:00,1749110400000,9.40740820075e-05,BTC/USDT:USDT,"{'formulaType': 'withRate', 'fundingRate': '0.0000940740820075', 'fundingTime': '1749110400000', 'instId': 'BTC-USDT-SWAP', 'instType': 'SWAP', 'method': 'current_period', 'realizedRate': '0.0000940740820075'}"
2025-06-05 08:00:00,1749110400000,9.40740820075e-05,BTC/USDT:USDT,"{'formulaType': 'withRate', 'fundingRate': '0.0000940740820075', 'fundingTime': '1749110400000', 'instId': 'BTC-USDT-SWAP', 'instType': 'SWAP', 'method': 'current_period', 'realizedRate': '0.0000940740820075'}"
2025-06-05 08:00:00,1749110400000,9.40740820075e-05,BTC/USDT:USDT,"{'formulaType': 'withRate', 'fundingRate': '0.0000940740820075', 'fundingTime': '1749110400000', 'instId': 'BTC-USDT-SWAP', 'instType': 'SWAP', 'method': 'current_period', 'realizedRate': '0.0000940740820075'}"
2025-06-05 08:00:00,1749110400000,9.40740820075e-05,BTC/USDT:USDT,"{'formulaType': 'withRate', 'fundingRate': '0.0000940740820075', 'fundingTime': '1749110400000', 'instId': 'BTC-USDT-SWAP', 'instType': 'SWAP', 'method': 'current_period', 'realizedRate': '0.0000940740820075'}"
2025-06-05 08:00:00,1749110400000,9.40740820075e-05,BTC/USDT:USDT,"{'formulaType': 'withRate', 'fundingRate': '0.0000940740820075', 'fundingTime': '1749110400000', 'instId': 'BTC-USDT-SWAP', 'instType': 'SWAP', 'method': 'current_period', 'realizedRate': '0.0000940740820075'}"
2025-06-05 08:00:00,1749110400000,9.40740820075e-05,BTC/USDT:USDT,"{'formulaType': 'withRate', 'fundingRate': '0.0000940740820075', 'fundingTime': '1749110400000', 'instId': 'BTC-USDT-SWAP', 'instType': 'SWAP', 'method': 'current_period', 'realizedRate': '0.0000940740820075'}"
2025-06-05 08:00:00,1749110400000,9.40740820075e-05,BTC/USDT:USDT,"{'formulaType': 'withRate', 'fundingRate': '0.0000940740820075', 'fundingTime': '1749110400000', 'instId': 'BTC-USDT-SWAP', 'instType': 'SWAP', 'method': 'current_period', 'realizedRate': '0.0000940740820075'}"
2025-06-05 08:00:00,1749110400000,9.40740820075e-05,BTC/USDT:USDT,"{'formulaType': 'withRate', 'fundingRate': '0.0000940740820075', 'fundingTime': '1749110400000', 'instId': 'BTC-USDT-SWAP', 'instType': 'SWAP', 'method': 'current_period', 'realizedRate': '0.0000940740820075'}"
2025-06-05 08:00:00,1749110400000,9.40740820075e-05,BTC/USDT:USDT,"{'formulaType': 'withRate', 'fundingRate': '0.0000940740820075', 'fundingTime': '1749110400000', 'instId': 'BTC-USDT-SWAP', 'instType': 'SWAP', 'method': 'current_period', 'realizedRate': '0.0000940740820075'}"
2025-06-05 08:00:00,1749110400000,9.40740820075e-05,BTC/USDT:USDT,"{'formulaType': 'withRate', 'fundingRate': '0.0000940740820075', 'fundingTime': '1749110400000', 'instId': 'BTC-USDT-SWAP', 'instType': 'SWAP', 'method': 'current_period', 'realizedRate': '0.0000940740820075'}"
2025-06-05 08:00:00,1749110400000,9.40740820075e-05,BTC/USDT:USDT,"{'formulaType': 'withRate', 'fundingRate': '0.0000940740820075', 'fundingTime': '1749110400000', 'instId': 'BTC-USDT-SWAP', 'instType': 'SWAP', 'method': 'current_period', 'realizedRate': '0.0000940740820075'}"
2025-06-05 08:00:00,1749110400000,9.40740820075e-05,BTC/USDT:USDT,"{'formulaType': 'withRate', 'fundingRate': '0.0000940740820075', 'fundingTime': '1749110400000', 'instId': 'BTC-USDT-SWAP', 'instType': 'SWAP', 'method': 'current_period', 'realizedRate': '0.0000940740820075'}"
2025-06-05 08:00:00,1749110400000,9.40740820075e-05,BTC/USDT:USDT,"{'formulaType': 'withRate', 'fundingRate': '0.0000940740820075', 'fundingTime': '1749110400000', 'instId': 'BTC-USDT-SWAP', 'instType': 'SWAP', 'method': 'current_period', 'realizedRate': '0.0000940740820075'}"
2025-06-05 16:00:00,1749139200000,4.34286755337e-05,BTC/USDT:USDT,"{'formulaType': 'withRate', 'fundingRate': '0.0000434286755337', 'fundingTime': '1749139200000', 'instId': 'BTC-USDT-SWAP', 'instType': 'SWAP', 'method': 'current_period', 'realizedRate': '0.0000434286755337'}"
2025-06-05 16:00:00,1749139200000,4.34286755337e-05,BTC/USDT:USDT,"{'formulaType': 'withRate', 'fundingRate': '0.0000434286755337', 'fundingTime': '1749139200000', 'instId': 'BTC-USDT-SWAP', 'instType': 'SWAP', 'method': 'current_period', 'realizedRate': '0.0000434286755337'}"
2025-06-05 16:00:00,1749139200000,4.34286755337e-05,BTC/USDT:USDT,"{'formulaType': 'withRate', 'fundingRate': '0.0000434286755337', 'fundingTime': '1749139200000', 'instId': 'BTC-USDT-SWAP', 'instType': 'SWAP', 'method': 'current_period', 'realizedRate': '0.0000434286755337'}"
2025-06-05 16:00:00,1749139200000,4.34286755337e-05,BTC/USDT:USDT,"{'formulaType': 'withRate', 'fundingRate': '0.0000434286755337', 'fundingTime': '1749139200000', 'instId': 'BTC-USDT-SWAP', 'instType': 'SWAP', 'method': 'current_period', 'realizedRate': '0.0000434286755337'}"
2025-06-05 16:00:00,1749139200000,4.34286755337e-05,BTC/USDT:USDT,"{'formulaType': 'withRate', 'fundingRate': '0.0000434286755337', 'fundingTime': '1749139200000', 'instId': 'BTC-USDT-SWAP', 'instType': 'SWAP', 'method': 'current_period', 'realizedRate': '0.0000434286755337'}"
2025-06-05 16:00:00,1749139200000,4.34286755337e-05,BTC/USDT:USDT,"{'formulaType': 'withRate', 'fundingRate': '0.0000434286755337', 'fundingTime': '1749139200000', 'instId': 'BTC-USDT-SWAP', 'instType': 'SWAP', 'method': 'current_period', 'realizedRate': '0.0000434286755337'}"
2025-06-05 16:00:00,1749139200000,4.34286755337e-05,BTC/USDT:USDT,"{'formulaType': 'withRate', 'fundingRate': '0.0000434286755337', 'fundingTime': '1749139200000', 'instId': 'BTC-USDT-SWAP', 'instType': 'SWAP', 'method': 'current_period', 'realizedRate': '0.0000434286755337'}"
2025-06-05 16:00:00,1749139200000,4.34286755337e-05,BTC/USDT:USDT,"{'formulaType': 'withRate', 'fundingRate': '0.0000434286755337', 'fundingTime': '1749139200000', 'instId': 'BTC-USDT-SWAP', 'instType': 'SWAP', 'method': 'current_period', 'realizedRate': '0.0000434286755337'}"
2025-06-05 16:00:00,1749139200000,4.34286755337e-05,BTC/USDT:USDT,"{'formulaType': 'withRate', 'fundingRate': '0.0000434286755337', 'fundingTime': '1749139200000', 'instId': 'BTC-USDT-SWAP', 'instType': 'SWAP', 'method': 'current_period', 'realizedRate': '0.0000434286755337'}"
2025-06-05 16:00:00,1749139200000,4.34286755337e-05,BTC/USDT:USDT,"{'formulaType': 'withRate', 'fundingRate': '0.0000434286755337', 'fundingTime': '1749139200000', 'instId': 'BTC-USDT-SWAP', 'instType': 'SWAP', 'method': 'current_period', 'realizedRate': '0.0000434286755337'}"
2025-06-05 16:00:00,1749139200000,4.34286755337e-05,BTC/USDT:USDT,"{'formulaType': 'withRate', 'fundingRate': '0.0000434286755337', 'fundingTime': '1749139200000', 'instId': 'BTC-USDT-SWAP', 'instType': 'SWAP', 'method': 'current_period', 'realizedRate': '0.0000434286755337'}"
2025-06-05 16:00:00,1749139200000,4.34286755337e-05,BTC/USDT:USDT,"{'formulaType': 'withRate', 'fundingRate': '0.0000434286755337', 'fundingTime': '1749139200000', 'instId': 'BTC-USDT-SWAP', 'instType': 'SWAP', 'method': 'current_period', 'realizedRate': '0.0000434286755337'}"
2025-06-05 16:00:00,1749139200000,4.34286755337e-05,BTC/USDT:USDT,"{'formulaType': 'withRate', 'fundingRate': '0.0000434286755337', 'fundingTime': '1749139200000', 'instId': 'BTC-USDT-SWAP', 'instType': 'SWAP', 'method': 'current_period', 'realizedRate': '0.0000434286755337'}"
2025-06-05 16:00:00,1749139200000,4.34286755337e-05,BTC/USDT:USDT,"{'formulaType': 'withRate', 'fundingRate': '0.0000434286755337', 'fundingTime': '1749139200000', 'instId': 'BTC-USDT-SWAP', 'instType': 'SWAP', 'method': 'current_period', 'realizedRate': '0.0000434286755337'}"
2025-06-05 16:00:00,1749139200000,4.34286755337e-05,BTC/USDT:USDT,"{'formulaType': 'withRate', 'fundingRate': '0.0000434286755337', 'fundingTime': '1749139200000', 'instId': 'BTC-USDT-SWAP', 'instType': 'SWAP', 'method': 'current_period', 'realizedRate': '0.0000434286755337'}"
2025-06-05 16:00:00,1749139200000,4.34286755337e-05,BTC/USDT:USDT,"{'formulaType': 'withRate', 'fundingRate': '0.0000434286755337', 'fundingTime': '1749139200000', 'instId': 'BTC-USDT-SWAP', 'instType': 'SWAP', 'method': 'current_period', 'realizedRate': '0.0000434286755337'}"
2025-06-05 16:00:00,1749139200000,4.34286755337e-05,BTC/USDT:USDT,"{'formulaType': 'withRate', 'fundingRate': '0.0000434286755337', 'fundingTime': '1749139200000', 'instId': 'BTC-USDT-SWAP', 'instType': 'SWAP', 'method': 'current_period', 'realizedRate': '0.0000434286755337'}"
2025-06-05 16:00:00,1749139200000,4.34286755337e-05,BTC/USDT:USDT,"{'formulaType': 'withRate', 'fundingRate': '0.0000434286755337', 'fundingTime': '1749139200000', 'instId': 'BTC-USDT-SWAP', 'instType': 'SWAP', 'method': 'current_period', 'realizedRate': '0.0000434286755337'}"
2025-06-05 16:00:00,1749139200000,4.34286755337e-05,BTC/USDT:USDT,"{'formulaType': 'withRate', 'fundingRate': '0.0000434286755337', 'fundingTime': '1749139200000', 'instId': 'BTC-USDT-SWAP', 'instType': 'SWAP', 'method': 'current_period', 'realizedRate': '0.0000434286755337'}"
2025-06-05 16:00:00,1749139200000,4.34286755337e-05,BTC/USDT:USDT,"{'formulaType': 'withRate', 'fundingRate': '0.0000434286755337', 'fundingTime': '1749139200000', 'instId': 'BTC-USDT-SWAP', 'instType': 'SWAP', 'method': 'current_period', 'realizedRate': '0.0000434286755337'}"
2025-06-05 16:00:00,1749139200000,4.34286755337e-05,BTC/USDT:USDT,"{'formulaType': 'withRate', 'fundingRate': '0.0000434286755337', 'fundingTime': '1749139200000', 'instId': 'BTC-USDT-SWAP', 'instType': 'SWAP', 'method': 'current_period', 'realizedRate': '0.0000434286755337'}"
2025-06-05 16:00:00,1749139200000,4.34286755337e-05,BTC/USDT:USDT,"{'formulaType': 'withRate', 'fundingRate': '0.0000434286755337', 'fundingTime': '1749139200000', 'instId': 'BTC-USDT-SWAP', 'instType': 'SWAP', 'method': 'current_period', 'realizedRate': '0.0000434286755337'}"
2025-06-05 16:00:00,1749139200000,4.34286755337e-05,BTC/USDT:USDT,"{'formulaType': 'withRate', 'fundingRate': '0.0000434286755337', 'fundingTime': '1749139200000', 'instId': 'BTC-USDT-SWAP', 'instType': 'SWAP', 'method': 'current_period', 'realizedRate': '0.0000434286755337'}"
2025-06-05 16:00:00,1749139200000,4.34286755337e-05,BTC/USDT:USDT,"{'formulaType': 'withRate', 'fundingRate': '0.0000434286755337', 'fundingTime': '1749139200000', 'instId': 'BTC-USDT-SWAP', 'instType': 'SWAP', 'method': 'current_period', 'realizedRate': '0.0000434286755337'}"
2025-06-05 16:00:00,1749139200000,4.34286755337e-05,BTC/USDT:USDT,"{'formulaType': 'withRate', 'fundingRate': '0.0000434286755337', 'fundingTime': '1749139200000', 'instId': 'BTC-USDT-SWAP', 'instType': 'SWAP', 'method': 'current_period', 'realizedRate': '0.0000434286755337'}"
2025-06-05 16:00:00,1749139200000,4.34286755337e-05,BTC/USDT:USDT,"{'formulaType': 'withRate', 'fundingRate': '0.0000434286755337', 'fundingTime': '1749139200000', 'instId': 'BTC-USDT-SWAP', 'instType': 'SWAP', 'method': 'current_period', 'realizedRate': '0.0000434286755337'}"
2025-06-05 16:00:00,1749139200000,4.34286755337e-05,BTC/USDT:USDT,"{'formulaType': 'withRate', 'fundingRate': '0.0000434286755337', 'fundingTime': '1749139200000', 'instId': 'BTC-USDT-SWAP', 'instType': 'SWAP', 'method': 'current_period', 'realizedRate': '0.0000434286755337'}"
2025-06-05 16:00:00,1749139200000,4.34286755337e-05,BTC/USDT:USDT,"{'formulaType': 'withRate', 'fundingRate': '0.0000434286755337', 'fundingTime': '1749139200000', 'instId': 'BTC-USDT-SWAP', 'instType': 'SWAP', 'method': 'current_period', 'realizedRate': '0.0000434286755337'}"
2025-06-05 16:00:00,1749139200000,4.34286755337e-05,BTC/USDT:USDT,"{'formulaType': 'withRate', 'fundingRate': '0.0000434286755337', 'fundingTime': '1749139200000', 'instId': 'BTC-USDT-SWAP', 'instType': 'SWAP', 'method': 'current_period', 'realizedRate': '0.0000434286755337'}"
2025-06-05 16:00:00,1749139200000,4.34286755337e-05,BTC/USDT:USDT,"{'formulaType': 'withRate', 'fundingRate': '0.0000434286755337', 'fundingTime': '1749139200000', 'instId': 'BTC-USDT-SWAP', 'instType': 'SWAP', 'method': 'current_period', 'realizedRate': '0.0000434286755337'}"
2025-06-05 16:00:00,1749139200000,4.34286755337e-05,BTC/USDT:USDT,"{'formulaType': 'withRate', 'fundingRate': '0.0000434286755337', 'fundingTime': '1749139200000', 'instId': 'BTC-USDT-SWAP', 'instType': 'SWAP', 'method': 'current_period', 'realizedRate': '0.0000434286755337'}"
2025-06-05 16:00:00,1749139200000,4.34286755337e-05,BTC/USDT:USDT,"{'formulaType': 'withRate', 'fundingRate': '0.0000434286755337', 'fundingTime': '1749139200000', 'instId': 'BTC-USDT-SWAP', 'instType': 'SWAP', 'method': 'current_period', 'realizedRate': '0.0000434286755337'}"
2025-06-05 16:00:00,1749139200000,4.34286755337e-05,BTC/USDT:USDT,"{'formulaType': 'withRate', 'fundingRate': '0.0000434286755337', 'fundingTime': '1749139200000', 'instId': 'BTC-USDT-SWAP', 'instType': 'SWAP', 'method': 'current_period', 'realizedRate': '0.0000434286755337'}"
2025-06-05 16:00:00,1749139200000,4.34286755337e-05,BTC/USDT:USDT,"{'formulaType': 'withRate', 'fundingRate': '0.0000434286755337', 'fundingTime': '1749139200000', 'instId': 'BTC-USDT-SWAP', 'instType': 'SWAP', 'method': 'current_period', 'realizedRate': '0.0000434286755337'}"
2025-06-05 16:00:00,1749139200000,4.34286755337e-05,BTC/USDT:USDT,"{'formulaType': 'withRate', 'fundingRate': '0.0000434286755337', 'fundingTime': '1749139200000', 'instId': 'BTC-USDT-SWAP', 'instType': 'SWAP', 'method': 'current_period', 'realizedRate': '0.0000434286755337'}"
2025-06-05 16:00:00,1749139200000,4.34286755337e-05,BTC/USDT:USDT,"{'formulaType': 'withRate', 'fundingRate': '0.0000434286755337', 'fundingTime': '1749139200000', 'instId': 'BTC-USDT-SWAP', 'instType': 'SWAP', 'method': 'current_period', 'realizedRate': '0.0000434286755337'}"
2025-06-05 16:00:00,1749139200000,4.34286755337e-05,BTC/USDT:USDT,"{'formulaType': 'withRate', 'fundingRate': '0.0000434286755337', 'fundingTime': '1749139200000', 'instId': 'BTC-USDT-SWAP', 'instType': 'SWAP', 'method': 'current_period', 'realizedRate': '0.0000434286755337'}"
2025-06-06 00:00:00,1749168000000,1.54504296009e-05,BTC/USDT:USDT,"{'formulaType': 'withRate', 'fundingRate': '0.0000154504296009', 'fundingTime': '1749168000000', 'instId': 'BTC-USDT-SWAP', 'instType': 'SWAP', 'method': 'current_period', 'realizedRate': '0.0000154504296009'}"
2025-06-06 00:00:00,1749168000000,1.54504296009e-05,BTC/USDT:USDT,"{'formulaType': 'withRate', 'fundingRate': '0.0000154504296009', 'fundingTime': '1749168000000', 'instId': 'BTC-USDT-SWAP', 'instType': 'SWAP', 'method': 'current_period', 'realizedRate': '0.0000154504296009'}"
2025-06-06 00:00:00,1749168000000,1.54504296009e-05,BTC/USDT:USDT,"{'formulaType': 'withRate', 'fundingRate': '0.0000154504296009', 'fundingTime': '1749168000000', 'instId': 'BTC-USDT-SWAP', 'instType': 'SWAP', 'method': 'current_period', 'realizedRate': '0.0000154504296009'}"
2025-06-06 00:00:00,1749168000000,1.54504296009e-05,BTC/USDT:USDT,"{'formulaType': 'withRate', 'fundingRate': '0.0000154504296009', 'fundingTime': '1749168000000', 'instId': 'BTC-USDT-SWAP', 'instType': 'SWAP', 'method': 'current_period', 'realizedRate': '0.0000154504296009'}"
2025-06-06 00:00:00,1749168000000,1.54504296009e-05,BTC/USDT:USDT,"{'formulaType': 'withRate', 'fundingRate': '0.0000154504296009', 'fundingTime': '1749168000000', 'instId': 'BTC-USDT-SWAP', 'instType': 'SWAP', 'method': 'current_period', 'realizedRate': '0.0000154504296009'}"
2025-06-06 00:00:00,1749168000000,1.54504296009e-05,BTC/USDT:USDT,"{'formulaType': 'withRate', 'fundingRate': '0.0000154504296009', 'fundingTime': '1749168000000', 'instId': 'BTC-USDT-SWAP', 'instType': 'SWAP', 'method': 'current_period', 'realizedRate': '0.0000154504296009'}"
2025-06-06 00:00:00,1749168000000,1.54504296009e-05,BTC/USDT:USDT,"{'formulaType': 'withRate', 'fundingRate': '0.0000154504296009', 'fundingTime': '1749168000000', 'instId': 'BTC-USDT-SWAP', 'instType': 'SWAP', 'method': 'current_period', 'realizedRate': '0.0000154504296009'}"
2025-06-06 00:00:00,1749168000000,1.54504296009e-05,BTC/USDT:USDT,"{'formulaType': 'withRate', 'fundingRate': '0.0000154504296009', 'fundingTime': '1749168000000', 'instId': 'BTC-USDT-SWAP', 'instType': 'SWAP', 'method': 'current_period', 'realizedRate': '0.0000154504296009'}"
2025-06-06 00:00:00,1749168000000,1.54504296009e-05,BTC/USDT:USDT,"{'formulaType': 'withRate', 'fundingRate': '0.0000154504296009', 'fundingTime': '1749168000000', 'instId': 'BTC-USDT-SWAP', 'instType': 'SWAP', 'method': 'current_period', 'realizedRate': '0.0000154504296009'}"
2025-06-06 00:00:00,1749168000000,1.54504296009e-05,BTC/USDT:USDT,"{'formulaType': 'withRate', 'fundingRate': '0.0000154504296009', 'fundingTime': '1749168000000', 'instId': 'BTC-USDT-SWAP', 'instType': 'SWAP', 'method': 'current_period', 'realizedRate': '0.0000154504296009'}"
2025-06-06 00:00:00,1749168000000,1.54504296009e-05,BTC/USDT:USDT,"{'formulaType': 'withRate', 'fundingRate': '0.0000154504296009', 'fundingTime': '1749168000000', 'instId': 'BTC-USDT-SWAP', 'instType': 'SWAP', 'method': 'current_period', 'realizedRate': '0.0000154504296009'}"
2025-06-06 00:00:00,1749168000000,1.54504296009e-05,BTC/USDT:USDT,"{'formulaType': 'withRate', 'fundingRate': '0.0000154504296009', 'fundingTime': '1749168000000', 'instId': 'BTC-USDT-SWAP', 'instType': 'SWAP', 'method': 'current_period', 'realizedRate': '0.0000154504296009'}"
2025-06-06 00:00:00,1749168000000,1.54504296009e-05,BTC/USDT:USDT,"{'formulaType': 'withRate', 'fundingRate': '0.0000154504296009', 'fundingTime': '1749168000000', 'instId': 'BTC-USDT-SWAP', 'instType': 'SWAP', 'method': 'current_period', 'realizedRate': '0.0000154504296009'}"
2025-06-06 00:00:00,1749168000000,1.54504296009e-05,BTC/USDT:USDT,"{'formulaType': 'withRate', 'fundingRate': '0.0000154504296009', 'fundingTime': '1749168000000', 'instId': 'BTC-USDT-SWAP', 'instType': 'SWAP', 'method': 'current_period', 'realizedRate': '0.0000154504296009'}"
2025-06-06 00:00:00,1749168000000,1.54504296009e-05,BTC/USDT:USDT,"{'formulaType': 'withRate', 'fundingRate': '0.0000154504296009', 'fundingTime': '1749168000000', 'instId': 'BTC-USDT-SWAP', 'instType': 'SWAP', 'method': 'current_period', 'realizedRate': '0.0000154504296009'}"
2025-06-06 00:00:00,1749168000000,1.54504296009e-05,BTC/USDT:USDT,"{'formulaType': 'withRate', 'fundingRate': '0.0000154504296009', 'fundingTime': '1749168000000', 'instId': 'BTC-USDT-SWAP', 'instType': 'SWAP', 'method': 'current_period', 'realizedRate': '0.0000154504296009'}"
2025-06-06 00:00:00,1749168000000,1.54504296009e-05,BTC/USDT:USDT,"{'formulaType': 'withRate', 'fundingRate': '0.0000154504296009', 'fundingTime': '1749168000000', 'instId': 'BTC-USDT-SWAP', 'instType': 'SWAP', 'method': 'current_period', 'realizedRate': '0.0000154504296009'}"
2025-06-06 00:00:00,1749168000000,1.54504296009e-05,BTC/USDT:USDT,"{'formulaType': 'withRate', 'fundingRate': '0.0000154504296009', 'fundingTime': '1749168000000', 'instId': 'BTC-USDT-SWAP', 'instType': 'SWAP', 'method': 'current_period', 'realizedRate': '0.0000154504296009'}"
2025-06-06 00:00:00,1749168000000,1.54504296009e-05,BTC/USDT:USDT,"{'formulaType': 'withRate', 'fundingRate': '0.0000154504296009', 'fundingTime': '1749168000000', 'instId': 'BTC-USDT-SWAP', 'instType': 'SWAP', 'method': 'current_period', 'realizedRate': '0.0000154504296009'}"
2025-06-06 00:00:00,1749168000000,1.54504296009e-05,BTC/USDT:USDT,"{'formulaType': 'withRate', 'fundingRate': '0.0000154504296009', 'fundingTime': '1749168000000', 'instId': 'BTC-USDT-SWAP', 'instType': 'SWAP', 'method': 'current_period', 'realizedRate': '0.0000154504296009'}"
2025-06-06 00:00:00,1749168000000,1.54504296009e-05,BTC/USDT:USDT,"{'formulaType': 'withRate', 'fundingRate': '0.0000154504296009', 'fundingTime': '1749168000000', 'instId': 'BTC-USDT-SWAP', 'instType': 'SWAP', 'method': 'current_period', 'realizedRate': '0.0000154504296009'}"
2025-06-06 00:00:00,1749168000000,1.54504296009e-05,BTC/USDT:USDT,"{'formulaType': 'withRate', 'fundingRate': '0.0000154504296009', 'fundingTime': '1749168000000', 'instId': 'BTC-USDT-SWAP', 'instType': 'SWAP', 'method': 'current_period', 'realizedRate': '0.0000154504296009'}"
2025-06-06 00:00:00,1749168000000,1.54504296009e-05,BTC/USDT:USDT,"{'formulaType': 'withRate', 'fundingRate': '0.0000154504296009', 'fundingTime': '1749168000000', 'instId': 'BTC-USDT-SWAP', 'instType': 'SWAP', 'method': 'current_period', 'realizedRate': '0.0000154504296009'}"
2025-06-06 00:00:00,1749168000000,1.54504296009e-05,BTC/USDT:USDT,"{'formulaType': 'withRate', 'fundingRate': '0.0000154504296009', 'fundingTime': '1749168000000', 'instId': 'BTC-USDT-SWAP', 'instType': 'SWAP', 'method': 'current_period', 'realizedRate': '0.0000154504296009'}"
2025-06-06 00:00:00,1749168000000,1.54504296009e-05,BTC/USDT:USDT,"{'formulaType': 'withRate', 'fundingRate': '0.0000154504296009', 'fundingTime': '1749168000000', 'instId': 'BTC-USDT-SWAP', 'instType': 'SWAP', 'method': 'current_period', 'realizedRate': '0.0000154504296009'}"
2025-06-06 00:00:00,1749168000000,1.54504296009e-05,BTC/USDT:USDT,"{'formulaType': 'withRate', 'fundingRate': '0.0000154504296009', 'fundingTime': '1749168000000', 'instId': 'BTC-USDT-SWAP', 'instType': 'SWAP', 'method': 'current_period', 'realizedRate': '0.0000154504296009'}"
2025-06-06 00:00:00,1749168000000,1.54504296009e-05,BTC/USDT:USDT,"{'formulaType': 'withRate', 'fundingRate': '0.0000154504296009', 'fundingTime': '1749168000000', 'instId': 'BTC-USDT-SWAP', 'instType': 'SWAP', 'method': 'current_period', 'realizedRate': '0.0000154504296009'}"
2025-06-06 00:00:00,1749168000000,1.54504296009e-05,BTC/USDT:USDT,"{'formulaType': 'withRate', 'fundingRate': '0.0000154504296009', 'fundingTime': '1749168000000', 'instId': 'BTC-USDT-SWAP', 'instType': 'SWAP', 'method': 'current_period', 'realizedRate': '0.0000154504296009'}"
2025-06-06 00:00:00,1749168000000,1.54504296009e-05,BTC/USDT:USDT,"{'formulaType': 'withRate', 'fundingRate': '0.0000154504296009', 'fundingTime': '1749168000000', 'instId': 'BTC-USDT-SWAP', 'instType': 'SWAP', 'method': 'current_period', 'realizedRate': '0.0000154504296009'}"
2025-06-06 00:00:00,1749168000000,1.54504296009e-05,BTC/USDT:USDT,"{'formulaType': 'withRate', 'fundingRate': '0.0000154504296009', 'fundingTime': '1749168000000', 'instId': 'BTC-USDT-SWAP', 'instType': 'SWAP', 'method': 'current_period', 'realizedRate': '0.0000154504296009'}"
2025-06-06 00:00:00,1749168000000,1.54504296009e-05,BTC/USDT:USDT,"{'formulaType': 'withRate', 'fundingRate': '0.0000154504296009', 'fundingTime': '1749168000000', 'instId': 'BTC-USDT-SWAP', 'instType': 'SWAP', 'method': 'current_period', 'realizedRate': '0.0000154504296009'}"
2025-06-06 00:00:00,1749168000000,1.54504296009e-05,BTC/USDT:USDT,"{'formulaType': 'withRate', 'fundingRate': '0.0000154504296009', 'fundingTime': '1749168000000', 'instId': 'BTC-USDT-SWAP', 'instType': 'SWAP', 'method': 'current_period', 'realizedRate': '0.0000154504296009'}"
2025-06-06 00:00:00,1749168000000,1.54504296009e-05,BTC/USDT:USDT,"{'formulaType': 'withRate', 'fundingRate': '0.0000154504296009', 'fundingTime': '1749168000000', 'instId': 'BTC-USDT-SWAP', 'instType': 'SWAP', 'method': 'current_period', 'realizedRate': '0.0000154504296009'}"
2025-06-06 00:00:00,1749168000000,1.54504296009e-05,BTC/USDT:USDT,"{'formulaType': 'withRate', 'fundingRate': '0.0000154504296009', 'fundingTime': '1749168000000', 'instId': 'BTC-USDT-SWAP', 'instType': 'SWAP', 'method': 'current_period', 'realizedRate': '0.0000154504296009'}"
2025-06-06 00:00:00,1749168000000,1.54504296009e-05,BTC/USDT:USDT,"{'formulaType': 'withRate', 'fundingRate': '0.0000154504296009', 'fundingTime': '1749168000000', 'instId': 'BTC-USDT-SWAP', 'instType': 'SWAP', 'method': 'current_period', 'realizedRate': '0.0000154504296009'}"
2025-06-06 00:00:00,1749168000000,1.54504296009e-05,BTC/USDT:USDT,"{'formulaType': 'withRate', 'fundingRate': '0.0000154504296009', 'fundingTime': '1749168000000', 'instId': 'BTC-USDT-SWAP', 'instType': 'SWAP', 'method': 'current_period', 'realizedRate': '0.0000154504296009'}"
2025-06-06 00:00:00,1749168000000,1.54504296009e-05,BTC/USDT:USDT,"{'formulaType': 'withRate', 'fundingRate': '0.0000154504296009', 'fundingTime': '1749168000000', 'instId': 'BTC-USDT-SWAP', 'instType': 'SWAP', 'method': 'current_period', 'realizedRate': '0.0000154504296009'}"
2025-06-06 08:00:00,1749196800000,-7.92839459623e-05,BTC/USDT:USDT,"{'formulaType': 'withRate', 'fundingRate': '-0.0000792839459623', 'fundingTime': '1749196800000', 'instId': 'BTC-USDT-SWAP', 'instType': 'SWAP', 'method': 'current_period', 'realizedRate': '-0.0000792839459623'}"
2025-06-06 08:00:00,1749196800000,-7.92839459623e-05,BTC/USDT:USDT,"{'formulaType': 'withRate', 'fundingRate': '-0.0000792839459623', 'fundingTime': '1749196800000', 'instId': 'BTC-USDT-SWAP', 'instType': 'SWAP', 'method': 'current_period', 'realizedRate': '-0.0000792839459623'}"
2025-06-06 08:00:00,1749196800000,-7.92839459623e-05,BTC/USDT:USDT,"{'formulaType': 'withRate', 'fundingRate': '-0.0000792839459623', 'fundingTime': '1749196800000', 'instId': 'BTC-USDT-SWAP', 'instType': 'SWAP', 'method': 'current_period', 'realizedRate': '-0.0000792839459623'}"
2025-06-06 08:00:00,1749196800000,-7.92839459623e-05,BTC/USDT:USDT,"{'formulaType': 'withRate', 'fundingRate': '-0.0000792839459623', 'fundingTime': '1749196800000', 'instId': 'BTC-USDT-SWAP', 'instType': 'SWAP', 'method': 'current_period', 'realizedRate': '-0.0000792839459623'}"
2025-06-06 08:00:00,1749196800000,-7.92839459623e-05,BTC/USDT:USDT,"{'formulaType': 'withRate', 'fundingRate': '-0.0000792839459623', 'fundingTime': '1749196800000', 'instId': 'BTC-USDT-SWAP', 'instType': 'SWAP', 'method': 'current_period', 'realizedRate': '-0.0000792839459623'}"
2025-06-06 08:00:00,1749196800000,-7.92839459623e-05,BTC/USDT:USDT,"{'formulaType': 'withRate', 'fundingRate': '-0.0000792839459623', 'fundingTime': '1749196800000', 'instId': 'BTC-USDT-SWAP', 'instType': 'SWAP', 'method': 'current_period', 'realizedRate': '-0.0000792839459623'}"
2025-06-06 08:00:00,1749196800000,-7.92839459623e-05,BTC/USDT:USDT,"{'formulaType': 'withRate', 'fundingRate': '-0.0000792839459623', 'fundingTime': '1749196800000', 'instId': 'BTC-USDT-SWAP', 'instType': 'SWAP', 'method': 'current_period', 'realizedRate': '-0.0000792839459623'}"
2025-06-06 08:00:00,1749196800000,-7.92839459623e-05,BTC/USDT:USDT,"{'formulaType': 'withRate', 'fundingRate': '-0.0000792839459623', 'fundingTime': '1749196800000', 'instId': 'BTC-USDT-SWAP', 'instType': 'SWAP', 'method': 'current_period', 'realizedRate': '-0.0000792839459623'}"
2025-06-06 08:00:00,1749196800000,-7.92839459623e-05,BTC/USDT:USDT,"{'formulaType': 'withRate', 'fundingRate': '-0.0000792839459623', 'fundingTime': '1749196800000', 'instId': 'BTC-USDT-SWAP', 'instType': 'SWAP', 'method': 'current_period', 'realizedRate': '-0.0000792839459623'}"
2025-06-06 08:00:00,1749196800000,-7.92839459623e-05,BTC/USDT:USDT,"{'formulaType': 'withRate', 'fundingRate': '-0.0000792839459623', 'fundingTime': '1749196800000', 'instId': 'BTC-USDT-SWAP', 'instType': 'SWAP', 'method': 'current_period', 'realizedRate': '-0.0000792839459623'}"
2025-06-06 08:00:00,1749196800000,-7.92839459623e-05,BTC/USDT:USDT,"{'formulaType': 'withRate', 'fundingRate': '-0.0000792839459623', 'fundingTime': '1749196800000', 'instId': 'BTC-USDT-SWAP', 'instType': 'SWAP', 'method': 'current_period', 'realizedRate': '-0.0000792839459623'}"
2025-06-06 08:00:00,1749196800000,-7.92839459623e-05,BTC/USDT:USDT,"{'formulaType': 'withRate', 'fundingRate': '-0.0000792839459623', 'fundingTime': '1749196800000', 'instId': 'BTC-USDT-SWAP', 'instType': 'SWAP', 'method': 'current_period', 'realizedRate': '-0.0000792839459623'}"
2025-06-06 08:00:00,1749196800000,-7.92839459623e-05,BTC/USDT:USDT,"{'formulaType': 'withRate', 'fundingRate': '-0.0000792839459623', 'fundingTime': '1749196800000', 'instId': 'BTC-USDT-SWAP', 'instType': 'SWAP', 'method': 'current_period', 'realizedRate': '-0.0000792839459623'}"
2025-06-06 08:00:00,1749196800000,-7.92839459623e-05,BTC/USDT:USDT,"{'formulaType': 'withRate', 'fundingRate': '-0.0000792839459623', 'fundingTime': '1749196800000', 'instId': 'BTC-USDT-SWAP', 'instType': 'SWAP', 'method': 'current_period', 'realizedRate': '-0.0000792839459623'}"
2025-06-06 08:00:00,1749196800000,-7.92839459623e-05,BTC/USDT:USDT,"{'formulaType': 'withRate', 'fundingRate': '-0.0000792839459623', 'fundingTime': '1749196800000', 'instId': 'BTC-USDT-SWAP', 'instType': 'SWAP', 'method': 'current_period', 'realizedRate': '-0.0000792839459623'}"
2025-06-06 08:00:00,1749196800000,-7.92839459623e-05,BTC/USDT:USDT,"{'formulaType': 'withRate', 'fundingRate': '-0.0000792839459623', 'fundingTime': '1749196800000', 'instId': 'BTC-USDT-SWAP', 'instType': 'SWAP', 'method': 'current_period', 'realizedRate': '-0.0000792839459623'}"
2025-06-06 08:00:00,1749196800000,-7.92839459623e-05,BTC/USDT:USDT,"{'formulaType': 'withRate', 'fundingRate': '-0.0000792839459623', 'fundingTime': '1749196800000', 'instId': 'BTC-USDT-SWAP', 'instType': 'SWAP', 'method': 'current_period', 'realizedRate': '-0.0000792839459623'}"
2025-06-06 08:00:00,1749196800000,-7.92839459623e-05,BTC/USDT:USDT,"{'formulaType': 'withRate', 'fundingRate': '-0.0000792839459623', 'fundingTime': '1749196800000', 'instId': 'BTC-USDT-SWAP', 'instType': 'SWAP', 'method': 'current_period', 'realizedRate': '-0.0000792839459623'}"
2025-06-06 08:00:00,1749196800000,-7.92839459623e-05,BTC/USDT:USDT,"{'formulaType': 'withRate', 'fundingRate': '-0.0000792839459623', 'fundingTime': '1749196800000', 'instId': 'BTC-USDT-SWAP', 'instType': 'SWAP', 'method': 'current_period', 'realizedRate': '-0.0000792839459623'}"
2025-06-06 08:00:00,1749196800000,-7.92839459623e-05,BTC/USDT:USDT,"{'formulaType': 'withRate', 'fundingRate': '-0.0000792839459623', 'fundingTime': '1749196800000', 'instId': 'BTC-USDT-SWAP', 'instType': 'SWAP', 'method': 'current_period', 'realizedRate': '-0.0000792839459623'}"
2025-06-06 08:00:00,1749196800000,-7.92839459623e-05,BTC/USDT:USDT,"{'formulaType': 'withRate', 'fundingRate': '-0.0000792839459623', 'fundingTime': '1749196800000', 'instId': 'BTC-USDT-SWAP', 'instType': 'SWAP', 'method': 'current_period', 'realizedRate': '-0.0000792839459623'}"
2025-06-06 08:00:00,1749196800000,-7.92839459623e-05,BTC/USDT:USDT,"{'formulaType': 'withRate', 'fundingRate': '-0.0000792839459623', 'fundingTime': '1749196800000', 'instId': 'BTC-USDT-SWAP', 'instType': 'SWAP', 'method': 'current_period', 'realizedRate': '-0.0000792839459623'}"
2025-06-06 08:00:00,1749196800000,-7.92839459623e-05,BTC/USDT:USDT,"{'formulaType': 'withRate', 'fundingRate': '-0.0000792839459623', 'fundingTime': '1749196800000', 'instId': 'BTC-USDT-SWAP', 'instType': 'SWAP', 'method': 'current_period', 'realizedRate': '-0.0000792839459623'}"
2025-06-06 08:00:00,1749196800000,-7.92839459623e-05,BTC/USDT:USDT,"{'formulaType': 'withRate', 'fundingRate': '-0.0000792839459623', 'fundingTime': '1749196800000', 'instId': 'BTC-USDT-SWAP', 'instType': 'SWAP', 'method': 'current_period', 'realizedRate': '-0.0000792839459623'}"
2025-06-06 08:00:00,1749196800000,-7.92839459623e-05,BTC/USDT:USDT,"{'formulaType': 'withRate', 'fundingRate': '-0.0000792839459623', 'fundingTime': '1749196800000', 'instId': 'BTC-USDT-SWAP', 'instType': 'SWAP', 'method': 'current_period', 'realizedRate': '-0.0000792839459623'}"
2025-06-06 08:00:00,1749196800000,-7.92839459623e-05,BTC/USDT:USDT,"{'formulaType': 'withRate', 'fundingRate': '-0.0000792839459623', 'fundingTime': '1749196800000', 'instId': 'BTC-USDT-SWAP', 'instType': 'SWAP', 'method': 'current_period', 'realizedRate': '-0.0000792839459623'}"
2025-06-06 08:00:00,1749196800000,-7.92839459623e-05,BTC/USDT:USDT,"{'formulaType': 'withRate', 'fundingRate': '-0.0000792839459623', 'fundingTime': '1749196800000', 'instId': 'BTC-USDT-SWAP', 'instType': 'SWAP', 'method': 'current_period', 'realizedRate': '-0.0000792839459623'}"
2025-06-06 08:00:00,1749196800000,-7.92839459623e-05,BTC/USDT:USDT,"{'formulaType': 'withRate', 'fundingRate': '-0.0000792839459623', 'fundingTime': '1749196800000', 'instId': 'BTC-USDT-SWAP', 'instType': 'SWAP', 'method': 'current_period', 'realizedRate': '-0.0000792839459623'}"
2025-06-06 08:00:00,1749196800000,-7.92839459623e-05,BTC/USDT:USDT,"{'formulaType': 'withRate', 'fundingRate': '-0.0000792839459623', 'fundingTime': '1749196800000', 'instId': 'BTC-USDT-SWAP', 'instType': 'SWAP', 'method': 'current_period', 'realizedRate': '-0.0000792839459623'}"
2025-06-06 08:00:00,1749196800000,-7.92839459623e-05,BTC/USDT:USDT,"{'formulaType': 'withRate', 'fundingRate': '-0.0000792839459623', 'fundingTime': '1749196800000', 'instId': 'BTC-USDT-SWAP', 'instType': 'SWAP', 'method': 'current_period', 'realizedRate': '-0.0000792839459623'}"
2025-06-06 08:00:00,1749196800000,-7.92839459623e-05,BTC/USDT:USDT,"{'formulaType': 'withRate', 'fundingRate': '-0.0000792839459623', 'fundingTime': '1749196800000', 'instId': 'BTC-USDT-SWAP', 'instType': 'SWAP', 'method': 'current_period', 'realizedRate': '-0.0000792839459623'}"
2025-06-06 08:00:00,1749196800000,-7.92839459623e-05,BTC/USDT:USDT,"{'formulaType': 'withRate', 'fundingRate': '-0.0000792839459623', 'fundingTime': '1749196800000', 'instId': 'BTC-USDT-SWAP', 'instType': 'SWAP', 'method': 'current_period', 'realizedRate': '-0.0000792839459623'}"
2025-06-06 08:00:00,1749196800000,-7.92839459623e-05,BTC/USDT:USDT,"{'formulaType': 'withRate', 'fundingRate': '-0.0000792839459623', 'fundingTime': '1749196800000', 'instId': 'BTC-USDT-SWAP', 'instType': 'SWAP', 'method': 'current_period', 'realizedRate': '-0.0000792839459623'}"
2025-06-06 08:00:00,1749196800000,-7.92839459623e-05,BTC/USDT:USDT,"{'formulaType': 'withRate', 'fundingRate': '-0.0000792839459623', 'fundingTime': '1749196800000', 'instId': 'BTC-USDT-SWAP', 'instType': 'SWAP', 'method': 'current_period', 'realizedRate': '-0.0000792839459623'}"
2025-06-06 08:00:00,1749196800000,-7.92839459623e-05,BTC/USDT:USDT,"{'formulaType': 'withRate', 'fundingRate': '-0.0000792839459623', 'fundingTime': '1749196800000', 'instId': 'BTC-USDT-SWAP', 'instType': 'SWAP', 'method': 'current_period', 'realizedRate': '-0.0000792839459623'}"
2025-06-06 08:00:00,1749196800000,-7.92839459623e-05,BTC/USDT:USDT,"{'formulaType': 'withRate', 'fundingRate': '-0.0000792839459623', 'fundingTime': '1749196800000', 'instId': 'BTC-USDT-SWAP', 'instType': 'SWAP', 'method': 'current_period', 'realizedRate': '-0.0000792839459623'}"
2025-06-06 08:00:00,1749196800000,-7.92839459623e-05,BTC/USDT:USDT,"{'formulaType': 'withRate', 'fundingRate': '-0.0000792839459623', 'fundingTime': '1749196800000', 'instId': 'BTC-USDT-SWAP', 'instType': 'SWAP', 'method': 'current_period', 'realizedRate': '-0.0000792839459623'}"
2025-06-06 16:00:00,1749225600000,-1.82867741832e-05,BTC/USDT:USDT,"{'formulaType': 'withRate', 'fundingRate': '-0.0000182867741832', 'fundingTime': '1749225600000', 'instId': 'BTC-USDT-SWAP', 'instType': 'SWAP', 'method': 'current_period', 'realizedRate': '-0.0000182867741832'}"
2025-06-06 16:00:00,1749225600000,-1.82867741832e-05,BTC/USDT:USDT,"{'formulaType': 'withRate', 'fundingRate': '-0.0000182867741832', 'fundingTime': '1749225600000', 'instId': 'BTC-USDT-SWAP', 'instType': 'SWAP', 'method': 'current_period', 'realizedRate': '-0.0000182867741832'}"
2025-06-06 16:00:00,1749225600000,-1.82867741832e-05,BTC/USDT:USDT,"{'formulaType': 'withRate', 'fundingRate': '-0.0000182867741832', 'fundingTime': '1749225600000', 'instId': 'BTC-USDT-SWAP', 'instType': 'SWAP', 'method': 'current_period', 'realizedRate': '-0.0000182867741832'}"
2025-06-06 16:00:00,1749225600000,-1.82867741832e-05,BTC/USDT:USDT,"{'formulaType': 'withRate', 'fundingRate': '-0.0000182867741832', 'fundingTime': '1749225600000', 'instId': 'BTC-USDT-SWAP', 'instType': 'SWAP', 'method': 'current_period', 'realizedRate': '-0.0000182867741832'}"
2025-06-06 16:00:00,1749225600000,-1.82867741832e-05,BTC/USDT:USDT,"{'formulaType': 'withRate', 'fundingRate': '-0.0000182867741832', 'fundingTime': '1749225600000', 'instId': 'BTC-USDT-SWAP', 'instType': 'SWAP', 'method': 'current_period', 'realizedRate': '-0.0000182867741832'}"
2025-06-06 16:00:00,1749225600000,-1.82867741832e-05,BTC/USDT:USDT,"{'formulaType': 'withRate', 'fundingRate': '-0.0000182867741832', 'fundingTime': '1749225600000', 'instId': 'BTC-USDT-SWAP', 'instType': 'SWAP', 'method': 'current_period', 'realizedRate': '-0.0000182867741832'}"
2025-06-06 16:00:00,1749225600000,-1.82867741832e-05,BTC/USDT:USDT,"{'formulaType': 'withRate', 'fundingRate': '-0.0000182867741832', 'fundingTime': '1749225600000', 'instId': 'BTC-USDT-SWAP', 'instType': 'SWAP', 'method': 'current_period', 'realizedRate': '-0.0000182867741832'}"
2025-06-06 16:00:00,1749225600000,-1.82867741832e-05,BTC/USDT:USDT,"{'formulaType': 'withRate', 'fundingRate': '-0.0000182867741832', 'fundingTime': '1749225600000', 'instId': 'BTC-USDT-SWAP', 'instType': 'SWAP', 'method': 'current_period', 'realizedRate': '-0.0000182867741832'}"
2025-06-06 16:00:00,1749225600000,-1.82867741832e-05,BTC/USDT:USDT,"{'formulaType': 'withRate', 'fundingRate': '-0.0000182867741832', 'fundingTime': '1749225600000', 'instId': 'BTC-USDT-SWAP', 'instType': 'SWAP', 'method': 'current_period', 'realizedRate': '-0.0000182867741832'}"
2025-06-06 16:00:00,1749225600000,-1.82867741832e-05,BTC/USDT:USDT,"{'formulaType': 'withRate', 'fundingRate': '-0.0000182867741832', 'fundingTime': '1749225600000', 'instId': 'BTC-USDT-SWAP', 'instType': 'SWAP', 'method': 'current_period', 'realizedRate': '-0.0000182867741832'}"
2025-06-06 16:00:00,1749225600000,-1.82867741832e-05,BTC/USDT:USDT,"{'formulaType': 'withRate', 'fundingRate': '-0.0000182867741832', 'fundingTime': '1749225600000', 'instId': 'BTC-USDT-SWAP', 'instType': 'SWAP', 'method': 'current_period', 'realizedRate': '-0.0000182867741832'}"
2025-06-06 16:00:00,1749225600000,-1.82867741832e-05,BTC/USDT:USDT,"{'formulaType': 'withRate', 'fundingRate': '-0.0000182867741832', 'fundingTime': '1749225600000', 'instId': 'BTC-USDT-SWAP', 'instType': 'SWAP', 'method': 'current_period', 'realizedRate': '-0.0000182867741832'}"
2025-06-06 16:00:00,1749225600000,-1.82867741832e-05,BTC/USDT:USDT,"{'formulaType': 'withRate', 'fundingRate': '-0.0000182867741832', 'fundingTime': '1749225600000', 'instId': 'BTC-USDT-SWAP', 'instType': 'SWAP', 'method': 'current_period', 'realizedRate': '-0.0000182867741832'}"
2025-06-06 16:00:00,1749225600000,-1.82867741832e-05,BTC/USDT:USDT,"{'formulaType': 'withRate', 'fundingRate': '-0.0000182867741832', 'fundingTime': '1749225600000', 'instId': 'BTC-USDT-SWAP', 'instType': 'SWAP', 'method': 'current_period', 'realizedRate': '-0.0000182867741832'}"
2025-06-06 16:00:00,1749225600000,-1.82867741832e-05,BTC/USDT:USDT,"{'formulaType': 'withRate', 'fundingRate': '-0.0000182867741832', 'fundingTime': '1749225600000', 'instId': 'BTC-USDT-SWAP', 'instType': 'SWAP', 'method': 'current_period', 'realizedRate': '-0.0000182867741832'}"
2025-06-06 16:00:00,1749225600000,-1.82867741832e-05,BTC/USDT:USDT,"{'formulaType': 'withRate', 'fundingRate': '-0.0000182867741832', 'fundingTime': '1749225600000', 'instId': 'BTC-USDT-SWAP', 'instType': 'SWAP', 'method': 'current_period', 'realizedRate': '-0.0000182867741832'}"
2025-06-06 16:00:00,1749225600000,-1.82867741832e-05,BTC/USDT:USDT,"{'formulaType': 'withRate', 'fundingRate': '-0.0000182867741832', 'fundingTime': '1749225600000', 'instId': 'BTC-USDT-SWAP', 'instType': 'SWAP', 'method': 'current_period', 'realizedRate': '-0.0000182867741832'}"
2025-06-06 16:00:00,1749225600000,-1.82867741832e-05,BTC/USDT:USDT,"{'formulaType': 'withRate', 'fundingRate': '-0.0000182867741832', 'fundingTime': '1749225600000', 'instId': 'BTC-USDT-SWAP', 'instType': 'SWAP', 'method': 'current_period', 'realizedRate': '-0.0000182867741832'}"
2025-06-06 16:00:00,1749225600000,-1.82867741832e-05,BTC/USDT:USDT,"{'formulaType': 'withRate', 'fundingRate': '-0.0000182867741832', 'fundingTime': '1749225600000', 'instId': 'BTC-USDT-SWAP', 'instType': 'SWAP', 'method': 'current_period', 'realizedRate': '-0.0000182867741832'}"
2025-06-06 16:00:00,1749225600000,-1.82867741832e-05,BTC/USDT:USDT,"{'formulaType': 'withRate', 'fundingRate': '-0.0000182867741832', 'fundingTime': '1749225600000', 'instId': 'BTC-USDT-SWAP', 'instType': 'SWAP', 'method': 'current_period', 'realizedRate': '-0.0000182867741832'}"
2025-06-06 16:00:00,1749225600000,-1.82867741832e-05,BTC/USDT:USDT,"{'formulaType': 'withRate', 'fundingRate': '-0.0000182867741832', 'fundingTime': '1749225600000', 'instId': 'BTC-USDT-SWAP', 'instType': 'SWAP', 'method': 'current_period', 'realizedRate': '-0.0000182867741832'}"
2025-06-06 16:00:00,1749225600000,-1.82867741832e-05,BTC/USDT:USDT,"{'formulaType': 'withRate', 'fundingRate': '-0.0000182867741832', 'fundingTime': '1749225600000', 'instId': 'BTC-USDT-SWAP', 'instType': 'SWAP', 'method': 'current_period', 'realizedRate': '-0.0000182867741832'}"
2025-06-06 16:00:00,1749225600000,-1.82867741832e-05,BTC/USDT:USDT,"{'formulaType': 'withRate', 'fundingRate': '-0.0000182867741832', 'fundingTime': '1749225600000', 'instId': 'BTC-USDT-SWAP', 'instType': 'SWAP', 'method': 'current_period', 'realizedRate': '-0.0000182867741832'}"
2025-06-06 16:00:00,1749225600000,-1.82867741832e-05,BTC/USDT:USDT,"{'formulaType': 'withRate', 'fundingRate': '-0.0000182867741832', 'fundingTime': '1749225600000', 'instId': 'BTC-USDT-SWAP', 'instType': 'SWAP', 'method': 'current_period', 'realizedRate': '-0.0000182867741832'}"
2025-06-06 16:00:00,1749225600000,-1.82867741832e-05,BTC/USDT:USDT,"{'formulaType': 'withRate', 'fundingRate': '-0.0000182867741832', 'fundingTime': '1749225600000', 'instId': 'BTC-USDT-SWAP', 'instType': 'SWAP', 'method': 'current_period', 'realizedRate': '-0.0000182867741832'}"
2025-06-06 16:00:00,1749225600000,-1.82867741832e-05,BTC/USDT:USDT,"{'formulaType': 'withRate', 'fundingRate': '-0.0000182867741832', 'fundingTime': '1749225600000', 'instId': 'BTC-USDT-SWAP', 'instType': 'SWAP', 'method': 'current_period', 'realizedRate': '-0.0000182867741832'}"
2025-06-06 16:00:00,1749225600000,-1.82867741832e-05,BTC/USDT:USDT,"{'formulaType': 'withRate', 'fundingRate': '-0.0000182867741832', 'fundingTime': '1749225600000', 'instId': 'BTC-USDT-SWAP', 'instType': 'SWAP', 'method': 'current_period', 'realizedRate': '-0.0000182867741832'}"
2025-06-06 16:00:00,1749225600000,-1.82867741832e-05,BTC/USDT:USDT,"{'formulaType': 'withRate', 'fundingRate': '-0.0000182867741832', 'fundingTime': '1749225600000', 'instId': 'BTC-USDT-SWAP', 'instType': 'SWAP', 'method': 'current_period', 'realizedRate': '-0.0000182867741832'}"
2025-06-06 16:00:00,1749225600000,-1.82867741832e-05,BTC/USDT:USDT,"{'formulaType': 'withRate', 'fundingRate': '-0.0000182867741832', 'fundingTime': '1749225600000', 'instId': 'BTC-USDT-SWAP', 'instType': 'SWAP', 'method': 'current_period', 'realizedRate': '-0.0000182867741832'}"
2025-06-06 16:00:00,1749225600000,-1.82867741832e-05,BTC/USDT:USDT,"{'formulaType': 'withRate', 'fundingRate': '-0.0000182867741832', 'fundingTime': '1749225600000', 'instId': 'BTC-USDT-SWAP', 'instType': 'SWAP', 'method': 'current_period', 'realizedRate': '-0.0000182867741832'}"
2025-06-06 16:00:00,1749225600000,-1.82867741832e-05,BTC/USDT:USDT,"{'formulaType': 'withRate', 'fundingRate': '-0.0000182867741832', 'fundingTime': '1749225600000', 'instId': 'BTC-USDT-SWAP', 'instType': 'SWAP', 'method': 'current_period', 'realizedRate': '-0.0000182867741832'}"
2025-06-06 16:00:00,1749225600000,-1.82867741832e-05,BTC/USDT:USDT,"{'formulaType': 'withRate', 'fundingRate': '-0.0000182867741832', 'fundingTime': '1749225600000', 'instId': 'BTC-USDT-SWAP', 'instType': 'SWAP', 'method': 'current_period', 'realizedRate': '-0.0000182867741832'}"
2025-06-06 16:00:00,1749225600000,-1.82867741832e-05,BTC/USDT:USDT,"{'formulaType': 'withRate', 'fundingRate': '-0.0000182867741832', 'fundingTime': '1749225600000', 'instId': 'BTC-USDT-SWAP', 'instType': 'SWAP', 'method': 'current_period', 'realizedRate': '-0.0000182867741832'}"
2025-06-06 16:00:00,1749225600000,-1.82867741832e-05,BTC/USDT:USDT,"{'formulaType': 'withRate', 'fundingRate': '-0.0000182867741832', 'fundingTime': '1749225600000', 'instId': 'BTC-USDT-SWAP', 'instType': 'SWAP', 'method': 'current_period', 'realizedRate': '-0.0000182867741832'}"
2025-06-06 16:00:00,1749225600000,-1.82867741832e-05,BTC/USDT:USDT,"{'formulaType': 'withRate', 'fundingRate': '-0.0000182867741832', 'fundingTime': '1749225600000', 'instId': 'BTC-USDT-SWAP', 'instType': 'SWAP', 'method': 'current_period', 'realizedRate': '-0.0000182867741832'}"
2025-06-06 16:00:00,1749225600000,-1.82867741832e-05,BTC/USDT:USDT,"{'formulaType': 'withRate', 'fundingRate': '-0.0000182867741832', 'fundingTime': '1749225600000', 'instId': 'BTC-USDT-SWAP', 'instType': 'SWAP', 'method': 'current_period', 'realizedRate': '-0.0000182867741832'}"
2025-06-06 16:00:00,1749225600000,-1.82867741832e-05,BTC/USDT:USDT,"{'formulaType': 'withRate', 'fundingRate': '-0.0000182867741832', 'fundingTime': '1749225600000', 'instId': 'BTC-USDT-SWAP', 'instType': 'SWAP', 'method': 'current_period', 'realizedRate': '-0.0000182867741832'}"
2025-06-07 00:00:00,1749254400000,1.71689757947e-05,BTC/USDT:USDT,"{'formulaType': 'withRate', 'fundingRate': '0.0000171689757947', 'fundingTime': '1749254400000', 'instId': 'BTC-USDT-SWAP', 'instType': 'SWAP', 'method': 'current_period', 'realizedRate': '0.0000171689757947'}"
2025-06-07 00:00:00,1749254400000,1.71689757947e-05,BTC/USDT:USDT,"{'formulaType': 'withRate', 'fundingRate': '0.0000171689757947', 'fundingTime': '1749254400000', 'instId': 'BTC-USDT-SWAP', 'instType': 'SWAP', 'method': 'current_period', 'realizedRate': '0.0000171689757947'}"
2025-06-07 00:00:00,1749254400000,1.71689757947e-05,BTC/USDT:USDT,"{'formulaType': 'withRate', 'fundingRate': '0.0000171689757947', 'fundingTime': '1749254400000', 'instId': 'BTC-USDT-SWAP', 'instType': 'SWAP', 'method': 'current_period', 'realizedRate': '0.0000171689757947'}"
2025-06-07 00:00:00,1749254400000,1.71689757947e-05,BTC/USDT:USDT,"{'formulaType': 'withRate', 'fundingRate': '0.0000171689757947', 'fundingTime': '1749254400000', 'instId': 'BTC-USDT-SWAP', 'instType': 'SWAP', 'method': 'current_period', 'realizedRate': '0.0000171689757947'}"
2025-06-07 00:00:00,1749254400000,1.71689757947e-05,BTC/USDT:USDT,"{'formulaType': 'withRate', 'fundingRate': '0.0000171689757947', 'fundingTime': '1749254400000', 'instId': 'BTC-USDT-SWAP', 'instType': 'SWAP', 'method': 'current_period', 'realizedRate': '0.0000171689757947'}"
2025-06-07 00:00:00,1749254400000,1.71689757947e-05,BTC/USDT:USDT,"{'formulaType': 'withRate', 'fundingRate': '0.0000171689757947', 'fundingTime': '1749254400000', 'instId': 'BTC-USDT-SWAP', 'instType': 'SWAP', 'method': 'current_period', 'realizedRate': '0.0000171689757947'}"
2025-06-07 00:00:00,1749254400000,1.71689757947e-05,BTC/USDT:USDT,"{'formulaType': 'withRate', 'fundingRate': '0.0000171689757947', 'fundingTime': '1749254400000', 'instId': 'BTC-USDT-SWAP', 'instType': 'SWAP', 'method': 'current_period', 'realizedRate': '0.0000171689757947'}"
2025-06-07 00:00:00,1749254400000,1.71689757947e-05,BTC/USDT:USDT,"{'formulaType': 'withRate', 'fundingRate': '0.0000171689757947', 'fundingTime': '1749254400000', 'instId': 'BTC-USDT-SWAP', 'instType': 'SWAP', 'method': 'current_period', 'realizedRate': '0.0000171689757947'}"
2025-06-07 00:00:00,1749254400000,1.71689757947e-05,BTC/USDT:USDT,"{'formulaType': 'withRate', 'fundingRate': '0.0000171689757947', 'fundingTime': '1749254400000', 'instId': 'BTC-USDT-SWAP', 'instType': 'SWAP', 'method': 'current_period', 'realizedRate': '0.0000171689757947'}"
2025-06-07 00:00:00,1749254400000,1.71689757947e-05,BTC/USDT:USDT,"{'formulaType': 'withRate', 'fundingRate': '0.0000171689757947', 'fundingTime': '1749254400000', 'instId': 'BTC-USDT-SWAP', 'instType': 'SWAP', 'method': 'current_period', 'realizedRate': '0.0000171689757947'}"
2025-06-07 00:00:00,1749254400000,1.71689757947e-05,BTC/USDT:USDT,"{'formulaType': 'withRate', 'fundingRate': '0.0000171689757947', 'fundingTime': '1749254400000', 'instId': 'BTC-USDT-SWAP', 'instType': 'SWAP', 'method': 'current_period', 'realizedRate': '0.0000171689757947'}"
2025-06-07 00:00:00,1749254400000,1.71689757947e-05,BTC/USDT:USDT,"{'formulaType': 'withRate', 'fundingRate': '0.0000171689757947', 'fundingTime': '1749254400000', 'instId': 'BTC-USDT-SWAP', 'instType': 'SWAP', 'method': 'current_period', 'realizedRate': '0.0000171689757947'}"
2025-06-07 00:00:00,1749254400000,1.71689757947e-05,BTC/USDT:USDT,"{'formulaType': 'withRate', 'fundingRate': '0.0000171689757947', 'fundingTime': '1749254400000', 'instId': 'BTC-USDT-SWAP', 'instType': 'SWAP', 'method': 'current_period', 'realizedRate': '0.0000171689757947'}"
2025-06-07 00:00:00,1749254400000,1.71689757947e-05,BTC/USDT:USDT,"{'formulaType': 'withRate', 'fundingRate': '0.0000171689757947', 'fundingTime': '1749254400000', 'instId': 'BTC-USDT-SWAP', 'instType': 'SWAP', 'method': 'current_period', 'realizedRate': '0.0000171689757947'}"
2025-06-07 00:00:00,1749254400000,1.71689757947e-05,BTC/USDT:USDT,"{'formulaType': 'withRate', 'fundingRate': '0.0000171689757947', 'fundingTime': '1749254400000', 'instId': 'BTC-USDT-SWAP', 'instType': 'SWAP', 'method': 'current_period', 'realizedRate': '0.0000171689757947'}"
2025-06-07 00:00:00,1749254400000,1.71689757947e-05,BTC/USDT:USDT,"{'formulaType': 'withRate', 'fundingRate': '0.0000171689757947', 'fundingTime': '1749254400000', 'instId': 'BTC-USDT-SWAP', 'instType': 'SWAP', 'method': 'current_period', 'realizedRate': '0.0000171689757947'}"
2025-06-07 00:00:00,1749254400000,1.71689757947e-05,BTC/USDT:USDT,"{'formulaType': 'withRate', 'fundingRate': '0.0000171689757947', 'fundingTime': '1749254400000', 'instId': 'BTC-USDT-SWAP', 'instType': 'SWAP', 'method': 'current_period', 'realizedRate': '0.0000171689757947'}"
2025-06-07 00:00:00,1749254400000,1.71689757947e-05,BTC/USDT:USDT,"{'formulaType': 'withRate', 'fundingRate': '0.0000171689757947', 'fundingTime': '1749254400000', 'instId': 'BTC-USDT-SWAP', 'instType': 'SWAP', 'method': 'current_period', 'realizedRate': '0.0000171689757947'}"
2025-06-07 00:00:00,1749254400000,1.71689757947e-05,BTC/USDT:USDT,"{'formulaType': 'withRate', 'fundingRate': '0.0000171689757947', 'fundingTime': '1749254400000', 'instId': 'BTC-USDT-SWAP', 'instType': 'SWAP', 'method': 'current_period', 'realizedRate': '0.0000171689757947'}"
2025-06-07 00:00:00,1749254400000,1.71689757947e-05,BTC/USDT:USDT,"{'formulaType': 'withRate', 'fundingRate': '0.0000171689757947', 'fundingTime': '1749254400000', 'instId': 'BTC-USDT-SWAP', 'instType': 'SWAP', 'method': 'current_period', 'realizedRate': '0.0000171689757947'}"
2025-06-07 00:00:00,1749254400000,1.71689757947e-05,BTC/USDT:USDT,"{'formulaType': 'withRate', 'fundingRate': '0.0000171689757947', 'fundingTime': '1749254400000', 'instId': 'BTC-USDT-SWAP', 'instType': 'SWAP', 'method': 'current_period', 'realizedRate': '0.0000171689757947'}"
2025-06-07 00:00:00,1749254400000,1.71689757947e-05,BTC/USDT:USDT,"{'formulaType': 'withRate', 'fundingRate': '0.0000171689757947', 'fundingTime': '1749254400000', 'instId': 'BTC-USDT-SWAP', 'instType': 'SWAP', 'method': 'current_period', 'realizedRate': '0.0000171689757947'}"
2025-06-07 00:00:00,1749254400000,1.71689757947e-05,BTC/USDT:USDT,"{'formulaType': 'withRate', 'fundingRate': '0.0000171689757947', 'fundingTime': '1749254400000', 'instId': 'BTC-USDT-SWAP', 'instType': 'SWAP', 'method': 'current_period', 'realizedRate': '0.0000171689757947'}"
2025-06-07 00:00:00,1749254400000,1.71689757947e-05,BTC/USDT:USDT,"{'formulaType': 'withRate', 'fundingRate': '0.0000171689757947', 'fundingTime': '1749254400000', 'instId': 'BTC-USDT-SWAP', 'instType': 'SWAP', 'method': 'current_period', 'realizedRate': '0.0000171689757947'}"
2025-06-07 00:00:00,1749254400000,1.71689757947e-05,BTC/USDT:USDT,"{'formulaType': 'withRate', 'fundingRate': '0.0000171689757947', 'fundingTime': '1749254400000', 'instId': 'BTC-USDT-SWAP', 'instType': 'SWAP', 'method': 'current_period', 'realizedRate': '0.0000171689757947'}"
2025-06-07 00:00:00,1749254400000,1.71689757947e-05,BTC/USDT:USDT,"{'formulaType': 'withRate', 'fundingRate': '0.0000171689757947', 'fundingTime': '1749254400000', 'instId': 'BTC-USDT-SWAP', 'instType': 'SWAP', 'method': 'current_period', 'realizedRate': '0.0000171689757947'}"
2025-06-07 00:00:00,1749254400000,1.71689757947e-05,BTC/USDT:USDT,"{'formulaType': 'withRate', 'fundingRate': '0.0000171689757947', 'fundingTime': '1749254400000', 'instId': 'BTC-USDT-SWAP', 'instType': 'SWAP', 'method': 'current_period', 'realizedRate': '0.0000171689757947'}"
2025-06-07 00:00:00,1749254400000,1.71689757947e-05,BTC/USDT:USDT,"{'formulaType': 'withRate', 'fundingRate': '0.0000171689757947', 'fundingTime': '1749254400000', 'instId': 'BTC-USDT-SWAP', 'instType': 'SWAP', 'method': 'current_period', 'realizedRate': '0.0000171689757947'}"
2025-06-07 00:00:00,1749254400000,1.71689757947e-05,BTC/USDT:USDT,"{'formulaType': 'withRate', 'fundingRate': '0.0000171689757947', 'fundingTime': '1749254400000', 'instId': 'BTC-USDT-SWAP', 'instType': 'SWAP', 'method': 'current_period', 'realizedRate': '0.0000171689757947'}"
2025-06-07 00:00:00,1749254400000,1.71689757947e-05,BTC/USDT:USDT,"{'formulaType': 'withRate', 'fundingRate': '0.0000171689757947', 'fundingTime': '1749254400000', 'instId': 'BTC-USDT-SWAP', 'instType': 'SWAP', 'method': 'current_period', 'realizedRate': '0.0000171689757947'}"
2025-06-07 00:00:00,1749254400000,1.71689757947e-05,BTC/USDT:USDT,"{'formulaType': 'withRate', 'fundingRate': '0.0000171689757947', 'fundingTime': '1749254400000', 'instId': 'BTC-USDT-SWAP', 'instType': 'SWAP', 'method': 'current_period', 'realizedRate': '0.0000171689757947'}"
2025-06-07 00:00:00,1749254400000,1.71689757947e-05,BTC/USDT:USDT,"{'formulaType': 'withRate', 'fundingRate': '0.0000171689757947', 'fundingTime': '1749254400000', 'instId': 'BTC-USDT-SWAP', 'instType': 'SWAP', 'method': 'current_period', 'realizedRate': '0.0000171689757947'}"
2025-06-07 00:00:00,1749254400000,1.71689757947e-05,BTC/USDT:USDT,"{'formulaType': 'withRate', 'fundingRate': '0.0000171689757947', 'fundingTime': '1749254400000', 'instId': 'BTC-USDT-SWAP', 'instType': 'SWAP', 'method': 'current_period', 'realizedRate': '0.0000171689757947'}"
2025-06-07 00:00:00,1749254400000,1.71689757947e-05,BTC/USDT:USDT,"{'formulaType': 'withRate', 'fundingRate': '0.0000171689757947', 'fundingTime': '1749254400000', 'instId': 'BTC-USDT-SWAP', 'instType': 'SWAP', 'method': 'current_period', 'realizedRate': '0.0000171689757947'}"
2025-06-07 00:00:00,1749254400000,1.71689757947e-05,BTC/USDT:USDT,"{'formulaType': 'withRate', 'fundingRate': '0.0000171689757947', 'fundingTime': '1749254400000', 'instId': 'BTC-USDT-SWAP', 'instType': 'SWAP', 'method': 'current_period', 'realizedRate': '0.0000171689757947'}"
2025-06-07 00:00:00,1749254400000,1.71689757947e-05,BTC/USDT:USDT,"{'formulaType': 'withRate', 'fundingRate': '0.0000171689757947', 'fundingTime': '1749254400000', 'instId': 'BTC-USDT-SWAP', 'instType': 'SWAP', 'method': 'current_period', 'realizedRate': '0.0000171689757947'}"
2025-06-07 00:00:00,1749254400000,1.71689757947e-05,BTC/USDT:USDT,"{'formulaType': 'withRate', 'fundingRate': '0.0000171689757947', 'fundingTime': '1749254400000', 'instId': 'BTC-USDT-SWAP', 'instType': 'SWAP', 'method': 'current_period', 'realizedRate': '0.0000171689757947'}"
2025-06-07 08:00:00,1749283200000,-2.72392117232e-05,BTC/USDT:USDT,"{'formulaType': 'withRate', 'fundingRate': '-0.0000272392117232', 'fundingTime': '1749283200000', 'instId': 'BTC-USDT-SWAP', 'instType': 'SWAP', 'method': 'current_period', 'realizedRate': '-0.0000272392117232'}"
2025-06-07 08:00:00,1749283200000,-2.72392117232e-05,BTC/USDT:USDT,"{'formulaType': 'withRate', 'fundingRate': '-0.0000272392117232', 'fundingTime': '1749283200000', 'instId': 'BTC-USDT-SWAP', 'instType': 'SWAP', 'method': 'current_period', 'realizedRate': '-0.0000272392117232'}"
2025-06-07 08:00:00,1749283200000,-2.72392117232e-05,BTC/USDT:USDT,"{'formulaType': 'withRate', 'fundingRate': '-0.0000272392117232', 'fundingTime': '1749283200000', 'instId': 'BTC-USDT-SWAP', 'instType': 'SWAP', 'method': 'current_period', 'realizedRate': '-0.0000272392117232'}"
2025-06-07 08:00:00,1749283200000,-2.72392117232e-05,BTC/USDT:USDT,"{'formulaType': 'withRate', 'fundingRate': '-0.0000272392117232', 'fundingTime': '1749283200000', 'instId': 'BTC-USDT-SWAP', 'instType': 'SWAP', 'method': 'current_period', 'realizedRate': '-0.0000272392117232'}"
2025-06-07 08:00:00,1749283200000,-2.72392117232e-05,BTC/USDT:USDT,"{'formulaType': 'withRate', 'fundingRate': '-0.0000272392117232', 'fundingTime': '1749283200000', 'instId': 'BTC-USDT-SWAP', 'instType': 'SWAP', 'method': 'current_period', 'realizedRate': '-0.0000272392117232'}"
2025-06-07 08:00:00,1749283200000,-2.72392117232e-05,BTC/USDT:USDT,"{'formulaType': 'withRate', 'fundingRate': '-0.0000272392117232', 'fundingTime': '1749283200000', 'instId': 'BTC-USDT-SWAP', 'instType': 'SWAP', 'method': 'current_period', 'realizedRate': '-0.0000272392117232'}"
2025-06-07 08:00:00,1749283200000,-2.72392117232e-05,BTC/USDT:USDT,"{'formulaType': 'withRate', 'fundingRate': '-0.0000272392117232', 'fundingTime': '1749283200000', 'instId': 'BTC-USDT-SWAP', 'instType': 'SWAP', 'method': 'current_period', 'realizedRate': '-0.0000272392117232'}"
2025-06-07 08:00:00,1749283200000,-2.72392117232e-05,BTC/USDT:USDT,"{'formulaType': 'withRate', 'fundingRate': '-0.0000272392117232', 'fundingTime': '1749283200000', 'instId': 'BTC-USDT-SWAP', 'instType': 'SWAP', 'method': 'current_period', 'realizedRate': '-0.0000272392117232'}"
2025-06-07 08:00:00,1749283200000,-2.72392117232e-05,BTC/USDT:USDT,"{'formulaType': 'withRate', 'fundingRate': '-0.0000272392117232', 'fundingTime': '1749283200000', 'instId': 'BTC-USDT-SWAP', 'instType': 'SWAP', 'method': 'current_period', 'realizedRate': '-0.0000272392117232'}"
2025-06-07 08:00:00,1749283200000,-2.72392117232e-05,BTC/USDT:USDT,"{'formulaType': 'withRate', 'fundingRate': '-0.0000272392117232', 'fundingTime': '1749283200000', 'instId': 'BTC-USDT-SWAP', 'instType': 'SWAP', 'method': 'current_period', 'realizedRate': '-0.0000272392117232'}"
2025-06-07 08:00:00,1749283200000,-2.72392117232e-05,BTC/USDT:USDT,"{'formulaType': 'withRate', 'fundingRate': '-0.0000272392117232', 'fundingTime': '1749283200000', 'instId': 'BTC-USDT-SWAP', 'instType': 'SWAP', 'method': 'current_period', 'realizedRate': '-0.0000272392117232'}"
2025-06-07 08:00:00,1749283200000,-2.72392117232e-05,BTC/USDT:USDT,"{'formulaType': 'withRate', 'fundingRate': '-0.0000272392117232', 'fundingTime': '1749283200000', 'instId': 'BTC-USDT-SWAP', 'instType': 'SWAP', 'method': 'current_period', 'realizedRate': '-0.0000272392117232'}"
2025-06-07 08:00:00,1749283200000,-2.72392117232e-05,BTC/USDT:USDT,"{'formulaType': 'withRate', 'fundingRate': '-0.0000272392117232', 'fundingTime': '1749283200000', 'instId': 'BTC-USDT-SWAP', 'instType': 'SWAP', 'method': 'current_period', 'realizedRate': '-0.0000272392117232'}"
2025-06-07 08:00:00,1749283200000,-2.72392117232e-05,BTC/USDT:USDT,"{'formulaType': 'withRate', 'fundingRate': '-0.0000272392117232', 'fundingTime': '1749283200000', 'instId': 'BTC-USDT-SWAP', 'instType': 'SWAP', 'method': 'current_period', 'realizedRate': '-0.0000272392117232'}"
2025-06-07 08:00:00,1749283200000,-2.72392117232e-05,BTC/USDT:USDT,"{'formulaType': 'withRate', 'fundingRate': '-0.0000272392117232', 'fundingTime': '1749283200000', 'instId': 'BTC-USDT-SWAP', 'instType': 'SWAP', 'method': 'current_period', 'realizedRate': '-0.0000272392117232'}"
2025-06-07 08:00:00,1749283200000,-2.72392117232e-05,BTC/USDT:USDT,"{'formulaType': 'withRate', 'fundingRate': '-0.0000272392117232', 'fundingTime': '1749283200000', 'instId': 'BTC-USDT-SWAP', 'instType': 'SWAP', 'method': 'current_period', 'realizedRate': '-0.0000272392117232'}"
2025-06-07 08:00:00,1749283200000,-2.72392117232e-05,BTC/USDT:USDT,"{'formulaType': 'withRate', 'fundingRate': '-0.0000272392117232', 'fundingTime': '1749283200000', 'instId': 'BTC-USDT-SWAP', 'instType': 'SWAP', 'method': 'current_period', 'realizedRate': '-0.0000272392117232'}"
2025-06-07 08:00:00,1749283200000,-2.72392117232e-05,BTC/USDT:USDT,"{'formulaType': 'withRate', 'fundingRate': '-0.0000272392117232', 'fundingTime': '1749283200000', 'instId': 'BTC-USDT-SWAP', 'instType': 'SWAP', 'method': 'current_period', 'realizedRate': '-0.0000272392117232'}"
2025-06-07 08:00:00,1749283200000,-2.72392117232e-05,BTC/USDT:USDT,"{'formulaType': 'withRate', 'fundingRate': '-0.0000272392117232', 'fundingTime': '1749283200000', 'instId': 'BTC-USDT-SWAP', 'instType': 'SWAP', 'method': 'current_period', 'realizedRate': '-0.0000272392117232'}"
2025-06-07 08:00:00,1749283200000,-2.72392117232e-05,BTC/USDT:USDT,"{'formulaType': 'withRate', 'fundingRate': '-0.0000272392117232', 'fundingTime': '1749283200000', 'instId': 'BTC-USDT-SWAP', 'instType': 'SWAP', 'method': 'current_period', 'realizedRate': '-0.0000272392117232'}"
2025-06-07 08:00:00,1749283200000,-2.72392117232e-05,BTC/USDT:USDT,"{'formulaType': 'withRate', 'fundingRate': '-0.0000272392117232', 'fundingTime': '1749283200000', 'instId': 'BTC-USDT-SWAP', 'instType': 'SWAP', 'method': 'current_period', 'realizedRate': '-0.0000272392117232'}"
2025-06-07 08:00:00,1749283200000,-2.72392117232e-05,BTC/USDT:USDT,"{'formulaType': 'withRate', 'fundingRate': '-0.0000272392117232', 'fundingTime': '1749283200000', 'instId': 'BTC-USDT-SWAP', 'instType': 'SWAP', 'method': 'current_period', 'realizedRate': '-0.0000272392117232'}"
2025-06-07 08:00:00,1749283200000,-2.72392117232e-05,BTC/USDT:USDT,"{'formulaType': 'withRate', 'fundingRate': '-0.0000272392117232', 'fundingTime': '1749283200000', 'instId': 'BTC-USDT-SWAP', 'instType': 'SWAP', 'method': 'current_period', 'realizedRate': '-0.0000272392117232'}"
2025-06-07 08:00:00,1749283200000,-2.72392117232e-05,BTC/USDT:USDT,"{'formulaType': 'withRate', 'fundingRate': '-0.0000272392117232', 'fundingTime': '1749283200000', 'instId': 'BTC-USDT-SWAP', 'instType': 'SWAP', 'method': 'current_period', 'realizedRate': '-0.0000272392117232'}"
2025-06-07 08:00:00,1749283200000,-2.72392117232e-05,BTC/USDT:USDT,"{'formulaType': 'withRate', 'fundingRate': '-0.0000272392117232', 'fundingTime': '1749283200000', 'instId': 'BTC-USDT-SWAP', 'instType': 'SWAP', 'method': 'current_period', 'realizedRate': '-0.0000272392117232'}"
2025-06-07 08:00:00,1749283200000,-2.72392117232e-05,BTC/USDT:USDT,"{'formulaType': 'withRate', 'fundingRate': '-0.0000272392117232', 'fundingTime': '1749283200000', 'instId': 'BTC-USDT-SWAP', 'instType': 'SWAP', 'method': 'current_period', 'realizedRate': '-0.0000272392117232'}"
2025-06-07 08:00:00,1749283200000,-2.72392117232e-05,BTC/USDT:USDT,"{'formulaType': 'withRate', 'fundingRate': '-0.0000272392117232', 'fundingTime': '1749283200000', 'instId': 'BTC-USDT-SWAP', 'instType': 'SWAP', 'method': 'current_period', 'realizedRate': '-0.0000272392117232'}"
2025-06-07 08:00:00,1749283200000,-2.72392117232e-05,BTC/USDT:USDT,"{'formulaType': 'withRate', 'fundingRate': '-0.0000272392117232', 'fundingTime': '1749283200000', 'instId': 'BTC-USDT-SWAP', 'instType': 'SWAP', 'method': 'current_period', 'realizedRate': '-0.0000272392117232'}"
2025-06-07 08:00:00,1749283200000,-2.72392117232e-05,BTC/USDT:USDT,"{'formulaType': 'withRate', 'fundingRate': '-0.0000272392117232', 'fundingTime': '1749283200000', 'instId': 'BTC-USDT-SWAP', 'instType': 'SWAP', 'method': 'current_period', 'realizedRate': '-0.0000272392117232'}"
2025-06-07 08:00:00,1749283200000,-2.72392117232e-05,BTC/USDT:USDT,"{'formulaType': 'withRate', 'fundingRate': '-0.0000272392117232', 'fundingTime': '1749283200000', 'instId': 'BTC-USDT-SWAP', 'instType': 'SWAP', 'method': 'current_period', 'realizedRate': '-0.0000272392117232'}"
2025-06-07 08:00:00,1749283200000,-2.72392117232e-05,BTC/USDT:USDT,"{'formulaType': 'withRate', 'fundingRate': '-0.0000272392117232', 'fundingTime': '1749283200000', 'instId': 'BTC-USDT-SWAP', 'instType': 'SWAP', 'method': 'current_period', 'realizedRate': '-0.0000272392117232'}"
2025-06-07 08:00:00,1749283200000,-2.72392117232e-05,BTC/USDT:USDT,"{'formulaType': 'withRate', 'fundingRate': '-0.0000272392117232', 'fundingTime': '1749283200000', 'instId': 'BTC-USDT-SWAP', 'instType': 'SWAP', 'method': 'current_period', 'realizedRate': '-0.0000272392117232'}"
2025-06-07 08:00:00,1749283200000,-2.72392117232e-05,BTC/USDT:USDT,"{'formulaType': 'withRate', 'fundingRate': '-0.0000272392117232', 'fundingTime': '1749283200000', 'instId': 'BTC-USDT-SWAP', 'instType': 'SWAP', 'method': 'current_period', 'realizedRate': '-0.0000272392117232'}"
2025-06-07 08:00:00,1749283200000,-2.72392117232e-05,BTC/USDT:USDT,"{'formulaType': 'withRate', 'fundingRate': '-0.0000272392117232', 'fundingTime': '1749283200000', 'instId': 'BTC-USDT-SWAP', 'instType': 'SWAP', 'method': 'current_period', 'realizedRate': '-0.0000272392117232'}"
2025-06-07 08:00:00,1749283200000,-2.72392117232e-05,BTC/USDT:USDT,"{'formulaType': 'withRate', 'fundingRate': '-0.0000272392117232', 'fundingTime': '1749283200000', 'instId': 'BTC-USDT-SWAP', 'instType': 'SWAP', 'method': 'current_period', 'realizedRate': '-0.0000272392117232'}"
2025-06-07 08:00:00,1749283200000,-2.72392117232e-05,BTC/USDT:USDT,"{'formulaType': 'withRate', 'fundingRate': '-0.0000272392117232', 'fundingTime': '1749283200000', 'instId': 'BTC-USDT-SWAP', 'instType': 'SWAP', 'method': 'current_period', 'realizedRate': '-0.0000272392117232'}"
2025-06-07 08:00:00,1749283200000,-2.72392117232e-05,BTC/USDT:USDT,"{'formulaType': 'withRate', 'fundingRate': '-0.0000272392117232', 'fundingTime': '1749283200000', 'instId': 'BTC-USDT-SWAP', 'instType': 'SWAP', 'method': 'current_period', 'realizedRate': '-0.0000272392117232'}"
2025-06-07 16:00:00,1749312000000,-5.51596543439e-05,BTC/USDT:USDT,"{'formulaType': 'withRate', 'fundingRate': '-0.0000551596543439', 'fundingTime': '1749312000000', 'instId': 'BTC-USDT-SWAP', 'instType': 'SWAP', 'method': 'current_period', 'realizedRate': '-0.0000551596543439'}"
2025-06-07 16:00:00,1749312000000,-5.51596543439e-05,BTC/USDT:USDT,"{'formulaType': 'withRate', 'fundingRate': '-0.0000551596543439', 'fundingTime': '1749312000000', 'instId': 'BTC-USDT-SWAP', 'instType': 'SWAP', 'method': 'current_period', 'realizedRate': '-0.0000551596543439'}"
2025-06-07 16:00:00,1749312000000,-5.51596543439e-05,BTC/USDT:USDT,"{'formulaType': 'withRate', 'fundingRate': '-0.0000551596543439', 'fundingTime': '1749312000000', 'instId': 'BTC-USDT-SWAP', 'instType': 'SWAP', 'method': 'current_period', 'realizedRate': '-0.0000551596543439'}"
2025-06-07 16:00:00,1749312000000,-5.51596543439e-05,BTC/USDT:USDT,"{'formulaType': 'withRate', 'fundingRate': '-0.0000551596543439', 'fundingTime': '1749312000000', 'instId': 'BTC-USDT-SWAP', 'instType': 'SWAP', 'method': 'current_period', 'realizedRate': '-0.0000551596543439'}"
2025-06-07 16:00:00,1749312000000,-5.51596543439e-05,BTC/USDT:USDT,"{'formulaType': 'withRate', 'fundingRate': '-0.0000551596543439', 'fundingTime': '1749312000000', 'instId': 'BTC-USDT-SWAP', 'instType': 'SWAP', 'method': 'current_period', 'realizedRate': '-0.0000551596543439'}"
2025-06-07 16:00:00,1749312000000,-5.51596543439e-05,BTC/USDT:USDT,"{'formulaType': 'withRate', 'fundingRate': '-0.0000551596543439', 'fundingTime': '1749312000000', 'instId': 'BTC-USDT-SWAP', 'instType': 'SWAP', 'method': 'current_period', 'realizedRate': '-0.0000551596543439'}"
2025-06-07 16:00:00,1749312000000,-5.51596543439e-05,BTC/USDT:USDT,"{'formulaType': 'withRate', 'fundingRate': '-0.0000551596543439', 'fundingTime': '1749312000000', 'instId': 'BTC-USDT-SWAP', 'instType': 'SWAP', 'method': 'current_period', 'realizedRate': '-0.0000551596543439'}"
2025-06-07 16:00:00,1749312000000,-5.51596543439e-05,BTC/USDT:USDT,"{'formulaType': 'withRate', 'fundingRate': '-0.0000551596543439', 'fundingTime': '1749312000000', 'instId': 'BTC-USDT-SWAP', 'instType': 'SWAP', 'method': 'current_period', 'realizedRate': '-0.0000551596543439'}"
2025-06-07 16:00:00,1749312000000,-5.51596543439e-05,BTC/USDT:USDT,"{'formulaType': 'withRate', 'fundingRate': '-0.0000551596543439', 'fundingTime': '1749312000000', 'instId': 'BTC-USDT-SWAP', 'instType': 'SWAP', 'method': 'current_period', 'realizedRate': '-0.0000551596543439'}"
2025-06-07 16:00:00,1749312000000,-5.51596543439e-05,BTC/USDT:USDT,"{'formulaType': 'withRate', 'fundingRate': '-0.0000551596543439', 'fundingTime': '1749312000000', 'instId': 'BTC-USDT-SWAP', 'instType': 'SWAP', 'method': 'current_period', 'realizedRate': '-0.0000551596543439'}"
2025-06-07 16:00:00,1749312000000,-5.51596543439e-05,BTC/USDT:USDT,"{'formulaType': 'withRate', 'fundingRate': '-0.0000551596543439', 'fundingTime': '1749312000000', 'instId': 'BTC-USDT-SWAP', 'instType': 'SWAP', 'method': 'current_period', 'realizedRate': '-0.0000551596543439'}"
2025-06-07 16:00:00,1749312000000,-5.51596543439e-05,BTC/USDT:USDT,"{'formulaType': 'withRate', 'fundingRate': '-0.0000551596543439', 'fundingTime': '1749312000000', 'instId': 'BTC-USDT-SWAP', 'instType': 'SWAP', 'method': 'current_period', 'realizedRate': '-0.0000551596543439'}"
2025-06-07 16:00:00,1749312000000,-5.51596543439e-05,BTC/USDT:USDT,"{'formulaType': 'withRate', 'fundingRate': '-0.0000551596543439', 'fundingTime': '1749312000000', 'instId': 'BTC-USDT-SWAP', 'instType': 'SWAP', 'method': 'current_period', 'realizedRate': '-0.0000551596543439'}"
2025-06-07 16:00:00,1749312000000,-5.51596543439e-05,BTC/USDT:USDT,"{'formulaType': 'withRate', 'fundingRate': '-0.0000551596543439', 'fundingTime': '1749312000000', 'instId': 'BTC-USDT-SWAP', 'instType': 'SWAP', 'method': 'current_period', 'realizedRate': '-0.0000551596543439'}"
2025-06-07 16:00:00,1749312000000,-5.51596543439e-05,BTC/USDT:USDT,"{'formulaType': 'withRate', 'fundingRate': '-0.0000551596543439', 'fundingTime': '1749312000000', 'instId': 'BTC-USDT-SWAP', 'instType': 'SWAP', 'method': 'current_period', 'realizedRate': '-0.0000551596543439'}"
2025-06-07 16:00:00,1749312000000,-5.51596543439e-05,BTC/USDT:USDT,"{'formulaType': 'withRate', 'fundingRate': '-0.0000551596543439', 'fundingTime': '1749312000000', 'instId': 'BTC-USDT-SWAP', 'instType': 'SWAP', 'method': 'current_period', 'realizedRate': '-0.0000551596543439'}"
2025-06-07 16:00:00,1749312000000,-5.51596543439e-05,BTC/USDT:USDT,"{'formulaType': 'withRate', 'fundingRate': '-0.0000551596543439', 'fundingTime': '1749312000000', 'instId': 'BTC-USDT-SWAP', 'instType': 'SWAP', 'method': 'current_period', 'realizedRate': '-0.0000551596543439'}"
2025-06-07 16:00:00,1749312000000,-5.51596543439e-05,BTC/USDT:USDT,"{'formulaType': 'withRate', 'fundingRate': '-0.0000551596543439', 'fundingTime': '1749312000000', 'instId': 'BTC-USDT-SWAP', 'instType': 'SWAP', 'method': 'current_period', 'realizedRate': '-0.0000551596543439'}"
2025-06-07 16:00:00,1749312000000,-5.51596543439e-05,BTC/USDT:USDT,"{'formulaType': 'withRate', 'fundingRate': '-0.0000551596543439', 'fundingTime': '1749312000000', 'instId': 'BTC-USDT-SWAP', 'instType': 'SWAP', 'method': 'current_period', 'realizedRate': '-0.0000551596543439'}"
2025-06-07 16:00:00,1749312000000,-5.51596543439e-05,BTC/USDT:USDT,"{'formulaType': 'withRate', 'fundingRate': '-0.0000551596543439', 'fundingTime': '1749312000000', 'instId': 'BTC-USDT-SWAP', 'instType': 'SWAP', 'method': 'current_period', 'realizedRate': '-0.0000551596543439'}"
2025-06-07 16:00:00,1749312000000,-5.51596543439e-05,BTC/USDT:USDT,"{'formulaType': 'withRate', 'fundingRate': '-0.0000551596543439', 'fundingTime': '1749312000000', 'instId': 'BTC-USDT-SWAP', 'instType': 'SWAP', 'method': 'current_period', 'realizedRate': '-0.0000551596543439'}"
2025-06-07 16:00:00,1749312000000,-5.51596543439e-05,BTC/USDT:USDT,"{'formulaType': 'withRate', 'fundingRate': '-0.0000551596543439', 'fundingTime': '1749312000000', 'instId': 'BTC-USDT-SWAP', 'instType': 'SWAP', 'method': 'current_period', 'realizedRate': '-0.0000551596543439'}"
2025-06-07 16:00:00,1749312000000,-5.51596543439e-05,BTC/USDT:USDT,"{'formulaType': 'withRate', 'fundingRate': '-0.0000551596543439', 'fundingTime': '1749312000000', 'instId': 'BTC-USDT-SWAP', 'instType': 'SWAP', 'method': 'current_period', 'realizedRate': '-0.0000551596543439'}"
2025-06-07 16:00:00,1749312000000,-5.51596543439e-05,BTC/USDT:USDT,"{'formulaType': 'withRate', 'fundingRate': '-0.0000551596543439', 'fundingTime': '1749312000000', 'instId': 'BTC-USDT-SWAP', 'instType': 'SWAP', 'method': 'current_period', 'realizedRate': '-0.0000551596543439'}"
2025-06-07 16:00:00,1749312000000,-5.51596543439e-05,BTC/USDT:USDT,"{'formulaType': 'withRate', 'fundingRate': '-0.0000551596543439', 'fundingTime': '1749312000000', 'instId': 'BTC-USDT-SWAP', 'instType': 'SWAP', 'method': 'current_period', 'realizedRate': '-0.0000551596543439'}"
2025-06-07 16:00:00,1749312000000,-5.51596543439e-05,BTC/USDT:USDT,"{'formulaType': 'withRate', 'fundingRate': '-0.0000551596543439', 'fundingTime': '1749312000000', 'instId': 'BTC-USDT-SWAP', 'instType': 'SWAP', 'method': 'current_period', 'realizedRate': '-0.0000551596543439'}"
2025-06-07 16:00:00,1749312000000,-5.51596543439e-05,BTC/USDT:USDT,"{'formulaType': 'withRate', 'fundingRate': '-0.0000551596543439', 'fundingTime': '1749312000000', 'instId': 'BTC-USDT-SWAP', 'instType': 'SWAP', 'method': 'current_period', 'realizedRate': '-0.0000551596543439'}"
2025-06-07 16:00:00,1749312000000,-5.51596543439e-05,BTC/USDT:USDT,"{'formulaType': 'withRate', 'fundingRate': '-0.0000551596543439', 'fundingTime': '1749312000000', 'instId': 'BTC-USDT-SWAP', 'instType': 'SWAP', 'method': 'current_period', 'realizedRate': '-0.0000551596543439'}"
2025-06-07 16:00:00,1749312000000,-5.51596543439e-05,BTC/USDT:USDT,"{'formulaType': 'withRate', 'fundingRate': '-0.0000551596543439', 'fundingTime': '1749312000000', 'instId': 'BTC-USDT-SWAP', 'instType': 'SWAP', 'method': 'current_period', 'realizedRate': '-0.0000551596543439'}"
2025-06-07 16:00:00,1749312000000,-5.51596543439e-05,BTC/USDT:USDT,"{'formulaType': 'withRate', 'fundingRate': '-0.0000551596543439', 'fundingTime': '1749312000000', 'instId': 'BTC-USDT-SWAP', 'instType': 'SWAP', 'method': 'current_period', 'realizedRate': '-0.0000551596543439'}"
2025-06-07 16:00:00,1749312000000,-5.51596543439e-05,BTC/USDT:USDT,"{'formulaType': 'withRate', 'fundingRate': '-0.0000551596543439', 'fundingTime': '1749312000000', 'instId': 'BTC-USDT-SWAP', 'instType': 'SWAP', 'method': 'current_period', 'realizedRate': '-0.0000551596543439'}"
2025-06-07 16:00:00,1749312000000,-5.51596543439e-05,BTC/USDT:USDT,"{'formulaType': 'withRate', 'fundingRate': '-0.0000551596543439', 'fundingTime': '1749312000000', 'instId': 'BTC-USDT-SWAP', 'instType': 'SWAP', 'method': 'current_period', 'realizedRate': '-0.0000551596543439'}"
2025-06-07 16:00:00,1749312000000,-5.51596543439e-05,BTC/USDT:USDT,"{'formulaType': 'withRate', 'fundingRate': '-0.0000551596543439', 'fundingTime': '1749312000000', 'instId': 'BTC-USDT-SWAP', 'instType': 'SWAP', 'method': 'current_period', 'realizedRate': '-0.0000551596543439'}"
2025-06-07 16:00:00,1749312000000,-5.51596543439e-05,BTC/USDT:USDT,"{'formulaType': 'withRate', 'fundingRate': '-0.0000551596543439', 'fundingTime': '1749312000000', 'instId': 'BTC-USDT-SWAP', 'instType': 'SWAP', 'method': 'current_period', 'realizedRate': '-0.0000551596543439'}"
2025-06-07 16:00:00,1749312000000,-5.51596543439e-05,BTC/USDT:USDT,"{'formulaType': 'withRate', 'fundingRate': '-0.0000551596543439', 'fundingTime': '1749312000000', 'instId': 'BTC-USDT-SWAP', 'instType': 'SWAP', 'method': 'current_period', 'realizedRate': '-0.0000551596543439'}"
2025-06-07 16:00:00,1749312000000,-5.51596543439e-05,BTC/USDT:USDT,"{'formulaType': 'withRate', 'fundingRate': '-0.0000551596543439', 'fundingTime': '1749312000000', 'instId': 'BTC-USDT-SWAP', 'instType': 'SWAP', 'method': 'current_period', 'realizedRate': '-0.0000551596543439'}"
2025-06-07 16:00:00,1749312000000,-5.51596543439e-05,BTC/USDT:USDT,"{'formulaType': 'withRate', 'fundingRate': '-0.0000551596543439', 'fundingTime': '1749312000000', 'instId': 'BTC-USDT-SWAP', 'instType': 'SWAP', 'method': 'current_period', 'realizedRate': '-0.0000551596543439'}"
2025-06-08 00:00:00,1749340800000,-5.7900118386e-06,BTC/USDT:USDT,"{'formulaType': 'withRate', 'fundingRate': '-0.0000057900118386', 'fundingTime': '1749340800000', 'instId': 'BTC-USDT-SWAP', 'instType': 'SWAP', 'method': 'current_period', 'realizedRate': '-0.0000057900118386'}"
2025-06-08 00:00:00,1749340800000,-5.7900118386e-06,BTC/USDT:USDT,"{'formulaType': 'withRate', 'fundingRate': '-0.0000057900118386', 'fundingTime': '1749340800000', 'instId': 'BTC-USDT-SWAP', 'instType': 'SWAP', 'method': 'current_period', 'realizedRate': '-0.0000057900118386'}"
2025-06-08 00:00:00,1749340800000,-5.7900118386e-06,BTC/USDT:USDT,"{'formulaType': 'withRate', 'fundingRate': '-0.0000057900118386', 'fundingTime': '1749340800000', 'instId': 'BTC-USDT-SWAP', 'instType': 'SWAP', 'method': 'current_period', 'realizedRate': '-0.0000057900118386'}"
2025-06-08 00:00:00,1749340800000,-5.7900118386e-06,BTC/USDT:USDT,"{'formulaType': 'withRate', 'fundingRate': '-0.0000057900118386', 'fundingTime': '1749340800000', 'instId': 'BTC-USDT-SWAP', 'instType': 'SWAP', 'method': 'current_period', 'realizedRate': '-0.0000057900118386'}"
2025-06-08 00:00:00,1749340800000,-5.7900118386e-06,BTC/USDT:USDT,"{'formulaType': 'withRate', 'fundingRate': '-0.0000057900118386', 'fundingTime': '1749340800000', 'instId': 'BTC-USDT-SWAP', 'instType': 'SWAP', 'method': 'current_period', 'realizedRate': '-0.0000057900118386'}"
2025-06-08 00:00:00,1749340800000,-5.7900118386e-06,BTC/USDT:USDT,"{'formulaType': 'withRate', 'fundingRate': '-0.0000057900118386', 'fundingTime': '1749340800000', 'instId': 'BTC-USDT-SWAP', 'instType': 'SWAP', 'method': 'current_period', 'realizedRate': '-0.0000057900118386'}"
2025-06-08 00:00:00,1749340800000,-5.7900118386e-06,BTC/USDT:USDT,"{'formulaType': 'withRate', 'fundingRate': '-0.0000057900118386', 'fundingTime': '1749340800000', 'instId': 'BTC-USDT-SWAP', 'instType': 'SWAP', 'method': 'current_period', 'realizedRate': '-0.0000057900118386'}"
2025-06-08 00:00:00,1749340800000,-5.7900118386e-06,BTC/USDT:USDT,"{'formulaType': 'withRate', 'fundingRate': '-0.0000057900118386', 'fundingTime': '1749340800000', 'instId': 'BTC-USDT-SWAP', 'instType': 'SWAP', 'method': 'current_period', 'realizedRate': '-0.0000057900118386'}"
2025-06-08 00:00:00,1749340800000,-5.7900118386e-06,BTC/USDT:USDT,"{'formulaType': 'withRate', 'fundingRate': '-0.0000057900118386', 'fundingTime': '1749340800000', 'instId': 'BTC-USDT-SWAP', 'instType': 'SWAP', 'method': 'current_period', 'realizedRate': '-0.0000057900118386'}"
2025-06-08 00:00:00,1749340800000,-5.7900118386e-06,BTC/USDT:USDT,"{'formulaType': 'withRate', 'fundingRate': '-0.0000057900118386', 'fundingTime': '1749340800000', 'instId': 'BTC-USDT-SWAP', 'instType': 'SWAP', 'method': 'current_period', 'realizedRate': '-0.0000057900118386'}"
2025-06-08 00:00:00,1749340800000,-5.7900118386e-06,BTC/USDT:USDT,"{'formulaType': 'withRate', 'fundingRate': '-0.0000057900118386', 'fundingTime': '1749340800000', 'instId': 'BTC-USDT-SWAP', 'instType': 'SWAP', 'method': 'current_period', 'realizedRate': '-0.0000057900118386'}"
2025-06-08 00:00:00,1749340800000,-5.7900118386e-06,BTC/USDT:USDT,"{'formulaType': 'withRate', 'fundingRate': '-0.0000057900118386', 'fundingTime': '1749340800000', 'instId': 'BTC-USDT-SWAP', 'instType': 'SWAP', 'method': 'current_period', 'realizedRate': '-0.0000057900118386'}"
2025-06-08 00:00:00,1749340800000,-5.7900118386e-06,BTC/USDT:USDT,"{'formulaType': 'withRate', 'fundingRate': '-0.0000057900118386', 'fundingTime': '1749340800000', 'instId': 'BTC-USDT-SWAP', 'instType': 'SWAP', 'method': 'current_period', 'realizedRate': '-0.0000057900118386'}"
2025-06-08 00:00:00,1749340800000,-5.7900118386e-06,BTC/USDT:USDT,"{'formulaType': 'withRate', 'fundingRate': '-0.0000057900118386', 'fundingTime': '1749340800000', 'instId': 'BTC-USDT-SWAP', 'instType': 'SWAP', 'method': 'current_period', 'realizedRate': '-0.0000057900118386'}"
2025-06-08 00:00:00,1749340800000,-5.7900118386e-06,BTC/USDT:USDT,"{'formulaType': 'withRate', 'fundingRate': '-0.0000057900118386', 'fundingTime': '1749340800000', 'instId': 'BTC-USDT-SWAP', 'instType': 'SWAP', 'method': 'current_period', 'realizedRate': '-0.0000057900118386'}"
2025-06-08 00:00:00,1749340800000,-5.7900118386e-06,BTC/USDT:USDT,"{'formulaType': 'withRate', 'fundingRate': '-0.0000057900118386', 'fundingTime': '1749340800000', 'instId': 'BTC-USDT-SWAP', 'instType': 'SWAP', 'method': 'current_period', 'realizedRate': '-0.0000057900118386'}"
2025-06-08 00:00:00,1749340800000,-5.7900118386e-06,BTC/USDT:USDT,"{'formulaType': 'withRate', 'fundingRate': '-0.0000057900118386', 'fundingTime': '1749340800000', 'instId': 'BTC-USDT-SWAP', 'instType': 'SWAP', 'method': 'current_period', 'realizedRate': '-0.0000057900118386'}"
2025-06-08 00:00:00,1749340800000,-5.7900118386e-06,BTC/USDT:USDT,"{'formulaType': 'withRate', 'fundingRate': '-0.0000057900118386', 'fundingTime': '1749340800000', 'instId': 'BTC-USDT-SWAP', 'instType': 'SWAP', 'method': 'current_period', 'realizedRate': '-0.0000057900118386'}"
2025-06-08 00:00:00,1749340800000,-5.7900118386e-06,BTC/USDT:USDT,"{'formulaType': 'withRate', 'fundingRate': '-0.0000057900118386', 'fundingTime': '1749340800000', 'instId': 'BTC-USDT-SWAP', 'instType': 'SWAP', 'method': 'current_period', 'realizedRate': '-0.0000057900118386'}"
2025-06-08 00:00:00,1749340800000,-5.7900118386e-06,BTC/USDT:USDT,"{'formulaType': 'withRate', 'fundingRate': '-0.0000057900118386', 'fundingTime': '1749340800000', 'instId': 'BTC-USDT-SWAP', 'instType': 'SWAP', 'method': 'current_period', 'realizedRate': '-0.0000057900118386'}"
2025-06-08 00:00:00,1749340800000,-5.7900118386e-06,BTC/USDT:USDT,"{'formulaType': 'withRate', 'fundingRate': '-0.0000057900118386', 'fundingTime': '1749340800000', 'instId': 'BTC-USDT-SWAP', 'instType': 'SWAP', 'method': 'current_period', 'realizedRate': '-0.0000057900118386'}"
2025-06-08 00:00:00,1749340800000,-5.7900118386e-06,BTC/USDT:USDT,"{'formulaType': 'withRate', 'fundingRate': '-0.0000057900118386', 'fundingTime': '1749340800000', 'instId': 'BTC-USDT-SWAP', 'instType': 'SWAP', 'method': 'current_period', 'realizedRate': '-0.0000057900118386'}"
2025-06-08 00:00:00,1749340800000,-5.7900118386e-06,BTC/USDT:USDT,"{'formulaType': 'withRate', 'fundingRate': '-0.0000057900118386', 'fundingTime': '1749340800000', 'instId': 'BTC-USDT-SWAP', 'instType': 'SWAP', 'method': 'current_period', 'realizedRate': '-0.0000057900118386'}"
2025-06-08 00:00:00,1749340800000,-5.7900118386e-06,BTC/USDT:USDT,"{'formulaType': 'withRate', 'fundingRate': '-0.0000057900118386', 'fundingTime': '1749340800000', 'instId': 'BTC-USDT-SWAP', 'instType': 'SWAP', 'method': 'current_period', 'realizedRate': '-0.0000057900118386'}"
2025-06-08 00:00:00,1749340800000,-5.7900118386e-06,BTC/USDT:USDT,"{'formulaType': 'withRate', 'fundingRate': '-0.0000057900118386', 'fundingTime': '1749340800000', 'instId': 'BTC-USDT-SWAP', 'instType': 'SWAP', 'method': 'current_period', 'realizedRate': '-0.0000057900118386'}"
2025-06-08 00:00:00,1749340800000,-5.7900118386e-06,BTC/USDT:USDT,"{'formulaType': 'withRate', 'fundingRate': '-0.0000057900118386', 'fundingTime': '1749340800000', 'instId': 'BTC-USDT-SWAP', 'instType': 'SWAP', 'method': 'current_period', 'realizedRate': '-0.0000057900118386'}"
2025-06-08 00:00:00,1749340800000,-5.7900118386e-06,BTC/USDT:USDT,"{'formulaType': 'withRate', 'fundingRate': '-0.0000057900118386', 'fundingTime': '1749340800000', 'instId': 'BTC-USDT-SWAP', 'instType': 'SWAP', 'method': 'current_period', 'realizedRate': '-0.0000057900118386'}"
2025-06-08 00:00:00,1749340800000,-5.7900118386e-06,BTC/USDT:USDT,"{'formulaType': 'withRate', 'fundingRate': '-0.0000057900118386', 'fundingTime': '1749340800000', 'instId': 'BTC-USDT-SWAP', 'instType': 'SWAP', 'method': 'current_period', 'realizedRate': '-0.0000057900118386'}"
2025-06-08 00:00:00,1749340800000,-5.7900118386e-06,BTC/USDT:USDT,"{'formulaType': 'withRate', 'fundingRate': '-0.0000057900118386', 'fundingTime': '1749340800000', 'instId': 'BTC-USDT-SWAP', 'instType': 'SWAP', 'method': 'current_period', 'realizedRate': '-0.0000057900118386'}"
2025-06-08 00:00:00,1749340800000,-5.7900118386e-06,BTC/USDT:USDT,"{'formulaType': 'withRate', 'fundingRate': '-0.0000057900118386', 'fundingTime': '1749340800000', 'instId': 'BTC-USDT-SWAP', 'instType': 'SWAP', 'method': 'current_period', 'realizedRate': '-0.0000057900118386'}"
2025-06-08 00:00:00,1749340800000,-5.7900118386e-06,BTC/USDT:USDT,"{'formulaType': 'withRate', 'fundingRate': '-0.0000057900118386', 'fundingTime': '1749340800000', 'instId': 'BTC-USDT-SWAP', 'instType': 'SWAP', 'method': 'current_period', 'realizedRate': '-0.0000057900118386'}"
2025-06-08 00:00:00,1749340800000,-5.7900118386e-06,BTC/USDT:USDT,"{'formulaType': 'withRate', 'fundingRate': '-0.0000057900118386', 'fundingTime': '1749340800000', 'instId': 'BTC-USDT-SWAP', 'instType': 'SWAP', 'method': 'current_period', 'realizedRate': '-0.0000057900118386'}"
2025-06-08 00:00:00,1749340800000,-5.7900118386e-06,BTC/USDT:USDT,"{'formulaType': 'withRate', 'fundingRate': '-0.0000057900118386', 'fundingTime': '1749340800000', 'instId': 'BTC-USDT-SWAP', 'instType': 'SWAP', 'method': 'current_period', 'realizedRate': '-0.0000057900118386'}"
2025-06-08 00:00:00,1749340800000,-5.7900118386e-06,BTC/USDT:USDT,"{'formulaType': 'withRate', 'fundingRate': '-0.0000057900118386', 'fundingTime': '1749340800000', 'instId': 'BTC-USDT-SWAP', 'instType': 'SWAP', 'method': 'current_period', 'realizedRate': '-0.0000057900118386'}"
2025-06-08 00:00:00,1749340800000,-5.7900118386e-06,BTC/USDT:USDT,"{'formulaType': 'withRate', 'fundingRate': '-0.0000057900118386', 'fundingTime': '1749340800000', 'instId': 'BTC-USDT-SWAP', 'instType': 'SWAP', 'method': 'current_period', 'realizedRate': '-0.0000057900118386'}"
2025-06-08 00:00:00,1749340800000,-5.7900118386e-06,BTC/USDT:USDT,"{'formulaType': 'withRate', 'fundingRate': '-0.0000057900118386', 'fundingTime': '1749340800000', 'instId': 'BTC-USDT-SWAP', 'instType': 'SWAP', 'method': 'current_period', 'realizedRate': '-0.0000057900118386'}"
2025-06-08 00:00:00,1749340800000,-5.7900118386e-06,BTC/USDT:USDT,"{'formulaType': 'withRate', 'fundingRate': '-0.0000057900118386', 'fundingTime': '1749340800000', 'instId': 'BTC-USDT-SWAP', 'instType': 'SWAP', 'method': 'current_period', 'realizedRate': '-0.0000057900118386'}"
2025-06-08 08:00:00,1749369600000,2.49304804827e-05,BTC/USDT:USDT,"{'formulaType': 'withRate', 'fundingRate': '0.0000249304804827', 'fundingTime': '1749369600000', 'instId': 'BTC-USDT-SWAP', 'instType': 'SWAP', 'method': 'current_period', 'realizedRate': '0.0000249304804827'}"
2025-06-08 08:00:00,1749369600000,2.49304804827e-05,BTC/USDT:USDT,"{'formulaType': 'withRate', 'fundingRate': '0.0000249304804827', 'fundingTime': '1749369600000', 'instId': 'BTC-USDT-SWAP', 'instType': 'SWAP', 'method': 'current_period', 'realizedRate': '0.0000249304804827'}"
2025-06-08 08:00:00,1749369600000,2.49304804827e-05,BTC/USDT:USDT,"{'formulaType': 'withRate', 'fundingRate': '0.0000249304804827', 'fundingTime': '1749369600000', 'instId': 'BTC-USDT-SWAP', 'instType': 'SWAP', 'method': 'current_period', 'realizedRate': '0.0000249304804827'}"
2025-06-08 08:00:00,1749369600000,2.49304804827e-05,BTC/USDT:USDT,"{'formulaType': 'withRate', 'fundingRate': '0.0000249304804827', 'fundingTime': '1749369600000', 'instId': 'BTC-USDT-SWAP', 'instType': 'SWAP', 'method': 'current_period', 'realizedRate': '0.0000249304804827'}"
2025-06-08 08:00:00,1749369600000,2.49304804827e-05,BTC/USDT:USDT,"{'formulaType': 'withRate', 'fundingRate': '0.0000249304804827', 'fundingTime': '1749369600000', 'instId': 'BTC-USDT-SWAP', 'instType': 'SWAP', 'method': 'current_period', 'realizedRate': '0.0000249304804827'}"
2025-06-08 08:00:00,1749369600000,2.49304804827e-05,BTC/USDT:USDT,"{'formulaType': 'withRate', 'fundingRate': '0.0000249304804827', 'fundingTime': '1749369600000', 'instId': 'BTC-USDT-SWAP', 'instType': 'SWAP', 'method': 'current_period', 'realizedRate': '0.0000249304804827'}"
2025-06-08 08:00:00,1749369600000,2.49304804827e-05,BTC/USDT:USDT,"{'formulaType': 'withRate', 'fundingRate': '0.0000249304804827', 'fundingTime': '1749369600000', 'instId': 'BTC-USDT-SWAP', 'instType': 'SWAP', 'method': 'current_period', 'realizedRate': '0.0000249304804827'}"
2025-06-08 08:00:00,1749369600000,2.49304804827e-05,BTC/USDT:USDT,"{'formulaType': 'withRate', 'fundingRate': '0.0000249304804827', 'fundingTime': '1749369600000', 'instId': 'BTC-USDT-SWAP', 'instType': 'SWAP', 'method': 'current_period', 'realizedRate': '0.0000249304804827'}"
2025-06-08 08:00:00,1749369600000,2.49304804827e-05,BTC/USDT:USDT,"{'formulaType': 'withRate', 'fundingRate': '0.0000249304804827', 'fundingTime': '1749369600000', 'instId': 'BTC-USDT-SWAP', 'instType': 'SWAP', 'method': 'current_period', 'realizedRate': '0.0000249304804827'}"
2025-06-08 08:00:00,1749369600000,2.49304804827e-05,BTC/USDT:USDT,"{'formulaType': 'withRate', 'fundingRate': '0.0000249304804827', 'fundingTime': '1749369600000', 'instId': 'BTC-USDT-SWAP', 'instType': 'SWAP', 'method': 'current_period', 'realizedRate': '0.0000249304804827'}"
2025-06-08 08:00:00,1749369600000,2.49304804827e-05,BTC/USDT:USDT,"{'formulaType': 'withRate', 'fundingRate': '0.0000249304804827', 'fundingTime': '1749369600000', 'instId': 'BTC-USDT-SWAP', 'instType': 'SWAP', 'method': 'current_period', 'realizedRate': '0.0000249304804827'}"
2025-06-08 08:00:00,1749369600000,2.49304804827e-05,BTC/USDT:USDT,"{'formulaType': 'withRate', 'fundingRate': '0.0000249304804827', 'fundingTime': '1749369600000', 'instId': 'BTC-USDT-SWAP', 'instType': 'SWAP', 'method': 'current_period', 'realizedRate': '0.0000249304804827'}"
2025-06-08 08:00:00,1749369600000,2.49304804827e-05,BTC/USDT:USDT,"{'formulaType': 'withRate', 'fundingRate': '0.0000249304804827', 'fundingTime': '1749369600000', 'instId': 'BTC-USDT-SWAP', 'instType': 'SWAP', 'method': 'current_period', 'realizedRate': '0.0000249304804827'}"
2025-06-08 08:00:00,1749369600000,2.49304804827e-05,BTC/USDT:USDT,"{'formulaType': 'withRate', 'fundingRate': '0.0000249304804827', 'fundingTime': '1749369600000', 'instId': 'BTC-USDT-SWAP', 'instType': 'SWAP', 'method': 'current_period', 'realizedRate': '0.0000249304804827'}"
2025-06-08 08:00:00,1749369600000,2.49304804827e-05,BTC/USDT:USDT,"{'formulaType': 'withRate', 'fundingRate': '0.0000249304804827', 'fundingTime': '1749369600000', 'instId': 'BTC-USDT-SWAP', 'instType': 'SWAP', 'method': 'current_period', 'realizedRate': '0.0000249304804827'}"
2025-06-08 08:00:00,1749369600000,2.49304804827e-05,BTC/USDT:USDT,"{'formulaType': 'withRate', 'fundingRate': '0.0000249304804827', 'fundingTime': '1749369600000', 'instId': 'BTC-USDT-SWAP', 'instType': 'SWAP', 'method': 'current_period', 'realizedRate': '0.0000249304804827'}"
2025-06-08 08:00:00,1749369600000,2.49304804827e-05,BTC/USDT:USDT,"{'formulaType': 'withRate', 'fundingRate': '0.0000249304804827', 'fundingTime': '1749369600000', 'instId': 'BTC-USDT-SWAP', 'instType': 'SWAP', 'method': 'current_period', 'realizedRate': '0.0000249304804827'}"
2025-06-08 08:00:00,1749369600000,2.49304804827e-05,BTC/USDT:USDT,"{'formulaType': 'withRate', 'fundingRate': '0.0000249304804827', 'fundingTime': '1749369600000', 'instId': 'BTC-USDT-SWAP', 'instType': 'SWAP', 'method': 'current_period', 'realizedRate': '0.0000249304804827'}"
2025-06-08 08:00:00,1749369600000,2.49304804827e-05,BTC/USDT:USDT,"{'formulaType': 'withRate', 'fundingRate': '0.0000249304804827', 'fundingTime': '1749369600000', 'instId': 'BTC-USDT-SWAP', 'instType': 'SWAP', 'method': 'current_period', 'realizedRate': '0.0000249304804827'}"
2025-06-08 08:00:00,1749369600000,2.49304804827e-05,BTC/USDT:USDT,"{'formulaType': 'withRate', 'fundingRate': '0.0000249304804827', 'fundingTime': '1749369600000', 'instId': 'BTC-USDT-SWAP', 'instType': 'SWAP', 'method': 'current_period', 'realizedRate': '0.0000249304804827'}"
2025-06-08 08:00:00,1749369600000,2.49304804827e-05,BTC/USDT:USDT,"{'formulaType': 'withRate', 'fundingRate': '0.0000249304804827', 'fundingTime': '1749369600000', 'instId': 'BTC-USDT-SWAP', 'instType': 'SWAP', 'method': 'current_period', 'realizedRate': '0.0000249304804827'}"
2025-06-08 08:00:00,1749369600000,2.49304804827e-05,BTC/USDT:USDT,"{'formulaType': 'withRate', 'fundingRate': '0.0000249304804827', 'fundingTime': '1749369600000', 'instId': 'BTC-USDT-SWAP', 'instType': 'SWAP', 'method': 'current_period', 'realizedRate': '0.0000249304804827'}"
2025-06-08 08:00:00,1749369600000,2.49304804827e-05,BTC/USDT:USDT,"{'formulaType': 'withRate', 'fundingRate': '0.0000249304804827', 'fundingTime': '1749369600000', 'instId': 'BTC-USDT-SWAP', 'instType': 'SWAP', 'method': 'current_period', 'realizedRate': '0.0000249304804827'}"
2025-06-08 08:00:00,1749369600000,2.49304804827e-05,BTC/USDT:USDT,"{'formulaType': 'withRate', 'fundingRate': '0.0000249304804827', 'fundingTime': '1749369600000', 'instId': 'BTC-USDT-SWAP', 'instType': 'SWAP', 'method': 'current_period', 'realizedRate': '0.0000249304804827'}"
2025-06-08 08:00:00,1749369600000,2.49304804827e-05,BTC/USDT:USDT,"{'formulaType': 'withRate', 'fundingRate': '0.0000249304804827', 'fundingTime': '1749369600000', 'instId': 'BTC-USDT-SWAP', 'instType': 'SWAP', 'method': 'current_period', 'realizedRate': '0.0000249304804827'}"
2025-06-08 08:00:00,1749369600000,2.49304804827e-05,BTC/USDT:USDT,"{'formulaType': 'withRate', 'fundingRate': '0.0000249304804827', 'fundingTime': '1749369600000', 'instId': 'BTC-USDT-SWAP', 'instType': 'SWAP', 'method': 'current_period', 'realizedRate': '0.0000249304804827'}"
2025-06-08 08:00:00,1749369600000,2.49304804827e-05,BTC/USDT:USDT,"{'formulaType': 'withRate', 'fundingRate': '0.0000249304804827', 'fundingTime': '1749369600000', 'instId': 'BTC-USDT-SWAP', 'instType': 'SWAP', 'method': 'current_period', 'realizedRate': '0.0000249304804827'}"
2025-06-08 08:00:00,1749369600000,2.49304804827e-05,BTC/USDT:USDT,"{'formulaType': 'withRate', 'fundingRate': '0.0000249304804827', 'fundingTime': '1749369600000', 'instId': 'BTC-USDT-SWAP', 'instType': 'SWAP', 'method': 'current_period', 'realizedRate': '0.0000249304804827'}"
2025-06-08 08:00:00,1749369600000,2.49304804827e-05,BTC/USDT:USDT,"{'formulaType': 'withRate', 'fundingRate': '0.0000249304804827', 'fundingTime': '1749369600000', 'instId': 'BTC-USDT-SWAP', 'instType': 'SWAP', 'method': 'current_period', 'realizedRate': '0.0000249304804827'}"
2025-06-08 08:00:00,1749369600000,2.49304804827e-05,BTC/USDT:USDT,"{'formulaType': 'withRate', 'fundingRate': '0.0000249304804827', 'fundingTime': '1749369600000', 'instId': 'BTC-USDT-SWAP', 'instType': 'SWAP', 'method': 'current_period', 'realizedRate': '0.0000249304804827'}"
2025-06-08 08:00:00,1749369600000,2.49304804827e-05,BTC/USDT:USDT,"{'formulaType': 'withRate', 'fundingRate': '0.0000249304804827', 'fundingTime': '1749369600000', 'instId': 'BTC-USDT-SWAP', 'instType': 'SWAP', 'method': 'current_period', 'realizedRate': '0.0000249304804827'}"
2025-06-08 08:00:00,1749369600000,2.49304804827e-05,BTC/USDT:USDT,"{'formulaType': 'withRate', 'fundingRate': '0.0000249304804827', 'fundingTime': '1749369600000', 'instId': 'BTC-USDT-SWAP', 'instType': 'SWAP', 'method': 'current_period', 'realizedRate': '0.0000249304804827'}"
2025-06-08 08:00:00,1749369600000,2.49304804827e-05,BTC/USDT:USDT,"{'formulaType': 'withRate', 'fundingRate': '0.0000249304804827', 'fundingTime': '1749369600000', 'instId': 'BTC-USDT-SWAP', 'instType': 'SWAP', 'method': 'current_period', 'realizedRate': '0.0000249304804827'}"
2025-06-08 08:00:00,1749369600000,2.49304804827e-05,BTC/USDT:USDT,"{'formulaType': 'withRate', 'fundingRate': '0.0000249304804827', 'fundingTime': '1749369600000', 'instId': 'BTC-USDT-SWAP', 'instType': 'SWAP', 'method': 'current_period', 'realizedRate': '0.0000249304804827'}"
2025-06-08 08:00:00,1749369600000,2.49304804827e-05,BTC/USDT:USDT,"{'formulaType': 'withRate', 'fundingRate': '0.0000249304804827', 'fundingTime': '1749369600000', 'instId': 'BTC-USDT-SWAP', 'instType': 'SWAP', 'method': 'current_period', 'realizedRate': '0.0000249304804827'}"
2025-06-08 08:00:00,1749369600000,2.49304804827e-05,BTC/USDT:USDT,"{'formulaType': 'withRate', 'fundingRate': '0.0000249304804827', 'fundingTime': '1749369600000', 'instId': 'BTC-USDT-SWAP', 'instType': 'SWAP', 'method': 'current_period', 'realizedRate': '0.0000249304804827'}"
2025-06-08 08:00:00,1749369600000,2.49304804827e-05,BTC/USDT:USDT,"{'formulaType': 'withRate', 'fundingRate': '0.0000249304804827', 'fundingTime': '1749369600000', 'instId': 'BTC-USDT-SWAP', 'instType': 'SWAP', 'method': 'current_period', 'realizedRate': '0.0000249304804827'}"
2025-06-08 16:00:00,1749398400000,6.3294660537e-06,BTC/USDT:USDT,"{'formulaType': 'withRate', 'fundingRate': '0.0000063294660537', 'fundingTime': '1749398400000', 'instId': 'BTC-USDT-SWAP', 'instType': 'SWAP', 'method': 'current_period', 'realizedRate': '0.0000063294660537'}"
2025-06-08 16:00:00,1749398400000,6.3294660537e-06,BTC/USDT:USDT,"{'formulaType': 'withRate', 'fundingRate': '0.0000063294660537', 'fundingTime': '1749398400000', 'instId': 'BTC-USDT-SWAP', 'instType': 'SWAP', 'method': 'current_period', 'realizedRate': '0.0000063294660537'}"
2025-06-08 16:00:00,1749398400000,6.3294660537e-06,BTC/USDT:USDT,"{'formulaType': 'withRate', 'fundingRate': '0.0000063294660537', 'fundingTime': '1749398400000', 'instId': 'BTC-USDT-SWAP', 'instType': 'SWAP', 'method': 'current_period', 'realizedRate': '0.0000063294660537'}"
2025-06-08 16:00:00,1749398400000,6.3294660537e-06,BTC/USDT:USDT,"{'formulaType': 'withRate', 'fundingRate': '0.0000063294660537', 'fundingTime': '1749398400000', 'instId': 'BTC-USDT-SWAP', 'instType': 'SWAP', 'method': 'current_period', 'realizedRate': '0.0000063294660537'}"
2025-06-08 16:00:00,1749398400000,6.3294660537e-06,BTC/USDT:USDT,"{'formulaType': 'withRate', 'fundingRate': '0.0000063294660537', 'fundingTime': '1749398400000', 'instId': 'BTC-USDT-SWAP', 'instType': 'SWAP', 'method': 'current_period', 'realizedRate': '0.0000063294660537'}"
2025-06-08 16:00:00,1749398400000,6.3294660537e-06,BTC/USDT:USDT,"{'formulaType': 'withRate', 'fundingRate': '0.0000063294660537', 'fundingTime': '1749398400000', 'instId': 'BTC-USDT-SWAP', 'instType': 'SWAP', 'method': 'current_period', 'realizedRate': '0.0000063294660537'}"
2025-06-08 16:00:00,1749398400000,6.3294660537e-06,BTC/USDT:USDT,"{'formulaType': 'withRate', 'fundingRate': '0.0000063294660537', 'fundingTime': '1749398400000', 'instId': 'BTC-USDT-SWAP', 'instType': 'SWAP', 'method': 'current_period', 'realizedRate': '0.0000063294660537'}"
2025-06-08 16:00:00,1749398400000,6.3294660537e-06,BTC/USDT:USDT,"{'formulaType': 'withRate', 'fundingRate': '0.0000063294660537', 'fundingTime': '1749398400000', 'instId': 'BTC-USDT-SWAP', 'instType': 'SWAP', 'method': 'current_period', 'realizedRate': '0.0000063294660537'}"
2025-06-08 16:00:00,1749398400000,6.3294660537e-06,BTC/USDT:USDT,"{'formulaType': 'withRate', 'fundingRate': '0.0000063294660537', 'fundingTime': '1749398400000', 'instId': 'BTC-USDT-SWAP', 'instType': 'SWAP', 'method': 'current_period', 'realizedRate': '0.0000063294660537'}"
2025-06-08 16:00:00,1749398400000,6.3294660537e-06,BTC/USDT:USDT,"{'formulaType': 'withRate', 'fundingRate': '0.0000063294660537', 'fundingTime': '1749398400000', 'instId': 'BTC-USDT-SWAP', 'instType': 'SWAP', 'method': 'current_period', 'realizedRate': '0.0000063294660537'}"
2025-06-08 16:00:00,1749398400000,6.3294660537e-06,BTC/USDT:USDT,"{'formulaType': 'withRate', 'fundingRate': '0.0000063294660537', 'fundingTime': '1749398400000', 'instId': 'BTC-USDT-SWAP', 'instType': 'SWAP', 'method': 'current_period', 'realizedRate': '0.0000063294660537'}"
2025-06-08 16:00:00,1749398400000,6.3294660537e-06,BTC/USDT:USDT,"{'formulaType': 'withRate', 'fundingRate': '0.0000063294660537', 'fundingTime': '1749398400000', 'instId': 'BTC-USDT-SWAP', 'instType': 'SWAP', 'method': 'current_period', 'realizedRate': '0.0000063294660537'}"
2025-06-08 16:00:00,1749398400000,6.3294660537e-06,BTC/USDT:USDT,"{'formulaType': 'withRate', 'fundingRate': '0.0000063294660537', 'fundingTime': '1749398400000', 'instId': 'BTC-USDT-SWAP', 'instType': 'SWAP', 'method': 'current_period', 'realizedRate': '0.0000063294660537'}"
2025-06-08 16:00:00,1749398400000,6.3294660537e-06,BTC/USDT:USDT,"{'formulaType': 'withRate', 'fundingRate': '0.0000063294660537', 'fundingTime': '1749398400000', 'instId': 'BTC-USDT-SWAP', 'instType': 'SWAP', 'method': 'current_period', 'realizedRate': '0.0000063294660537'}"
2025-06-08 16:00:00,1749398400000,6.3294660537e-06,BTC/USDT:USDT,"{'formulaType': 'withRate', 'fundingRate': '0.0000063294660537', 'fundingTime': '1749398400000', 'instId': 'BTC-USDT-SWAP', 'instType': 'SWAP', 'method': 'current_period', 'realizedRate': '0.0000063294660537'}"
2025-06-08 16:00:00,1749398400000,6.3294660537e-06,BTC/USDT:USDT,"{'formulaType': 'withRate', 'fundingRate': '0.0000063294660537', 'fundingTime': '1749398400000', 'instId': 'BTC-USDT-SWAP', 'instType': 'SWAP', 'method': 'current_period', 'realizedRate': '0.0000063294660537'}"
2025-06-08 16:00:00,1749398400000,6.3294660537e-06,BTC/USDT:USDT,"{'formulaType': 'withRate', 'fundingRate': '0.0000063294660537', 'fundingTime': '1749398400000', 'instId': 'BTC-USDT-SWAP', 'instType': 'SWAP', 'method': 'current_period', 'realizedRate': '0.0000063294660537'}"
2025-06-08 16:00:00,1749398400000,6.3294660537e-06,BTC/USDT:USDT,"{'formulaType': 'withRate', 'fundingRate': '0.0000063294660537', 'fundingTime': '1749398400000', 'instId': 'BTC-USDT-SWAP', 'instType': 'SWAP', 'method': 'current_period', 'realizedRate': '0.0000063294660537'}"
2025-06-08 16:00:00,1749398400000,6.3294660537e-06,BTC/USDT:USDT,"{'formulaType': 'withRate', 'fundingRate': '0.0000063294660537', 'fundingTime': '1749398400000', 'instId': 'BTC-USDT-SWAP', 'instType': 'SWAP', 'method': 'current_period', 'realizedRate': '0.0000063294660537'}"
2025-06-08 16:00:00,1749398400000,6.3294660537e-06,BTC/USDT:USDT,"{'formulaType': 'withRate', 'fundingRate': '0.0000063294660537', 'fundingTime': '1749398400000', 'instId': 'BTC-USDT-SWAP', 'instType': 'SWAP', 'method': 'current_period', 'realizedRate': '0.0000063294660537'}"
2025-06-08 16:00:00,1749398400000,6.3294660537e-06,BTC/USDT:USDT,"{'formulaType': 'withRate', 'fundingRate': '0.0000063294660537', 'fundingTime': '1749398400000', 'instId': 'BTC-USDT-SWAP', 'instType': 'SWAP', 'method': 'current_period', 'realizedRate': '0.0000063294660537'}"
2025-06-08 16:00:00,1749398400000,6.3294660537e-06,BTC/USDT:USDT,"{'formulaType': 'withRate', 'fundingRate': '0.0000063294660537', 'fundingTime': '1749398400000', 'instId': 'BTC-USDT-SWAP', 'instType': 'SWAP', 'method': 'current_period', 'realizedRate': '0.0000063294660537'}"
2025-06-08 16:00:00,1749398400000,6.3294660537e-06,BTC/USDT:USDT,"{'formulaType': 'withRate', 'fundingRate': '0.0000063294660537', 'fundingTime': '1749398400000', 'instId': 'BTC-USDT-SWAP', 'instType': 'SWAP', 'method': 'current_period', 'realizedRate': '0.0000063294660537'}"
2025-06-08 16:00:00,1749398400000,6.3294660537e-06,BTC/USDT:USDT,"{'formulaType': 'withRate', 'fundingRate': '0.0000063294660537', 'fundingTime': '1749398400000', 'instId': 'BTC-USDT-SWAP', 'instType': 'SWAP', 'method': 'current_period', 'realizedRate': '0.0000063294660537'}"
2025-06-08 16:00:00,1749398400000,6.3294660537e-06,BTC/USDT:USDT,"{'formulaType': 'withRate', 'fundingRate': '0.0000063294660537', 'fundingTime': '1749398400000', 'instId': 'BTC-USDT-SWAP', 'instType': 'SWAP', 'method': 'current_period', 'realizedRate': '0.0000063294660537'}"
2025-06-08 16:00:00,1749398400000,6.3294660537e-06,BTC/USDT:USDT,"{'formulaType': 'withRate', 'fundingRate': '0.0000063294660537', 'fundingTime': '1749398400000', 'instId': 'BTC-USDT-SWAP', 'instType': 'SWAP', 'method': 'current_period', 'realizedRate': '0.0000063294660537'}"
2025-06-08 16:00:00,1749398400000,6.3294660537e-06,BTC/USDT:USDT,"{'formulaType': 'withRate', 'fundingRate': '0.0000063294660537', 'fundingTime': '1749398400000', 'instId': 'BTC-USDT-SWAP', 'instType': 'SWAP', 'method': 'current_period', 'realizedRate': '0.0000063294660537'}"
2025-06-08 16:00:00,1749398400000,6.3294660537e-06,BTC/USDT:USDT,"{'formulaType': 'withRate', 'fundingRate': '0.0000063294660537', 'fundingTime': '1749398400000', 'instId': 'BTC-USDT-SWAP', 'instType': 'SWAP', 'method': 'current_period', 'realizedRate': '0.0000063294660537'}"
2025-06-08 16:00:00,1749398400000,6.3294660537e-06,BTC/USDT:USDT,"{'formulaType': 'withRate', 'fundingRate': '0.0000063294660537', 'fundingTime': '1749398400000', 'instId': 'BTC-USDT-SWAP', 'instType': 'SWAP', 'method': 'current_period', 'realizedRate': '0.0000063294660537'}"
2025-06-08 16:00:00,1749398400000,6.3294660537e-06,BTC/USDT:USDT,"{'formulaType': 'withRate', 'fundingRate': '0.0000063294660537', 'fundingTime': '1749398400000', 'instId': 'BTC-USDT-SWAP', 'instType': 'SWAP', 'method': 'current_period', 'realizedRate': '0.0000063294660537'}"
2025-06-08 16:00:00,1749398400000,6.3294660537e-06,BTC/USDT:USDT,"{'formulaType': 'withRate', 'fundingRate': '0.0000063294660537', 'fundingTime': '1749398400000', 'instId': 'BTC-USDT-SWAP', 'instType': 'SWAP', 'method': 'current_period', 'realizedRate': '0.0000063294660537'}"
2025-06-08 16:00:00,1749398400000,6.3294660537e-06,BTC/USDT:USDT,"{'formulaType': 'withRate', 'fundingRate': '0.0000063294660537', 'fundingTime': '1749398400000', 'instId': 'BTC-USDT-SWAP', 'instType': 'SWAP', 'method': 'current_period', 'realizedRate': '0.0000063294660537'}"
2025-06-08 16:00:00,1749398400000,6.3294660537e-06,BTC/USDT:USDT,"{'formulaType': 'withRate', 'fundingRate': '0.0000063294660537', 'fundingTime': '1749398400000', 'instId': 'BTC-USDT-SWAP', 'instType': 'SWAP', 'method': 'current_period', 'realizedRate': '0.0000063294660537'}"
2025-06-08 16:00:00,1749398400000,6.3294660537e-06,BTC/USDT:USDT,"{'formulaType': 'withRate', 'fundingRate': '0.0000063294660537', 'fundingTime': '1749398400000', 'instId': 'BTC-USDT-SWAP', 'instType': 'SWAP', 'method': 'current_period', 'realizedRate': '0.0000063294660537'}"
2025-06-08 16:00:00,1749398400000,6.3294660537e-06,BTC/USDT:USDT,"{'formulaType': 'withRate', 'fundingRate': '0.0000063294660537', 'fundingTime': '1749398400000', 'instId': 'BTC-USDT-SWAP', 'instType': 'SWAP', 'method': 'current_period', 'realizedRate': '0.0000063294660537'}"
2025-06-08 16:00:00,1749398400000,6.3294660537e-06,BTC/USDT:USDT,"{'formulaType': 'withRate', 'fundingRate': '0.0000063294660537', 'fundingTime': '1749398400000', 'instId': 'BTC-USDT-SWAP', 'instType': 'SWAP', 'method': 'current_period', 'realizedRate': '0.0000063294660537'}"
2025-06-08 16:00:00,1749398400000,6.3294660537e-06,BTC/USDT:USDT,"{'formulaType': 'withRate', 'fundingRate': '0.0000063294660537', 'fundingTime': '1749398400000', 'instId': 'BTC-USDT-SWAP', 'instType': 'SWAP', 'method': 'current_period', 'realizedRate': '0.0000063294660537'}"
2025-06-09 00:00:00,1749427200000,3.60755982289e-05,BTC/USDT:USDT,"{'formulaType': 'withRate', 'fundingRate': '0.0000360755982289', 'fundingTime': '1749427200000', 'instId': 'BTC-USDT-SWAP', 'instType': 'SWAP', 'method': 'current_period', 'realizedRate': '0.0000360755982289'}"
2025-06-09 00:00:00,1749427200000,3.60755982289e-05,BTC/USDT:USDT,"{'formulaType': 'withRate', 'fundingRate': '0.0000360755982289', 'fundingTime': '1749427200000', 'instId': 'BTC-USDT-SWAP', 'instType': 'SWAP', 'method': 'current_period', 'realizedRate': '0.0000360755982289'}"
2025-06-09 00:00:00,1749427200000,3.60755982289e-05,BTC/USDT:USDT,"{'formulaType': 'withRate', 'fundingRate': '0.0000360755982289', 'fundingTime': '1749427200000', 'instId': 'BTC-USDT-SWAP', 'instType': 'SWAP', 'method': 'current_period', 'realizedRate': '0.0000360755982289'}"
2025-06-09 00:00:00,1749427200000,3.60755982289e-05,BTC/USDT:USDT,"{'formulaType': 'withRate', 'fundingRate': '0.0000360755982289', 'fundingTime': '1749427200000', 'instId': 'BTC-USDT-SWAP', 'instType': 'SWAP', 'method': 'current_period', 'realizedRate': '0.0000360755982289'}"
2025-06-09 00:00:00,1749427200000,3.60755982289e-05,BTC/USDT:USDT,"{'formulaType': 'withRate', 'fundingRate': '0.0000360755982289', 'fundingTime': '1749427200000', 'instId': 'BTC-USDT-SWAP', 'instType': 'SWAP', 'method': 'current_period', 'realizedRate': '0.0000360755982289'}"
2025-06-09 00:00:00,1749427200000,3.60755982289e-05,BTC/USDT:USDT,"{'formulaType': 'withRate', 'fundingRate': '0.0000360755982289', 'fundingTime': '1749427200000', 'instId': 'BTC-USDT-SWAP', 'instType': 'SWAP', 'method': 'current_period', 'realizedRate': '0.0000360755982289'}"
2025-06-09 00:00:00,1749427200000,3.60755982289e-05,BTC/USDT:USDT,"{'formulaType': 'withRate', 'fundingRate': '0.0000360755982289', 'fundingTime': '1749427200000', 'instId': 'BTC-USDT-SWAP', 'instType': 'SWAP', 'method': 'current_period', 'realizedRate': '0.0000360755982289'}"
2025-06-09 00:00:00,1749427200000,3.60755982289e-05,BTC/USDT:USDT,"{'formulaType': 'withRate', 'fundingRate': '0.0000360755982289', 'fundingTime': '1749427200000', 'instId': 'BTC-USDT-SWAP', 'instType': 'SWAP', 'method': 'current_period', 'realizedRate': '0.0000360755982289'}"
2025-06-09 00:00:00,1749427200000,3.60755982289e-05,BTC/USDT:USDT,"{'formulaType': 'withRate', 'fundingRate': '0.0000360755982289', 'fundingTime': '1749427200000', 'instId': 'BTC-USDT-SWAP', 'instType': 'SWAP', 'method': 'current_period', 'realizedRate': '0.0000360755982289'}"
2025-06-09 00:00:00,1749427200000,3.60755982289e-05,BTC/USDT:USDT,"{'formulaType': 'withRate', 'fundingRate': '0.0000360755982289', 'fundingTime': '1749427200000', 'instId': 'BTC-USDT-SWAP', 'instType': 'SWAP', 'method': 'current_period', 'realizedRate': '0.0000360755982289'}"
2025-06-09 00:00:00,1749427200000,3.60755982289e-05,BTC/USDT:USDT,"{'formulaType': 'withRate', 'fundingRate': '0.0000360755982289', 'fundingTime': '1749427200000', 'instId': 'BTC-USDT-SWAP', 'instType': 'SWAP', 'method': 'current_period', 'realizedRate': '0.0000360755982289'}"
2025-06-09 00:00:00,1749427200000,3.60755982289e-05,BTC/USDT:USDT,"{'formulaType': 'withRate', 'fundingRate': '0.0000360755982289', 'fundingTime': '1749427200000', 'instId': 'BTC-USDT-SWAP', 'instType': 'SWAP', 'method': 'current_period', 'realizedRate': '0.0000360755982289'}"
2025-06-09 00:00:00,1749427200000,3.60755982289e-05,BTC/USDT:USDT,"{'formulaType': 'withRate', 'fundingRate': '0.0000360755982289', 'fundingTime': '1749427200000', 'instId': 'BTC-USDT-SWAP', 'instType': 'SWAP', 'method': 'current_period', 'realizedRate': '0.0000360755982289'}"
2025-06-09 00:00:00,1749427200000,3.60755982289e-05,BTC/USDT:USDT,"{'formulaType': 'withRate', 'fundingRate': '0.0000360755982289', 'fundingTime': '1749427200000', 'instId': 'BTC-USDT-SWAP', 'instType': 'SWAP', 'method': 'current_period', 'realizedRate': '0.0000360755982289'}"
2025-06-09 00:00:00,1749427200000,3.60755982289e-05,BTC/USDT:USDT,"{'formulaType': 'withRate', 'fundingRate': '0.0000360755982289', 'fundingTime': '1749427200000', 'instId': 'BTC-USDT-SWAP', 'instType': 'SWAP', 'method': 'current_period', 'realizedRate': '0.0000360755982289'}"
2025-06-09 00:00:00,1749427200000,3.60755982289e-05,BTC/USDT:USDT,"{'formulaType': 'withRate', 'fundingRate': '0.0000360755982289', 'fundingTime': '1749427200000', 'instId': 'BTC-USDT-SWAP', 'instType': 'SWAP', 'method': 'current_period', 'realizedRate': '0.0000360755982289'}"
2025-06-09 00:00:00,1749427200000,3.60755982289e-05,BTC/USDT:USDT,"{'formulaType': 'withRate', 'fundingRate': '0.0000360755982289', 'fundingTime': '1749427200000', 'instId': 'BTC-USDT-SWAP', 'instType': 'SWAP', 'method': 'current_period', 'realizedRate': '0.0000360755982289'}"
2025-06-09 00:00:00,1749427200000,3.60755982289e-05,BTC/USDT:USDT,"{'formulaType': 'withRate', 'fundingRate': '0.0000360755982289', 'fundingTime': '1749427200000', 'instId': 'BTC-USDT-SWAP', 'instType': 'SWAP', 'method': 'current_period', 'realizedRate': '0.0000360755982289'}"
2025-06-09 00:00:00,1749427200000,3.60755982289e-05,BTC/USDT:USDT,"{'formulaType': 'withRate', 'fundingRate': '0.0000360755982289', 'fundingTime': '1749427200000', 'instId': 'BTC-USDT-SWAP', 'instType': 'SWAP', 'method': 'current_period', 'realizedRate': '0.0000360755982289'}"
2025-06-09 00:00:00,1749427200000,3.60755982289e-05,BTC/USDT:USDT,"{'formulaType': 'withRate', 'fundingRate': '0.0000360755982289', 'fundingTime': '1749427200000', 'instId': 'BTC-USDT-SWAP', 'instType': 'SWAP', 'method': 'current_period', 'realizedRate': '0.0000360755982289'}"
2025-06-09 00:00:00,1749427200000,3.60755982289e-05,BTC/USDT:USDT,"{'formulaType': 'withRate', 'fundingRate': '0.0000360755982289', 'fundingTime': '1749427200000', 'instId': 'BTC-USDT-SWAP', 'instType': 'SWAP', 'method': 'current_period', 'realizedRate': '0.0000360755982289'}"
2025-06-09 00:00:00,1749427200000,3.60755982289e-05,BTC/USDT:USDT,"{'formulaType': 'withRate', 'fundingRate': '0.0000360755982289', 'fundingTime': '1749427200000', 'instId': 'BTC-USDT-SWAP', 'instType': 'SWAP', 'method': 'current_period', 'realizedRate': '0.0000360755982289'}"
2025-06-09 00:00:00,1749427200000,3.60755982289e-05,BTC/USDT:USDT,"{'formulaType': 'withRate', 'fundingRate': '0.0000360755982289', 'fundingTime': '1749427200000', 'instId': 'BTC-USDT-SWAP', 'instType': 'SWAP', 'method': 'current_period', 'realizedRate': '0.0000360755982289'}"
2025-06-09 00:00:00,1749427200000,3.60755982289e-05,BTC/USDT:USDT,"{'formulaType': 'withRate', 'fundingRate': '0.0000360755982289', 'fundingTime': '1749427200000', 'instId': 'BTC-USDT-SWAP', 'instType': 'SWAP', 'method': 'current_period', 'realizedRate': '0.0000360755982289'}"
2025-06-09 00:00:00,1749427200000,3.60755982289e-05,BTC/USDT:USDT,"{'formulaType': 'withRate', 'fundingRate': '0.0000360755982289', 'fundingTime': '1749427200000', 'instId': 'BTC-USDT-SWAP', 'instType': 'SWAP', 'method': 'current_period', 'realizedRate': '0.0000360755982289'}"
2025-06-09 00:00:00,1749427200000,3.60755982289e-05,BTC/USDT:USDT,"{'formulaType': 'withRate', 'fundingRate': '0.0000360755982289', 'fundingTime': '1749427200000', 'instId': 'BTC-USDT-SWAP', 'instType': 'SWAP', 'method': 'current_period', 'realizedRate': '0.0000360755982289'}"
2025-06-09 00:00:00,1749427200000,3.60755982289e-05,BTC/USDT:USDT,"{'formulaType': 'withRate', 'fundingRate': '0.0000360755982289', 'fundingTime': '1749427200000', 'instId': 'BTC-USDT-SWAP', 'instType': 'SWAP', 'method': 'current_period', 'realizedRate': '0.0000360755982289'}"
2025-06-09 00:00:00,1749427200000,3.60755982289e-05,BTC/USDT:USDT,"{'formulaType': 'withRate', 'fundingRate': '0.0000360755982289', 'fundingTime': '1749427200000', 'instId': 'BTC-USDT-SWAP', 'instType': 'SWAP', 'method': 'current_period', 'realizedRate': '0.0000360755982289'}"
2025-06-09 00:00:00,1749427200000,3.60755982289e-05,BTC/USDT:USDT,"{'formulaType': 'withRate', 'fundingRate': '0.0000360755982289', 'fundingTime': '1749427200000', 'instId': 'BTC-USDT-SWAP', 'instType': 'SWAP', 'method': 'current_period', 'realizedRate': '0.0000360755982289'}"
2025-06-09 00:00:00,1749427200000,3.60755982289e-05,BTC/USDT:USDT,"{'formulaType': 'withRate', 'fundingRate': '0.0000360755982289', 'fundingTime': '1749427200000', 'instId': 'BTC-USDT-SWAP', 'instType': 'SWAP', 'method': 'current_period', 'realizedRate': '0.0000360755982289'}"
2025-06-09 00:00:00,1749427200000,3.60755982289e-05,BTC/USDT:USDT,"{'formulaType': 'withRate', 'fundingRate': '0.0000360755982289', 'fundingTime': '1749427200000', 'instId': 'BTC-USDT-SWAP', 'instType': 'SWAP', 'method': 'current_period', 'realizedRate': '0.0000360755982289'}"
2025-06-09 00:00:00,1749427200000,3.60755982289e-05,BTC/USDT:USDT,"{'formulaType': 'withRate', 'fundingRate': '0.0000360755982289', 'fundingTime': '1749427200000', 'instId': 'BTC-USDT-SWAP', 'instType': 'SWAP', 'method': 'current_period', 'realizedRate': '0.0000360755982289'}"
2025-06-09 00:00:00,1749427200000,3.60755982289e-05,BTC/USDT:USDT,"{'formulaType': 'withRate', 'fundingRate': '0.0000360755982289', 'fundingTime': '1749427200000', 'instId': 'BTC-USDT-SWAP', 'instType': 'SWAP', 'method': 'current_period', 'realizedRate': '0.0000360755982289'}"
2025-06-09 00:00:00,1749427200000,3.60755982289e-05,BTC/USDT:USDT,"{'formulaType': 'withRate', 'fundingRate': '0.0000360755982289', 'fundingTime': '1749427200000', 'instId': 'BTC-USDT-SWAP', 'instType': 'SWAP', 'method': 'current_period', 'realizedRate': '0.0000360755982289'}"
2025-06-09 00:00:00,1749427200000,3.60755982289e-05,BTC/USDT:USDT,"{'formulaType': 'withRate', 'fundingRate': '0.0000360755982289', 'fundingTime': '1749427200000', 'instId': 'BTC-USDT-SWAP', 'instType': 'SWAP', 'method': 'current_period', 'realizedRate': '0.0000360755982289'}"
2025-06-09 00:00:00,1749427200000,3.60755982289e-05,BTC/USDT:USDT,"{'formulaType': 'withRate', 'fundingRate': '0.0000360755982289', 'fundingTime': '1749427200000', 'instId': 'BTC-USDT-SWAP', 'instType': 'SWAP', 'method': 'current_period', 'realizedRate': '0.0000360755982289'}"
2025-06-09 00:00:00,1749427200000,3.60755982289e-05,BTC/USDT:USDT,"{'formulaType': 'withRate', 'fundingRate': '0.0000360755982289', 'fundingTime': '1749427200000', 'instId': 'BTC-USDT-SWAP', 'instType': 'SWAP', 'method': 'current_period', 'realizedRate': '0.0000360755982289'}"
2025-06-09 08:00:00,1749456000000,1.07684903325e-05,BTC/USDT:USDT,"{'formulaType': 'withRate', 'fundingRate': '0.0000107684903325', 'fundingTime': '1749456000000', 'instId': 'BTC-USDT-SWAP', 'instType': 'SWAP', 'method': 'current_period', 'realizedRate': '0.0000107684903325'}"
2025-06-09 08:00:00,1749456000000,1.07684903325e-05,BTC/USDT:USDT,"{'formulaType': 'withRate', 'fundingRate': '0.0000107684903325', 'fundingTime': '1749456000000', 'instId': 'BTC-USDT-SWAP', 'instType': 'SWAP', 'method': 'current_period', 'realizedRate': '0.0000107684903325'}"
2025-06-09 08:00:00,1749456000000,1.07684903325e-05,BTC/USDT:USDT,"{'formulaType': 'withRate', 'fundingRate': '0.0000107684903325', 'fundingTime': '1749456000000', 'instId': 'BTC-USDT-SWAP', 'instType': 'SWAP', 'method': 'current_period', 'realizedRate': '0.0000107684903325'}"
2025-06-09 08:00:00,1749456000000,1.07684903325e-05,BTC/USDT:USDT,"{'formulaType': 'withRate', 'fundingRate': '0.0000107684903325', 'fundingTime': '1749456000000', 'instId': 'BTC-USDT-SWAP', 'instType': 'SWAP', 'method': 'current_period', 'realizedRate': '0.0000107684903325'}"
2025-06-09 08:00:00,1749456000000,1.07684903325e-05,BTC/USDT:USDT,"{'formulaType': 'withRate', 'fundingRate': '0.0000107684903325', 'fundingTime': '1749456000000', 'instId': 'BTC-USDT-SWAP', 'instType': 'SWAP', 'method': 'current_period', 'realizedRate': '0.0000107684903325'}"
2025-06-09 08:00:00,1749456000000,1.07684903325e-05,BTC/USDT:USDT,"{'formulaType': 'withRate', 'fundingRate': '0.0000107684903325', 'fundingTime': '1749456000000', 'instId': 'BTC-USDT-SWAP', 'instType': 'SWAP', 'method': 'current_period', 'realizedRate': '0.0000107684903325'}"
2025-06-09 08:00:00,1749456000000,1.07684903325e-05,BTC/USDT:USDT,"{'formulaType': 'withRate', 'fundingRate': '0.0000107684903325', 'fundingTime': '1749456000000', 'instId': 'BTC-USDT-SWAP', 'instType': 'SWAP', 'method': 'current_period', 'realizedRate': '0.0000107684903325'}"
2025-06-09 08:00:00,1749456000000,1.07684903325e-05,BTC/USDT:USDT,"{'formulaType': 'withRate', 'fundingRate': '0.0000107684903325', 'fundingTime': '1749456000000', 'instId': 'BTC-USDT-SWAP', 'instType': 'SWAP', 'method': 'current_period', 'realizedRate': '0.0000107684903325'}"
2025-06-09 08:00:00,1749456000000,1.07684903325e-05,BTC/USDT:USDT,"{'formulaType': 'withRate', 'fundingRate': '0.0000107684903325', 'fundingTime': '1749456000000', 'instId': 'BTC-USDT-SWAP', 'instType': 'SWAP', 'method': 'current_period', 'realizedRate': '0.0000107684903325'}"
2025-06-09 08:00:00,1749456000000,1.07684903325e-05,BTC/USDT:USDT,"{'formulaType': 'withRate', 'fundingRate': '0.0000107684903325', 'fundingTime': '1749456000000', 'instId': 'BTC-USDT-SWAP', 'instType': 'SWAP', 'method': 'current_period', 'realizedRate': '0.0000107684903325'}"
2025-06-09 08:00:00,1749456000000,1.07684903325e-05,BTC/USDT:USDT,"{'formulaType': 'withRate', 'fundingRate': '0.0000107684903325', 'fundingTime': '1749456000000', 'instId': 'BTC-USDT-SWAP', 'instType': 'SWAP', 'method': 'current_period', 'realizedRate': '0.0000107684903325'}"
2025-06-09 08:00:00,1749456000000,1.07684903325e-05,BTC/USDT:USDT,"{'formulaType': 'withRate', 'fundingRate': '0.0000107684903325', 'fundingTime': '1749456000000', 'instId': 'BTC-USDT-SWAP', 'instType': 'SWAP', 'method': 'current_period', 'realizedRate': '0.0000107684903325'}"
2025-06-09 08:00:00,1749456000000,1.07684903325e-05,BTC/USDT:USDT,"{'formulaType': 'withRate', 'fundingRate': '0.0000107684903325', 'fundingTime': '1749456000000', 'instId': 'BTC-USDT-SWAP', 'instType': 'SWAP', 'method': 'current_period', 'realizedRate': '0.0000107684903325'}"
2025-06-09 08:00:00,1749456000000,1.07684903325e-05,BTC/USDT:USDT,"{'formulaType': 'withRate', 'fundingRate': '0.0000107684903325', 'fundingTime': '1749456000000', 'instId': 'BTC-USDT-SWAP', 'instType': 'SWAP', 'method': 'current_period', 'realizedRate': '0.0000107684903325'}"
2025-06-09 08:00:00,1749456000000,1.07684903325e-05,BTC/USDT:USDT,"{'formulaType': 'withRate', 'fundingRate': '0.0000107684903325', 'fundingTime': '1749456000000', 'instId': 'BTC-USDT-SWAP', 'instType': 'SWAP', 'method': 'current_period', 'realizedRate': '0.0000107684903325'}"
2025-06-09 08:00:00,1749456000000,1.07684903325e-05,BTC/USDT:USDT,"{'formulaType': 'withRate', 'fundingRate': '0.0000107684903325', 'fundingTime': '1749456000000', 'instId': 'BTC-USDT-SWAP', 'instType': 'SWAP', 'method': 'current_period', 'realizedRate': '0.0000107684903325'}"
2025-06-09 08:00:00,1749456000000,1.07684903325e-05,BTC/USDT:USDT,"{'formulaType': 'withRate', 'fundingRate': '0.0000107684903325', 'fundingTime': '1749456000000', 'instId': 'BTC-USDT-SWAP', 'instType': 'SWAP', 'method': 'current_period', 'realizedRate': '0.0000107684903325'}"
2025-06-09 08:00:00,1749456000000,1.07684903325e-05,BTC/USDT:USDT,"{'formulaType': 'withRate', 'fundingRate': '0.0000107684903325', 'fundingTime': '1749456000000', 'instId': 'BTC-USDT-SWAP', 'instType': 'SWAP', 'method': 'current_period', 'realizedRate': '0.0000107684903325'}"
2025-06-09 08:00:00,1749456000000,1.07684903325e-05,BTC/USDT:USDT,"{'formulaType': 'withRate', 'fundingRate': '0.0000107684903325', 'fundingTime': '1749456000000', 'instId': 'BTC-USDT-SWAP', 'instType': 'SWAP', 'method': 'current_period', 'realizedRate': '0.0000107684903325'}"
2025-06-09 08:00:00,1749456000000,1.07684903325e-05,BTC/USDT:USDT,"{'formulaType': 'withRate', 'fundingRate': '0.0000107684903325', 'fundingTime': '1749456000000', 'instId': 'BTC-USDT-SWAP', 'instType': 'SWAP', 'method': 'current_period', 'realizedRate': '0.0000107684903325'}"
2025-06-09 08:00:00,1749456000000,1.07684903325e-05,BTC/USDT:USDT,"{'formulaType': 'withRate', 'fundingRate': '0.0000107684903325', 'fundingTime': '1749456000000', 'instId': 'BTC-USDT-SWAP', 'instType': 'SWAP', 'method': 'current_period', 'realizedRate': '0.0000107684903325'}"
2025-06-09 08:00:00,1749456000000,1.07684903325e-05,BTC/USDT:USDT,"{'formulaType': 'withRate', 'fundingRate': '0.0000107684903325', 'fundingTime': '1749456000000', 'instId': 'BTC-USDT-SWAP', 'instType': 'SWAP', 'method': 'current_period', 'realizedRate': '0.0000107684903325'}"
2025-06-09 08:00:00,1749456000000,1.07684903325e-05,BTC/USDT:USDT,"{'formulaType': 'withRate', 'fundingRate': '0.0000107684903325', 'fundingTime': '1749456000000', 'instId': 'BTC-USDT-SWAP', 'instType': 'SWAP', 'method': 'current_period', 'realizedRate': '0.0000107684903325'}"
2025-06-09 08:00:00,1749456000000,1.07684903325e-05,BTC/USDT:USDT,"{'formulaType': 'withRate', 'fundingRate': '0.0000107684903325', 'fundingTime': '1749456000000', 'instId': 'BTC-USDT-SWAP', 'instType': 'SWAP', 'method': 'current_period', 'realizedRate': '0.0000107684903325'}"
2025-06-09 08:00:00,1749456000000,1.07684903325e-05,BTC/USDT:USDT,"{'formulaType': 'withRate', 'fundingRate': '0.0000107684903325', 'fundingTime': '1749456000000', 'instId': 'BTC-USDT-SWAP', 'instType': 'SWAP', 'method': 'current_period', 'realizedRate': '0.0000107684903325'}"
2025-06-09 08:00:00,1749456000000,1.07684903325e-05,BTC/USDT:USDT,"{'formulaType': 'withRate', 'fundingRate': '0.0000107684903325', 'fundingTime': '1749456000000', 'instId': 'BTC-USDT-SWAP', 'instType': 'SWAP', 'method': 'current_period', 'realizedRate': '0.0000107684903325'}"
2025-06-09 08:00:00,1749456000000,1.07684903325e-05,BTC/USDT:USDT,"{'formulaType': 'withRate', 'fundingRate': '0.0000107684903325', 'fundingTime': '1749456000000', 'instId': 'BTC-USDT-SWAP', 'instType': 'SWAP', 'method': 'current_period', 'realizedRate': '0.0000107684903325'}"
2025-06-09 08:00:00,1749456000000,1.07684903325e-05,BTC/USDT:USDT,"{'formulaType': 'withRate', 'fundingRate': '0.0000107684903325', 'fundingTime': '1749456000000', 'instId': 'BTC-USDT-SWAP', 'instType': 'SWAP', 'method': 'current_period', 'realizedRate': '0.0000107684903325'}"
2025-06-09 08:00:00,1749456000000,1.07684903325e-05,BTC/USDT:USDT,"{'formulaType': 'withRate', 'fundingRate': '0.0000107684903325', 'fundingTime': '1749456000000', 'instId': 'BTC-USDT-SWAP', 'instType': 'SWAP', 'method': 'current_period', 'realizedRate': '0.0000107684903325'}"
2025-06-09 08:00:00,1749456000000,1.07684903325e-05,BTC/USDT:USDT,"{'formulaType': 'withRate', 'fundingRate': '0.0000107684903325', 'fundingTime': '1749456000000', 'instId': 'BTC-USDT-SWAP', 'instType': 'SWAP', 'method': 'current_period', 'realizedRate': '0.0000107684903325'}"
2025-06-09 08:00:00,1749456000000,1.07684903325e-05,BTC/USDT:USDT,"{'formulaType': 'withRate', 'fundingRate': '0.0000107684903325', 'fundingTime': '1749456000000', 'instId': 'BTC-USDT-SWAP', 'instType': 'SWAP', 'method': 'current_period', 'realizedRate': '0.0000107684903325'}"
2025-06-09 08:00:00,1749456000000,1.07684903325e-05,BTC/USDT:USDT,"{'formulaType': 'withRate', 'fundingRate': '0.0000107684903325', 'fundingTime': '1749456000000', 'instId': 'BTC-USDT-SWAP', 'instType': 'SWAP', 'method': 'current_period', 'realizedRate': '0.0000107684903325'}"
2025-06-09 08:00:00,1749456000000,1.07684903325e-05,BTC/USDT:USDT,"{'formulaType': 'withRate', 'fundingRate': '0.0000107684903325', 'fundingTime': '1749456000000', 'instId': 'BTC-USDT-SWAP', 'instType': 'SWAP', 'method': 'current_period', 'realizedRate': '0.0000107684903325'}"
2025-06-09 08:00:00,1749456000000,1.07684903325e-05,BTC/USDT:USDT,"{'formulaType': 'withRate', 'fundingRate': '0.0000107684903325', 'fundingTime': '1749456000000', 'instId': 'BTC-USDT-SWAP', 'instType': 'SWAP', 'method': 'current_period', 'realizedRate': '0.0000107684903325'}"
2025-06-09 08:00:00,1749456000000,1.07684903325e-05,BTC/USDT:USDT,"{'formulaType': 'withRate', 'fundingRate': '0.0000107684903325', 'fundingTime': '1749456000000', 'instId': 'BTC-USDT-SWAP', 'instType': 'SWAP', 'method': 'current_period', 'realizedRate': '0.0000107684903325'}"
2025-06-09 08:00:00,1749456000000,1.07684903325e-05,BTC/USDT:USDT,"{'formulaType': 'withRate', 'fundingRate': '0.0000107684903325', 'fundingTime': '1749456000000', 'instId': 'BTC-USDT-SWAP', 'instType': 'SWAP', 'method': 'current_period', 'realizedRate': '0.0000107684903325'}"
2025-06-09 08:00:00,1749456000000,1.07684903325e-05,BTC/USDT:USDT,"{'formulaType': 'withRate', 'fundingRate': '0.0000107684903325', 'fundingTime': '1749456000000', 'instId': 'BTC-USDT-SWAP', 'instType': 'SWAP', 'method': 'current_period', 'realizedRate': '0.0000107684903325'}"
2025-06-09 16:00:00,1749484800000,-1.3836820365e-05,BTC/USDT:USDT,"{'formulaType': 'withRate', 'fundingRate': '-0.000013836820365', 'fundingTime': '1749484800000', 'instId': 'BTC-USDT-SWAP', 'instType': 'SWAP', 'method': 'current_period', 'realizedRate': '-0.000013836820365'}"
2025-06-09 16:00:00,1749484800000,-1.3836820365e-05,BTC/USDT:USDT,"{'formulaType': 'withRate', 'fundingRate': '-0.000013836820365', 'fundingTime': '1749484800000', 'instId': 'BTC-USDT-SWAP', 'instType': 'SWAP', 'method': 'current_period', 'realizedRate': '-0.000013836820365'}"
2025-06-09 16:00:00,1749484800000,-1.3836820365e-05,BTC/USDT:USDT,"{'formulaType': 'withRate', 'fundingRate': '-0.000013836820365', 'fundingTime': '1749484800000', 'instId': 'BTC-USDT-SWAP', 'instType': 'SWAP', 'method': 'current_period', 'realizedRate': '-0.000013836820365'}"
2025-06-09 16:00:00,1749484800000,-1.3836820365e-05,BTC/USDT:USDT,"{'formulaType': 'withRate', 'fundingRate': '-0.000013836820365', 'fundingTime': '1749484800000', 'instId': 'BTC-USDT-SWAP', 'instType': 'SWAP', 'method': 'current_period', 'realizedRate': '-0.000013836820365'}"
2025-06-09 16:00:00,1749484800000,-1.3836820365e-05,BTC/USDT:USDT,"{'formulaType': 'withRate', 'fundingRate': '-0.000013836820365', 'fundingTime': '1749484800000', 'instId': 'BTC-USDT-SWAP', 'instType': 'SWAP', 'method': 'current_period', 'realizedRate': '-0.000013836820365'}"
2025-06-09 16:00:00,1749484800000,-1.3836820365e-05,BTC/USDT:USDT,"{'formulaType': 'withRate', 'fundingRate': '-0.000013836820365', 'fundingTime': '1749484800000', 'instId': 'BTC-USDT-SWAP', 'instType': 'SWAP', 'method': 'current_period', 'realizedRate': '-0.000013836820365'}"
2025-06-09 16:00:00,1749484800000,-1.3836820365e-05,BTC/USDT:USDT,"{'formulaType': 'withRate', 'fundingRate': '-0.000013836820365', 'fundingTime': '1749484800000', 'instId': 'BTC-USDT-SWAP', 'instType': 'SWAP', 'method': 'current_period', 'realizedRate': '-0.000013836820365'}"
2025-06-09 16:00:00,1749484800000,-1.3836820365e-05,BTC/USDT:USDT,"{'formulaType': 'withRate', 'fundingRate': '-0.000013836820365', 'fundingTime': '1749484800000', 'instId': 'BTC-USDT-SWAP', 'instType': 'SWAP', 'method': 'current_period', 'realizedRate': '-0.000013836820365'}"
2025-06-09 16:00:00,1749484800000,-1.3836820365e-05,BTC/USDT:USDT,"{'formulaType': 'withRate', 'fundingRate': '-0.000013836820365', 'fundingTime': '1749484800000', 'instId': 'BTC-USDT-SWAP', 'instType': 'SWAP', 'method': 'current_period', 'realizedRate': '-0.000013836820365'}"
2025-06-09 16:00:00,1749484800000,-1.3836820365e-05,BTC/USDT:USDT,"{'formulaType': 'withRate', 'fundingRate': '-0.000013836820365', 'fundingTime': '1749484800000', 'instId': 'BTC-USDT-SWAP', 'instType': 'SWAP', 'method': 'current_period', 'realizedRate': '-0.000013836820365'}"
2025-06-09 16:00:00,1749484800000,-1.3836820365e-05,BTC/USDT:USDT,"{'formulaType': 'withRate', 'fundingRate': '-0.000013836820365', 'fundingTime': '1749484800000', 'instId': 'BTC-USDT-SWAP', 'instType': 'SWAP', 'method': 'current_period', 'realizedRate': '-0.000013836820365'}"
2025-06-09 16:00:00,1749484800000,-1.3836820365e-05,BTC/USDT:USDT,"{'formulaType': 'withRate', 'fundingRate': '-0.000013836820365', 'fundingTime': '1749484800000', 'instId': 'BTC-USDT-SWAP', 'instType': 'SWAP', 'method': 'current_period', 'realizedRate': '-0.000013836820365'}"
2025-06-09 16:00:00,1749484800000,-1.3836820365e-05,BTC/USDT:USDT,"{'formulaType': 'withRate', 'fundingRate': '-0.000013836820365', 'fundingTime': '1749484800000', 'instId': 'BTC-USDT-SWAP', 'instType': 'SWAP', 'method': 'current_period', 'realizedRate': '-0.000013836820365'}"
2025-06-09 16:00:00,1749484800000,-1.3836820365e-05,BTC/USDT:USDT,"{'formulaType': 'withRate', 'fundingRate': '-0.000013836820365', 'fundingTime': '1749484800000', 'instId': 'BTC-USDT-SWAP', 'instType': 'SWAP', 'method': 'current_period', 'realizedRate': '-0.000013836820365'}"
2025-06-09 16:00:00,1749484800000,-1.3836820365e-05,BTC/USDT:USDT,"{'formulaType': 'withRate', 'fundingRate': '-0.000013836820365', 'fundingTime': '1749484800000', 'instId': 'BTC-USDT-SWAP', 'instType': 'SWAP', 'method': 'current_period', 'realizedRate': '-0.000013836820365'}"
2025-06-09 16:00:00,1749484800000,-1.3836820365e-05,BTC/USDT:USDT,"{'formulaType': 'withRate', 'fundingRate': '-0.000013836820365', 'fundingTime': '1749484800000', 'instId': 'BTC-USDT-SWAP', 'instType': 'SWAP', 'method': 'current_period', 'realizedRate': '-0.000013836820365'}"
2025-06-09 16:00:00,1749484800000,-1.3836820365e-05,BTC/USDT:USDT,"{'formulaType': 'withRate', 'fundingRate': '-0.000013836820365', 'fundingTime': '1749484800000', 'instId': 'BTC-USDT-SWAP', 'instType': 'SWAP', 'method': 'current_period', 'realizedRate': '-0.000013836820365'}"
2025-06-09 16:00:00,1749484800000,-1.3836820365e-05,BTC/USDT:USDT,"{'formulaType': 'withRate', 'fundingRate': '-0.000013836820365', 'fundingTime': '1749484800000', 'instId': 'BTC-USDT-SWAP', 'instType': 'SWAP', 'method': 'current_period', 'realizedRate': '-0.000013836820365'}"
2025-06-09 16:00:00,1749484800000,-1.3836820365e-05,BTC/USDT:USDT,"{'formulaType': 'withRate', 'fundingRate': '-0.000013836820365', 'fundingTime': '1749484800000', 'instId': 'BTC-USDT-SWAP', 'instType': 'SWAP', 'method': 'current_period', 'realizedRate': '-0.000013836820365'}"
2025-06-09 16:00:00,1749484800000,-1.3836820365e-05,BTC/USDT:USDT,"{'formulaType': 'withRate', 'fundingRate': '-0.000013836820365', 'fundingTime': '1749484800000', 'instId': 'BTC-USDT-SWAP', 'instType': 'SWAP', 'method': 'current_period', 'realizedRate': '-0.000013836820365'}"
2025-06-09 16:00:00,1749484800000,-1.3836820365e-05,BTC/USDT:USDT,"{'formulaType': 'withRate', 'fundingRate': '-0.000013836820365', 'fundingTime': '1749484800000', 'instId': 'BTC-USDT-SWAP', 'instType': 'SWAP', 'method': 'current_period', 'realizedRate': '-0.000013836820365'}"
2025-06-09 16:00:00,1749484800000,-1.3836820365e-05,BTC/USDT:USDT,"{'formulaType': 'withRate', 'fundingRate': '-0.000013836820365', 'fundingTime': '1749484800000', 'instId': 'BTC-USDT-SWAP', 'instType': 'SWAP', 'method': 'current_period', 'realizedRate': '-0.000013836820365'}"
2025-06-09 16:00:00,1749484800000,-1.3836820365e-05,BTC/USDT:USDT,"{'formulaType': 'withRate', 'fundingRate': '-0.000013836820365', 'fundingTime': '1749484800000', 'instId': 'BTC-USDT-SWAP', 'instType': 'SWAP', 'method': 'current_period', 'realizedRate': '-0.000013836820365'}"
2025-06-09 16:00:00,1749484800000,-1.3836820365e-05,BTC/USDT:USDT,"{'formulaType': 'withRate', 'fundingRate': '-0.000013836820365', 'fundingTime': '1749484800000', 'instId': 'BTC-USDT-SWAP', 'instType': 'SWAP', 'method': 'current_period', 'realizedRate': '-0.000013836820365'}"
2025-06-09 16:00:00,1749484800000,-1.3836820365e-05,BTC/USDT:USDT,"{'formulaType': 'withRate', 'fundingRate': '-0.000013836820365', 'fundingTime': '1749484800000', 'instId': 'BTC-USDT-SWAP', 'instType': 'SWAP', 'method': 'current_period', 'realizedRate': '-0.000013836820365'}"
2025-06-09 16:00:00,1749484800000,-1.3836820365e-05,BTC/USDT:USDT,"{'formulaType': 'withRate', 'fundingRate': '-0.000013836820365', 'fundingTime': '1749484800000', 'instId': 'BTC-USDT-SWAP', 'instType': 'SWAP', 'method': 'current_period', 'realizedRate': '-0.000013836820365'}"
2025-06-09 16:00:00,1749484800000,-1.3836820365e-05,BTC/USDT:USDT,"{'formulaType': 'withRate', 'fundingRate': '-0.000013836820365', 'fundingTime': '1749484800000', 'instId': 'BTC-USDT-SWAP', 'instType': 'SWAP', 'method': 'current_period', 'realizedRate': '-0.000013836820365'}"
2025-06-09 16:00:00,1749484800000,-1.3836820365e-05,BTC/USDT:USDT,"{'formulaType': 'withRate', 'fundingRate': '-0.000013836820365', 'fundingTime': '1749484800000', 'instId': 'BTC-USDT-SWAP', 'instType': 'SWAP', 'method': 'current_period', 'realizedRate': '-0.000013836820365'}"
2025-06-09 16:00:00,1749484800000,-1.3836820365e-05,BTC/USDT:USDT,"{'formulaType': 'withRate', 'fundingRate': '-0.000013836820365', 'fundingTime': '1749484800000', 'instId': 'BTC-USDT-SWAP', 'instType': 'SWAP', 'method': 'current_period', 'realizedRate': '-0.000013836820365'}"
2025-06-09 16:00:00,1749484800000,-1.3836820365e-05,BTC/USDT:USDT,"{'formulaType': 'withRate', 'fundingRate': '-0.000013836820365', 'fundingTime': '1749484800000', 'instId': 'BTC-USDT-SWAP', 'instType': 'SWAP', 'method': 'current_period', 'realizedRate': '-0.000013836820365'}"
2025-06-09 16:00:00,1749484800000,-1.3836820365e-05,BTC/USDT:USDT,"{'formulaType': 'withRate', 'fundingRate': '-0.000013836820365', 'fundingTime': '1749484800000', 'instId': 'BTC-USDT-SWAP', 'instType': 'SWAP', 'method': 'current_period', 'realizedRate': '-0.000013836820365'}"
2025-06-09 16:00:00,1749484800000,-1.3836820365e-05,BTC/USDT:USDT,"{'formulaType': 'withRate', 'fundingRate': '-0.000013836820365', 'fundingTime': '1749484800000', 'instId': 'BTC-USDT-SWAP', 'instType': 'SWAP', 'method': 'current_period', 'realizedRate': '-0.000013836820365'}"
2025-06-09 16:00:00,1749484800000,-1.3836820365e-05,BTC/USDT:USDT,"{'formulaType': 'withRate', 'fundingRate': '-0.000013836820365', 'fundingTime': '1749484800000', 'instId': 'BTC-USDT-SWAP', 'instType': 'SWAP', 'method': 'current_period', 'realizedRate': '-0.000013836820365'}"
2025-06-09 16:00:00,1749484800000,-1.3836820365e-05,BTC/USDT:USDT,"{'formulaType': 'withRate', 'fundingRate': '-0.000013836820365', 'fundingTime': '1749484800000', 'instId': 'BTC-USDT-SWAP', 'instType': 'SWAP', 'method': 'current_period', 'realizedRate': '-0.000013836820365'}"
2025-06-09 16:00:00,1749484800000,-1.3836820365e-05,BTC/USDT:USDT,"{'formulaType': 'withRate', 'fundingRate': '-0.000013836820365', 'fundingTime': '1749484800000', 'instId': 'BTC-USDT-SWAP', 'instType': 'SWAP', 'method': 'current_period', 'realizedRate': '-0.000013836820365'}"
2025-06-09 16:00:00,1749484800000,-1.3836820365e-05,BTC/USDT:USDT,"{'formulaType': 'withRate', 'fundingRate': '-0.000013836820365', 'fundingTime': '1749484800000', 'instId': 'BTC-USDT-SWAP', 'instType': 'SWAP', 'method': 'current_period', 'realizedRate': '-0.000013836820365'}"
2025-06-09 16:00:00,1749484800000,-1.3836820365e-05,BTC/USDT:USDT,"{'formulaType': 'withRate', 'fundingRate': '-0.000013836820365', 'fundingTime': '1749484800000', 'instId': 'BTC-USDT-SWAP', 'instType': 'SWAP', 'method': 'current_period', 'realizedRate': '-0.000013836820365'}"
2025-06-10 00:00:00,1749513600000,5.22551268937e-05,BTC/USDT:USDT,"{'formulaType': 'withRate', 'fundingRate': '0.0000522551268937', 'fundingTime': '1749513600000', 'instId': 'BTC-USDT-SWAP', 'instType': 'SWAP', 'method': 'current_period', 'realizedRate': '0.0000522551268937'}"
2025-06-10 00:00:00,1749513600000,5.22551268937e-05,BTC/USDT:USDT,"{'formulaType': 'withRate', 'fundingRate': '0.0000522551268937', 'fundingTime': '1749513600000', 'instId': 'BTC-USDT-SWAP', 'instType': 'SWAP', 'method': 'current_period', 'realizedRate': '0.0000522551268937'}"
2025-06-10 00:00:00,1749513600000,5.22551268937e-05,BTC/USDT:USDT,"{'formulaType': 'withRate', 'fundingRate': '0.0000522551268937', 'fundingTime': '1749513600000', 'instId': 'BTC-USDT-SWAP', 'instType': 'SWAP', 'method': 'current_period', 'realizedRate': '0.0000522551268937'}"
2025-06-10 00:00:00,1749513600000,5.22551268937e-05,BTC/USDT:USDT,"{'formulaType': 'withRate', 'fundingRate': '0.0000522551268937', 'fundingTime': '1749513600000', 'instId': 'BTC-USDT-SWAP', 'instType': 'SWAP', 'method': 'current_period', 'realizedRate': '0.0000522551268937'}"
2025-06-10 00:00:00,1749513600000,5.22551268937e-05,BTC/USDT:USDT,"{'formulaType': 'withRate', 'fundingRate': '0.0000522551268937', 'fundingTime': '1749513600000', 'instId': 'BTC-USDT-SWAP', 'instType': 'SWAP', 'method': 'current_period', 'realizedRate': '0.0000522551268937'}"
2025-06-10 00:00:00,1749513600000,5.22551268937e-05,BTC/USDT:USDT,"{'formulaType': 'withRate', 'fundingRate': '0.0000522551268937', 'fundingTime': '1749513600000', 'instId': 'BTC-USDT-SWAP', 'instType': 'SWAP', 'method': 'current_period', 'realizedRate': '0.0000522551268937'}"
2025-06-10 00:00:00,1749513600000,5.22551268937e-05,BTC/USDT:USDT,"{'formulaType': 'withRate', 'fundingRate': '0.0000522551268937', 'fundingTime': '1749513600000', 'instId': 'BTC-USDT-SWAP', 'instType': 'SWAP', 'method': 'current_period', 'realizedRate': '0.0000522551268937'}"
2025-06-10 00:00:00,1749513600000,5.22551268937e-05,BTC/USDT:USDT,"{'formulaType': 'withRate', 'fundingRate': '0.0000522551268937', 'fundingTime': '1749513600000', 'instId': 'BTC-USDT-SWAP', 'instType': 'SWAP', 'method': 'current_period', 'realizedRate': '0.0000522551268937'}"
2025-06-10 00:00:00,1749513600000,5.22551268937e-05,BTC/USDT:USDT,"{'formulaType': 'withRate', 'fundingRate': '0.0000522551268937', 'fundingTime': '1749513600000', 'instId': 'BTC-USDT-SWAP', 'instType': 'SWAP', 'method': 'current_period', 'realizedRate': '0.0000522551268937'}"
2025-06-10 00:00:00,1749513600000,5.22551268937e-05,BTC/USDT:USDT,"{'formulaType': 'withRate', 'fundingRate': '0.0000522551268937', 'fundingTime': '1749513600000', 'instId': 'BTC-USDT-SWAP', 'instType': 'SWAP', 'method': 'current_period', 'realizedRate': '0.0000522551268937'}"
2025-06-10 00:00:00,1749513600000,5.22551268937e-05,BTC/USDT:USDT,"{'formulaType': 'withRate', 'fundingRate': '0.0000522551268937', 'fundingTime': '1749513600000', 'instId': 'BTC-USDT-SWAP', 'instType': 'SWAP', 'method': 'current_period', 'realizedRate': '0.0000522551268937'}"
2025-06-10 00:00:00,1749513600000,5.22551268937e-05,BTC/USDT:USDT,"{'formulaType': 'withRate', 'fundingRate': '0.0000522551268937', 'fundingTime': '1749513600000', 'instId': 'BTC-USDT-SWAP', 'instType': 'SWAP', 'method': 'current_period', 'realizedRate': '0.0000522551268937'}"
2025-06-10 00:00:00,1749513600000,5.22551268937e-05,BTC/USDT:USDT,"{'formulaType': 'withRate', 'fundingRate': '0.0000522551268937', 'fundingTime': '1749513600000', 'instId': 'BTC-USDT-SWAP', 'instType': 'SWAP', 'method': 'current_period', 'realizedRate': '0.0000522551268937'}"
2025-06-10 00:00:00,1749513600000,5.22551268937e-05,BTC/USDT:USDT,"{'formulaType': 'withRate', 'fundingRate': '0.0000522551268937', 'fundingTime': '1749513600000', 'instId': 'BTC-USDT-SWAP', 'instType': 'SWAP', 'method': 'current_period', 'realizedRate': '0.0000522551268937'}"
2025-06-10 00:00:00,1749513600000,5.22551268937e-05,BTC/USDT:USDT,"{'formulaType': 'withRate', 'fundingRate': '0.0000522551268937', 'fundingTime': '1749513600000', 'instId': 'BTC-USDT-SWAP', 'instType': 'SWAP', 'method': 'current_period', 'realizedRate': '0.0000522551268937'}"
2025-06-10 00:00:00,1749513600000,5.22551268937e-05,BTC/USDT:USDT,"{'formulaType': 'withRate', 'fundingRate': '0.0000522551268937', 'fundingTime': '1749513600000', 'instId': 'BTC-USDT-SWAP', 'instType': 'SWAP', 'method': 'current_period', 'realizedRate': '0.0000522551268937'}"
2025-06-10 00:00:00,1749513600000,5.22551268937e-05,BTC/USDT:USDT,"{'formulaType': 'withRate', 'fundingRate': '0.0000522551268937', 'fundingTime': '1749513600000', 'instId': 'BTC-USDT-SWAP', 'instType': 'SWAP', 'method': 'current_period', 'realizedRate': '0.0000522551268937'}"
2025-06-10 00:00:00,1749513600000,5.22551268937e-05,BTC/USDT:USDT,"{'formulaType': 'withRate', 'fundingRate': '0.0000522551268937', 'fundingTime': '1749513600000', 'instId': 'BTC-USDT-SWAP', 'instType': 'SWAP', 'method': 'current_period', 'realizedRate': '0.0000522551268937'}"
2025-06-10 00:00:00,1749513600000,5.22551268937e-05,BTC/USDT:USDT,"{'formulaType': 'withRate', 'fundingRate': '0.0000522551268937', 'fundingTime': '1749513600000', 'instId': 'BTC-USDT-SWAP', 'instType': 'SWAP', 'method': 'current_period', 'realizedRate': '0.0000522551268937'}"
2025-06-10 00:00:00,1749513600000,5.22551268937e-05,BTC/USDT:USDT,"{'formulaType': 'withRate', 'fundingRate': '0.0000522551268937', 'fundingTime': '1749513600000', 'instId': 'BTC-USDT-SWAP', 'instType': 'SWAP', 'method': 'current_period', 'realizedRate': '0.0000522551268937'}"
2025-06-10 00:00:00,1749513600000,5.22551268937e-05,BTC/USDT:USDT,"{'formulaType': 'withRate', 'fundingRate': '0.0000522551268937', 'fundingTime': '1749513600000', 'instId': 'BTC-USDT-SWAP', 'instType': 'SWAP', 'method': 'current_period', 'realizedRate': '0.0000522551268937'}"
2025-06-10 00:00:00,1749513600000,5.22551268937e-05,BTC/USDT:USDT,"{'formulaType': 'withRate', 'fundingRate': '0.0000522551268937', 'fundingTime': '1749513600000', 'instId': 'BTC-USDT-SWAP', 'instType': 'SWAP', 'method': 'current_period', 'realizedRate': '0.0000522551268937'}"
2025-06-10 00:00:00,1749513600000,5.22551268937e-05,BTC/USDT:USDT,"{'formulaType': 'withRate', 'fundingRate': '0.0000522551268937', 'fundingTime': '1749513600000', 'instId': 'BTC-USDT-SWAP', 'instType': 'SWAP', 'method': 'current_period', 'realizedRate': '0.0000522551268937'}"
2025-06-10 00:00:00,1749513600000,5.22551268937e-05,BTC/USDT:USDT,"{'formulaType': 'withRate', 'fundingRate': '0.0000522551268937', 'fundingTime': '1749513600000', 'instId': 'BTC-USDT-SWAP', 'instType': 'SWAP', 'method': 'current_period', 'realizedRate': '0.0000522551268937'}"
2025-06-10 00:00:00,1749513600000,5.22551268937e-05,BTC/USDT:USDT,"{'formulaType': 'withRate', 'fundingRate': '0.0000522551268937', 'fundingTime': '1749513600000', 'instId': 'BTC-USDT-SWAP', 'instType': 'SWAP', 'method': 'current_period', 'realizedRate': '0.0000522551268937'}"
2025-06-10 00:00:00,1749513600000,5.22551268937e-05,BTC/USDT:USDT,"{'formulaType': 'withRate', 'fundingRate': '0.0000522551268937', 'fundingTime': '1749513600000', 'instId': 'BTC-USDT-SWAP', 'instType': 'SWAP', 'method': 'current_period', 'realizedRate': '0.0000522551268937'}"
2025-06-10 00:00:00,1749513600000,5.22551268937e-05,BTC/USDT:USDT,"{'formulaType': 'withRate', 'fundingRate': '0.0000522551268937', 'fundingTime': '1749513600000', 'instId': 'BTC-USDT-SWAP', 'instType': 'SWAP', 'method': 'current_period', 'realizedRate': '0.0000522551268937'}"
2025-06-10 00:00:00,1749513600000,5.22551268937e-05,BTC/USDT:USDT,"{'formulaType': 'withRate', 'fundingRate': '0.0000522551268937', 'fundingTime': '1749513600000', 'instId': 'BTC-USDT-SWAP', 'instType': 'SWAP', 'method': 'current_period', 'realizedRate': '0.0000522551268937'}"
2025-06-10 00:00:00,1749513600000,5.22551268937e-05,BTC/USDT:USDT,"{'formulaType': 'withRate', 'fundingRate': '0.0000522551268937', 'fundingTime': '1749513600000', 'instId': 'BTC-USDT-SWAP', 'instType': 'SWAP', 'method': 'current_period', 'realizedRate': '0.0000522551268937'}"
2025-06-10 00:00:00,1749513600000,5.22551268937e-05,BTC/USDT:USDT,"{'formulaType': 'withRate', 'fundingRate': '0.0000522551268937', 'fundingTime': '1749513600000', 'instId': 'BTC-USDT-SWAP', 'instType': 'SWAP', 'method': 'current_period', 'realizedRate': '0.0000522551268937'}"
2025-06-10 00:00:00,1749513600000,5.22551268937e-05,BTC/USDT:USDT,"{'formulaType': 'withRate', 'fundingRate': '0.0000522551268937', 'fundingTime': '1749513600000', 'instId': 'BTC-USDT-SWAP', 'instType': 'SWAP', 'method': 'current_period', 'realizedRate': '0.0000522551268937'}"
2025-06-10 00:00:00,1749513600000,5.22551268937e-05,BTC/USDT:USDT,"{'formulaType': 'withRate', 'fundingRate': '0.0000522551268937', 'fundingTime': '1749513600000', 'instId': 'BTC-USDT-SWAP', 'instType': 'SWAP', 'method': 'current_period', 'realizedRate': '0.0000522551268937'}"
2025-06-10 00:00:00,1749513600000,5.22551268937e-05,BTC/USDT:USDT,"{'formulaType': 'withRate', 'fundingRate': '0.0000522551268937', 'fundingTime': '1749513600000', 'instId': 'BTC-USDT-SWAP', 'instType': 'SWAP', 'method': 'current_period', 'realizedRate': '0.0000522551268937'}"
2025-06-10 00:00:00,1749513600000,5.22551268937e-05,BTC/USDT:USDT,"{'formulaType': 'withRate', 'fundingRate': '0.0000522551268937', 'fundingTime': '1749513600000', 'instId': 'BTC-USDT-SWAP', 'instType': 'SWAP', 'method': 'current_period', 'realizedRate': '0.0000522551268937'}"
2025-06-10 00:00:00,1749513600000,5.22551268937e-05,BTC/USDT:USDT,"{'formulaType': 'withRate', 'fundingRate': '0.0000522551268937', 'fundingTime': '1749513600000', 'instId': 'BTC-USDT-SWAP', 'instType': 'SWAP', 'method': 'current_period', 'realizedRate': '0.0000522551268937'}"
2025-06-10 00:00:00,1749513600000,5.22551268937e-05,BTC/USDT:USDT,"{'formulaType': 'withRate', 'fundingRate': '0.0000522551268937', 'fundingTime': '1749513600000', 'instId': 'BTC-USDT-SWAP', 'instType': 'SWAP', 'method': 'current_period', 'realizedRate': '0.0000522551268937'}"
2025-06-10 00:00:00,1749513600000,5.22551268937e-05,BTC/USDT:USDT,"{'formulaType': 'withRate', 'fundingRate': '0.0000522551268937', 'fundingTime': '1749513600000', 'instId': 'BTC-USDT-SWAP', 'instType': 'SWAP', 'method': 'current_period', 'realizedRate': '0.0000522551268937'}"
2025-06-10 08:00:00,1749542400000,6.74869404338e-05,BTC/USDT:USDT,"{'formulaType': 'withRate', 'fundingRate': '0.0000674869404338', 'fundingTime': '1749542400000', 'instId': 'BTC-USDT-SWAP', 'instType': 'SWAP', 'method': 'current_period', 'realizedRate': '0.0000674869404338'}"
2025-06-10 08:00:00,1749542400000,6.74869404338e-05,BTC/USDT:USDT,"{'formulaType': 'withRate', 'fundingRate': '0.0000674869404338', 'fundingTime': '1749542400000', 'instId': 'BTC-USDT-SWAP', 'instType': 'SWAP', 'method': 'current_period', 'realizedRate': '0.0000674869404338'}"
2025-06-10 08:00:00,1749542400000,6.74869404338e-05,BTC/USDT:USDT,"{'formulaType': 'withRate', 'fundingRate': '0.0000674869404338', 'fundingTime': '1749542400000', 'instId': 'BTC-USDT-SWAP', 'instType': 'SWAP', 'method': 'current_period', 'realizedRate': '0.0000674869404338'}"
2025-06-10 08:00:00,1749542400000,6.74869404338e-05,BTC/USDT:USDT,"{'formulaType': 'withRate', 'fundingRate': '0.0000674869404338', 'fundingTime': '1749542400000', 'instId': 'BTC-USDT-SWAP', 'instType': 'SWAP', 'method': 'current_period', 'realizedRate': '0.0000674869404338'}"
2025-06-10 08:00:00,1749542400000,6.74869404338e-05,BTC/USDT:USDT,"{'formulaType': 'withRate', 'fundingRate': '0.0000674869404338', 'fundingTime': '1749542400000', 'instId': 'BTC-USDT-SWAP', 'instType': 'SWAP', 'method': 'current_period', 'realizedRate': '0.0000674869404338'}"
2025-06-10 08:00:00,1749542400000,6.74869404338e-05,BTC/USDT:USDT,"{'formulaType': 'withRate', 'fundingRate': '0.0000674869404338', 'fundingTime': '1749542400000', 'instId': 'BTC-USDT-SWAP', 'instType': 'SWAP', 'method': 'current_period', 'realizedRate': '0.0000674869404338'}"
2025-06-10 08:00:00,1749542400000,6.74869404338e-05,BTC/USDT:USDT,"{'formulaType': 'withRate', 'fundingRate': '0.0000674869404338', 'fundingTime': '1749542400000', 'instId': 'BTC-USDT-SWAP', 'instType': 'SWAP', 'method': 'current_period', 'realizedRate': '0.0000674869404338'}"
2025-06-10 08:00:00,1749542400000,6.74869404338e-05,BTC/USDT:USDT,"{'formulaType': 'withRate', 'fundingRate': '0.0000674869404338', 'fundingTime': '1749542400000', 'instId': 'BTC-USDT-SWAP', 'instType': 'SWAP', 'method': 'current_period', 'realizedRate': '0.0000674869404338'}"
2025-06-10 08:00:00,1749542400000,6.74869404338e-05,BTC/USDT:USDT,"{'formulaType': 'withRate', 'fundingRate': '0.0000674869404338', 'fundingTime': '1749542400000', 'instId': 'BTC-USDT-SWAP', 'instType': 'SWAP', 'method': 'current_period', 'realizedRate': '0.0000674869404338'}"
2025-06-10 08:00:00,1749542400000,6.74869404338e-05,BTC/USDT:USDT,"{'formulaType': 'withRate', 'fundingRate': '0.0000674869404338', 'fundingTime': '1749542400000', 'instId': 'BTC-USDT-SWAP', 'instType': 'SWAP', 'method': 'current_period', 'realizedRate': '0.0000674869404338'}"
2025-06-10 08:00:00,1749542400000,6.74869404338e-05,BTC/USDT:USDT,"{'formulaType': 'withRate', 'fundingRate': '0.0000674869404338', 'fundingTime': '1749542400000', 'instId': 'BTC-USDT-SWAP', 'instType': 'SWAP', 'method': 'current_period', 'realizedRate': '0.0000674869404338'}"
2025-06-10 08:00:00,1749542400000,6.74869404338e-05,BTC/USDT:USDT,"{'formulaType': 'withRate', 'fundingRate': '0.0000674869404338', 'fundingTime': '1749542400000', 'instId': 'BTC-USDT-SWAP', 'instType': 'SWAP', 'method': 'current_period', 'realizedRate': '0.0000674869404338'}"
2025-06-10 08:00:00,1749542400000,6.74869404338e-05,BTC/USDT:USDT,"{'formulaType': 'withRate', 'fundingRate': '0.0000674869404338', 'fundingTime': '1749542400000', 'instId': 'BTC-USDT-SWAP', 'instType': 'SWAP', 'method': 'current_period', 'realizedRate': '0.0000674869404338'}"
2025-06-10 08:00:00,1749542400000,6.74869404338e-05,BTC/USDT:USDT,"{'formulaType': 'withRate', 'fundingRate': '0.0000674869404338', 'fundingTime': '1749542400000', 'instId': 'BTC-USDT-SWAP', 'instType': 'SWAP', 'method': 'current_period', 'realizedRate': '0.0000674869404338'}"
2025-06-10 08:00:00,1749542400000,6.74869404338e-05,BTC/USDT:USDT,"{'formulaType': 'withRate', 'fundingRate': '0.0000674869404338', 'fundingTime': '1749542400000', 'instId': 'BTC-USDT-SWAP', 'instType': 'SWAP', 'method': 'current_period', 'realizedRate': '0.0000674869404338'}"
2025-06-10 08:00:00,1749542400000,6.74869404338e-05,BTC/USDT:USDT,"{'formulaType': 'withRate', 'fundingRate': '0.0000674869404338', 'fundingTime': '1749542400000', 'instId': 'BTC-USDT-SWAP', 'instType': 'SWAP', 'method': 'current_period', 'realizedRate': '0.0000674869404338'}"
2025-06-10 08:00:00,1749542400000,6.74869404338e-05,BTC/USDT:USDT,"{'formulaType': 'withRate', 'fundingRate': '0.0000674869404338', 'fundingTime': '1749542400000', 'instId': 'BTC-USDT-SWAP', 'instType': 'SWAP', 'method': 'current_period', 'realizedRate': '0.0000674869404338'}"
2025-06-10 08:00:00,1749542400000,6.74869404338e-05,BTC/USDT:USDT,"{'formulaType': 'withRate', 'fundingRate': '0.0000674869404338', 'fundingTime': '1749542400000', 'instId': 'BTC-USDT-SWAP', 'instType': 'SWAP', 'method': 'current_period', 'realizedRate': '0.0000674869404338'}"
2025-06-10 08:00:00,1749542400000,6.74869404338e-05,BTC/USDT:USDT,"{'formulaType': 'withRate', 'fundingRate': '0.0000674869404338', 'fundingTime': '1749542400000', 'instId': 'BTC-USDT-SWAP', 'instType': 'SWAP', 'method': 'current_period', 'realizedRate': '0.0000674869404338'}"
2025-06-10 08:00:00,1749542400000,6.74869404338e-05,BTC/USDT:USDT,"{'formulaType': 'withRate', 'fundingRate': '0.0000674869404338', 'fundingTime': '1749542400000', 'instId': 'BTC-USDT-SWAP', 'instType': 'SWAP', 'method': 'current_period', 'realizedRate': '0.0000674869404338'}"
2025-06-10 08:00:00,1749542400000,6.74869404338e-05,BTC/USDT:USDT,"{'formulaType': 'withRate', 'fundingRate': '0.0000674869404338', 'fundingTime': '1749542400000', 'instId': 'BTC-USDT-SWAP', 'instType': 'SWAP', 'method': 'current_period', 'realizedRate': '0.0000674869404338'}"
2025-06-10 08:00:00,1749542400000,6.74869404338e-05,BTC/USDT:USDT,"{'formulaType': 'withRate', 'fundingRate': '0.0000674869404338', 'fundingTime': '1749542400000', 'instId': 'BTC-USDT-SWAP', 'instType': 'SWAP', 'method': 'current_period', 'realizedRate': '0.0000674869404338'}"
2025-06-10 08:00:00,1749542400000,6.74869404338e-05,BTC/USDT:USDT,"{'formulaType': 'withRate', 'fundingRate': '0.0000674869404338', 'fundingTime': '1749542400000', 'instId': 'BTC-USDT-SWAP', 'instType': 'SWAP', 'method': 'current_period', 'realizedRate': '0.0000674869404338'}"
2025-06-10 08:00:00,1749542400000,6.74869404338e-05,BTC/USDT:USDT,"{'formulaType': 'withRate', 'fundingRate': '0.0000674869404338', 'fundingTime': '1749542400000', 'instId': 'BTC-USDT-SWAP', 'instType': 'SWAP', 'method': 'current_period', 'realizedRate': '0.0000674869404338'}"
2025-06-10 08:00:00,1749542400000,6.74869404338e-05,BTC/USDT:USDT,"{'formulaType': 'withRate', 'fundingRate': '0.0000674869404338', 'fundingTime': '1749542400000', 'instId': 'BTC-USDT-SWAP', 'instType': 'SWAP', 'method': 'current_period', 'realizedRate': '0.0000674869404338'}"
2025-06-10 08:00:00,1749542400000,6.74869404338e-05,BTC/USDT:USDT,"{'formulaType': 'withRate', 'fundingRate': '0.0000674869404338', 'fundingTime': '1749542400000', 'instId': 'BTC-USDT-SWAP', 'instType': 'SWAP', 'method': 'current_period', 'realizedRate': '0.0000674869404338'}"
2025-06-10 08:00:00,1749542400000,6.74869404338e-05,BTC/USDT:USDT,"{'formulaType': 'withRate', 'fundingRate': '0.0000674869404338', 'fundingTime': '1749542400000', 'instId': 'BTC-USDT-SWAP', 'instType': 'SWAP', 'method': 'current_period', 'realizedRate': '0.0000674869404338'}"
2025-06-10 08:00:00,1749542400000,6.74869404338e-05,BTC/USDT:USDT,"{'formulaType': 'withRate', 'fundingRate': '0.0000674869404338', 'fundingTime': '1749542400000', 'instId': 'BTC-USDT-SWAP', 'instType': 'SWAP', 'method': 'current_period', 'realizedRate': '0.0000674869404338'}"
2025-06-10 08:00:00,1749542400000,6.74869404338e-05,BTC/USDT:USDT,"{'formulaType': 'withRate', 'fundingRate': '0.0000674869404338', 'fundingTime': '1749542400000', 'instId': 'BTC-USDT-SWAP', 'instType': 'SWAP', 'method': 'current_period', 'realizedRate': '0.0000674869404338'}"
2025-06-10 08:00:00,1749542400000,6.74869404338e-05,BTC/USDT:USDT,"{'formulaType': 'withRate', 'fundingRate': '0.0000674869404338', 'fundingTime': '1749542400000', 'instId': 'BTC-USDT-SWAP', 'instType': 'SWAP', 'method': 'current_period', 'realizedRate': '0.0000674869404338'}"
2025-06-10 08:00:00,1749542400000,6.74869404338e-05,BTC/USDT:USDT,"{'formulaType': 'withRate', 'fundingRate': '0.0000674869404338', 'fundingTime': '1749542400000', 'instId': 'BTC-USDT-SWAP', 'instType': 'SWAP', 'method': 'current_period', 'realizedRate': '0.0000674869404338'}"
2025-06-10 08:00:00,1749542400000,6.74869404338e-05,BTC/USDT:USDT,"{'formulaType': 'withRate', 'fundingRate': '0.0000674869404338', 'fundingTime': '1749542400000', 'instId': 'BTC-USDT-SWAP', 'instType': 'SWAP', 'method': 'current_period', 'realizedRate': '0.0000674869404338'}"
2025-06-10 08:00:00,1749542400000,6.74869404338e-05,BTC/USDT:USDT,"{'formulaType': 'withRate', 'fundingRate': '0.0000674869404338', 'fundingTime': '1749542400000', 'instId': 'BTC-USDT-SWAP', 'instType': 'SWAP', 'method': 'current_period', 'realizedRate': '0.0000674869404338'}"
2025-06-10 08:00:00,1749542400000,6.74869404338e-05,BTC/USDT:USDT,"{'formulaType': 'withRate', 'fundingRate': '0.0000674869404338', 'fundingTime': '1749542400000', 'instId': 'BTC-USDT-SWAP', 'instType': 'SWAP', 'method': 'current_period', 'realizedRate': '0.0000674869404338'}"
2025-06-10 08:00:00,1749542400000,6.74869404338e-05,BTC/USDT:USDT,"{'formulaType': 'withRate', 'fundingRate': '0.0000674869404338', 'fundingTime': '1749542400000', 'instId': 'BTC-USDT-SWAP', 'instType': 'SWAP', 'method': 'current_period', 'realizedRate': '0.0000674869404338'}"
2025-06-10 08:00:00,1749542400000,6.74869404338e-05,BTC/USDT:USDT,"{'formulaType': 'withRate', 'fundingRate': '0.0000674869404338', 'fundingTime': '1749542400000', 'instId': 'BTC-USDT-SWAP', 'instType': 'SWAP', 'method': 'current_period', 'realizedRate': '0.0000674869404338'}"
2025-06-10 08:00:00,1749542400000,6.74869404338e-05,BTC/USDT:USDT,"{'formulaType': 'withRate', 'fundingRate': '0.0000674869404338', 'fundingTime': '1749542400000', 'instId': 'BTC-USDT-SWAP', 'instType': 'SWAP', 'method': 'current_period', 'realizedRate': '0.0000674869404338'}"
2025-06-10 16:00:00,1749571200000,7.64005616316e-05,BTC/USDT:USDT,"{'formulaType': 'withRate', 'fundingRate': '0.0000764005616316', 'fundingTime': '1749571200000', 'instId': 'BTC-USDT-SWAP', 'instType': 'SWAP', 'method': 'current_period', 'realizedRate': '0.0000764005616316'}"
2025-06-10 16:00:00,1749571200000,7.64005616316e-05,BTC/USDT:USDT,"{'formulaType': 'withRate', 'fundingRate': '0.0000764005616316', 'fundingTime': '1749571200000', 'instId': 'BTC-USDT-SWAP', 'instType': 'SWAP', 'method': 'current_period', 'realizedRate': '0.0000764005616316'}"
2025-06-10 16:00:00,1749571200000,7.64005616316e-05,BTC/USDT:USDT,"{'formulaType': 'withRate', 'fundingRate': '0.0000764005616316', 'fundingTime': '1749571200000', 'instId': 'BTC-USDT-SWAP', 'instType': 'SWAP', 'method': 'current_period', 'realizedRate': '0.0000764005616316'}"
2025-06-10 16:00:00,1749571200000,7.64005616316e-05,BTC/USDT:USDT,"{'formulaType': 'withRate', 'fundingRate': '0.0000764005616316', 'fundingTime': '1749571200000', 'instId': 'BTC-USDT-SWAP', 'instType': 'SWAP', 'method': 'current_period', 'realizedRate': '0.0000764005616316'}"
2025-06-10 16:00:00,1749571200000,7.64005616316e-05,BTC/USDT:USDT,"{'formulaType': 'withRate', 'fundingRate': '0.0000764005616316', 'fundingTime': '1749571200000', 'instId': 'BTC-USDT-SWAP', 'instType': 'SWAP', 'method': 'current_period', 'realizedRate': '0.0000764005616316'}"
2025-06-10 16:00:00,1749571200000,7.64005616316e-05,BTC/USDT:USDT,"{'formulaType': 'withRate', 'fundingRate': '0.0000764005616316', 'fundingTime': '1749571200000', 'instId': 'BTC-USDT-SWAP', 'instType': 'SWAP', 'method': 'current_period', 'realizedRate': '0.0000764005616316'}"
2025-06-10 16:00:00,1749571200000,7.64005616316e-05,BTC/USDT:USDT,"{'formulaType': 'withRate', 'fundingRate': '0.0000764005616316', 'fundingTime': '1749571200000', 'instId': 'BTC-USDT-SWAP', 'instType': 'SWAP', 'method': 'current_period', 'realizedRate': '0.0000764005616316'}"
2025-06-10 16:00:00,1749571200000,7.64005616316e-05,BTC/USDT:USDT,"{'formulaType': 'withRate', 'fundingRate': '0.0000764005616316', 'fundingTime': '1749571200000', 'instId': 'BTC-USDT-SWAP', 'instType': 'SWAP', 'method': 'current_period', 'realizedRate': '0.0000764005616316'}"
2025-06-10 16:00:00,1749571200000,7.64005616316e-05,BTC/USDT:USDT,"{'formulaType': 'withRate', 'fundingRate': '0.0000764005616316', 'fundingTime': '1749571200000', 'instId': 'BTC-USDT-SWAP', 'instType': 'SWAP', 'method': 'current_period', 'realizedRate': '0.0000764005616316'}"
2025-06-10 16:00:00,1749571200000,7.64005616316e-05,BTC/USDT:USDT,"{'formulaType': 'withRate', 'fundingRate': '0.0000764005616316', 'fundingTime': '1749571200000', 'instId': 'BTC-USDT-SWAP', 'instType': 'SWAP', 'method': 'current_period', 'realizedRate': '0.0000764005616316'}"
2025-06-10 16:00:00,1749571200000,7.64005616316e-05,BTC/USDT:USDT,"{'formulaType': 'withRate', 'fundingRate': '0.0000764005616316', 'fundingTime': '1749571200000', 'instId': 'BTC-USDT-SWAP', 'instType': 'SWAP', 'method': 'current_period', 'realizedRate': '0.0000764005616316'}"
2025-06-10 16:00:00,1749571200000,7.64005616316e-05,BTC/USDT:USDT,"{'formulaType': 'withRate', 'fundingRate': '0.0000764005616316', 'fundingTime': '1749571200000', 'instId': 'BTC-USDT-SWAP', 'instType': 'SWAP', 'method': 'current_period', 'realizedRate': '0.0000764005616316'}"
2025-06-10 16:00:00,1749571200000,7.64005616316e-05,BTC/USDT:USDT,"{'formulaType': 'withRate', 'fundingRate': '0.0000764005616316', 'fundingTime': '1749571200000', 'instId': 'BTC-USDT-SWAP', 'instType': 'SWAP', 'method': 'current_period', 'realizedRate': '0.0000764005616316'}"
2025-06-10 16:00:00,1749571200000,7.64005616316e-05,BTC/USDT:USDT,"{'formulaType': 'withRate', 'fundingRate': '0.0000764005616316', 'fundingTime': '1749571200000', 'instId': 'BTC-USDT-SWAP', 'instType': 'SWAP', 'method': 'current_period', 'realizedRate': '0.0000764005616316'}"
2025-06-10 16:00:00,1749571200000,7.64005616316e-05,BTC/USDT:USDT,"{'formulaType': 'withRate', 'fundingRate': '0.0000764005616316', 'fundingTime': '1749571200000', 'instId': 'BTC-USDT-SWAP', 'instType': 'SWAP', 'method': 'current_period', 'realizedRate': '0.0000764005616316'}"
2025-06-10 16:00:00,1749571200000,7.64005616316e-05,BTC/USDT:USDT,"{'formulaType': 'withRate', 'fundingRate': '0.0000764005616316', 'fundingTime': '1749571200000', 'instId': 'BTC-USDT-SWAP', 'instType': 'SWAP', 'method': 'current_period', 'realizedRate': '0.0000764005616316'}"
2025-06-10 16:00:00,1749571200000,7.64005616316e-05,BTC/USDT:USDT,"{'formulaType': 'withRate', 'fundingRate': '0.0000764005616316', 'fundingTime': '1749571200000', 'instId': 'BTC-USDT-SWAP', 'instType': 'SWAP', 'method': 'current_period', 'realizedRate': '0.0000764005616316'}"
2025-06-10 16:00:00,1749571200000,7.64005616316e-05,BTC/USDT:USDT,"{'formulaType': 'withRate', 'fundingRate': '0.0000764005616316', 'fundingTime': '1749571200000', 'instId': 'BTC-USDT-SWAP', 'instType': 'SWAP', 'method': 'current_period', 'realizedRate': '0.0000764005616316'}"
2025-06-10 16:00:00,1749571200000,7.64005616316e-05,BTC/USDT:USDT,"{'formulaType': 'withRate', 'fundingRate': '0.0000764005616316', 'fundingTime': '1749571200000', 'instId': 'BTC-USDT-SWAP', 'instType': 'SWAP', 'method': 'current_period', 'realizedRate': '0.0000764005616316'}"
2025-06-10 16:00:00,1749571200000,7.64005616316e-05,BTC/USDT:USDT,"{'formulaType': 'withRate', 'fundingRate': '0.0000764005616316', 'fundingTime': '1749571200000', 'instId': 'BTC-USDT-SWAP', 'instType': 'SWAP', 'method': 'current_period', 'realizedRate': '0.0000764005616316'}"
2025-06-10 16:00:00,1749571200000,7.64005616316e-05,BTC/USDT:USDT,"{'formulaType': 'withRate', 'fundingRate': '0.0000764005616316', 'fundingTime': '1749571200000', 'instId': 'BTC-USDT-SWAP', 'instType': 'SWAP', 'method': 'current_period', 'realizedRate': '0.0000764005616316'}"
2025-06-10 16:00:00,1749571200000,7.64005616316e-05,BTC/USDT:USDT,"{'formulaType': 'withRate', 'fundingRate': '0.0000764005616316', 'fundingTime': '1749571200000', 'instId': 'BTC-USDT-SWAP', 'instType': 'SWAP', 'method': 'current_period', 'realizedRate': '0.0000764005616316'}"
2025-06-10 16:00:00,1749571200000,7.64005616316e-05,BTC/USDT:USDT,"{'formulaType': 'withRate', 'fundingRate': '0.0000764005616316', 'fundingTime': '1749571200000', 'instId': 'BTC-USDT-SWAP', 'instType': 'SWAP', 'method': 'current_period', 'realizedRate': '0.0000764005616316'}"
2025-06-10 16:00:00,1749571200000,7.64005616316e-05,BTC/USDT:USDT,"{'formulaType': 'withRate', 'fundingRate': '0.0000764005616316', 'fundingTime': '1749571200000', 'instId': 'BTC-USDT-SWAP', 'instType': 'SWAP', 'method': 'current_period', 'realizedRate': '0.0000764005616316'}"
2025-06-10 16:00:00,1749571200000,7.64005616316e-05,BTC/USDT:USDT,"{'formulaType': 'withRate', 'fundingRate': '0.0000764005616316', 'fundingTime': '1749571200000', 'instId': 'BTC-USDT-SWAP', 'instType': 'SWAP', 'method': 'current_period', 'realizedRate': '0.0000764005616316'}"
2025-06-10 16:00:00,1749571200000,7.64005616316e-05,BTC/USDT:USDT,"{'formulaType': 'withRate', 'fundingRate': '0.0000764005616316', 'fundingTime': '1749571200000', 'instId': 'BTC-USDT-SWAP', 'instType': 'SWAP', 'method': 'current_period', 'realizedRate': '0.0000764005616316'}"
2025-06-10 16:00:00,1749571200000,7.64005616316e-05,BTC/USDT:USDT,"{'formulaType': 'withRate', 'fundingRate': '0.0000764005616316', 'fundingTime': '1749571200000', 'instId': 'BTC-USDT-SWAP', 'instType': 'SWAP', 'method': 'current_period', 'realizedRate': '0.0000764005616316'}"
2025-06-10 16:00:00,1749571200000,7.64005616316e-05,BTC/USDT:USDT,"{'formulaType': 'withRate', 'fundingRate': '0.0000764005616316', 'fundingTime': '1749571200000', 'instId': 'BTC-USDT-SWAP', 'instType': 'SWAP', 'method': 'current_period', 'realizedRate': '0.0000764005616316'}"
2025-06-10 16:00:00,1749571200000,7.64005616316e-05,BTC/USDT:USDT,"{'formulaType': 'withRate', 'fundingRate': '0.0000764005616316', 'fundingTime': '1749571200000', 'instId': 'BTC-USDT-SWAP', 'instType': 'SWAP', 'method': 'current_period', 'realizedRate': '0.0000764005616316'}"
2025-06-10 16:00:00,1749571200000,7.64005616316e-05,BTC/USDT:USDT,"{'formulaType': 'withRate', 'fundingRate': '0.0000764005616316', 'fundingTime': '1749571200000', 'instId': 'BTC-USDT-SWAP', 'instType': 'SWAP', 'method': 'current_period', 'realizedRate': '0.0000764005616316'}"
2025-06-10 16:00:00,1749571200000,7.64005616316e-05,BTC/USDT:USDT,"{'formulaType': 'withRate', 'fundingRate': '0.0000764005616316', 'fundingTime': '1749571200000', 'instId': 'BTC-USDT-SWAP', 'instType': 'SWAP', 'method': 'current_period', 'realizedRate': '0.0000764005616316'}"
2025-06-10 16:00:00,1749571200000,7.64005616316e-05,BTC/USDT:USDT,"{'formulaType': 'withRate', 'fundingRate': '0.0000764005616316', 'fundingTime': '1749571200000', 'instId': 'BTC-USDT-SWAP', 'instType': 'SWAP', 'method': 'current_period', 'realizedRate': '0.0000764005616316'}"
2025-06-10 16:00:00,1749571200000,7.64005616316e-05,BTC/USDT:USDT,"{'formulaType': 'withRate', 'fundingRate': '0.0000764005616316', 'fundingTime': '1749571200000', 'instId': 'BTC-USDT-SWAP', 'instType': 'SWAP', 'method': 'current_period', 'realizedRate': '0.0000764005616316'}"
2025-06-10 16:00:00,1749571200000,7.64005616316e-05,BTC/USDT:USDT,"{'formulaType': 'withRate', 'fundingRate': '0.0000764005616316', 'fundingTime': '1749571200000', 'instId': 'BTC-USDT-SWAP', 'instType': 'SWAP', 'method': 'current_period', 'realizedRate': '0.0000764005616316'}"
2025-06-10 16:00:00,1749571200000,7.64005616316e-05,BTC/USDT:USDT,"{'formulaType': 'withRate', 'fundingRate': '0.0000764005616316', 'fundingTime': '1749571200000', 'instId': 'BTC-USDT-SWAP', 'instType': 'SWAP', 'method': 'current_period', 'realizedRate': '0.0000764005616316'}"
2025-06-10 16:00:00,1749571200000,7.64005616316e-05,BTC/USDT:USDT,"{'formulaType': 'withRate', 'fundingRate': '0.0000764005616316', 'fundingTime': '1749571200000', 'instId': 'BTC-USDT-SWAP', 'instType': 'SWAP', 'method': 'current_period', 'realizedRate': '0.0000764005616316'}"
2025-06-10 16:00:00,1749571200000,7.64005616316e-05,BTC/USDT:USDT,"{'formulaType': 'withRate', 'fundingRate': '0.0000764005616316', 'fundingTime': '1749571200000', 'instId': 'BTC-USDT-SWAP', 'instType': 'SWAP', 'method': 'current_period', 'realizedRate': '0.0000764005616316'}"
2025-06-11 00:00:00,1749600000000,3.16481363033e-05,BTC/USDT:USDT,"{'formulaType': 'withRate', 'fundingRate': '0.0000316481363033', 'fundingTime': '1749600000000', 'instId': 'BTC-USDT-SWAP', 'instType': 'SWAP', 'method': 'current_period', 'realizedRate': '0.0000316481363033'}"
2025-06-11 00:00:00,1749600000000,3.16481363033e-05,BTC/USDT:USDT,"{'formulaType': 'withRate', 'fundingRate': '0.0000316481363033', 'fundingTime': '1749600000000', 'instId': 'BTC-USDT-SWAP', 'instType': 'SWAP', 'method': 'current_period', 'realizedRate': '0.0000316481363033'}"
2025-06-11 00:00:00,1749600000000,3.16481363033e-05,BTC/USDT:USDT,"{'formulaType': 'withRate', 'fundingRate': '0.0000316481363033', 'fundingTime': '1749600000000', 'instId': 'BTC-USDT-SWAP', 'instType': 'SWAP', 'method': 'current_period', 'realizedRate': '0.0000316481363033'}"
2025-06-11 00:00:00,1749600000000,3.16481363033e-05,BTC/USDT:USDT,"{'formulaType': 'withRate', 'fundingRate': '0.0000316481363033', 'fundingTime': '1749600000000', 'instId': 'BTC-USDT-SWAP', 'instType': 'SWAP', 'method': 'current_period', 'realizedRate': '0.0000316481363033'}"
2025-06-11 00:00:00,1749600000000,3.16481363033e-05,BTC/USDT:USDT,"{'formulaType': 'withRate', 'fundingRate': '0.0000316481363033', 'fundingTime': '1749600000000', 'instId': 'BTC-USDT-SWAP', 'instType': 'SWAP', 'method': 'current_period', 'realizedRate': '0.0000316481363033'}"
2025-06-11 00:00:00,1749600000000,3.16481363033e-05,BTC/USDT:USDT,"{'formulaType': 'withRate', 'fundingRate': '0.0000316481363033', 'fundingTime': '1749600000000', 'instId': 'BTC-USDT-SWAP', 'instType': 'SWAP', 'method': 'current_period', 'realizedRate': '0.0000316481363033'}"
2025-06-11 00:00:00,1749600000000,3.16481363033e-05,BTC/USDT:USDT,"{'formulaType': 'withRate', 'fundingRate': '0.0000316481363033', 'fundingTime': '1749600000000', 'instId': 'BTC-USDT-SWAP', 'instType': 'SWAP', 'method': 'current_period', 'realizedRate': '0.0000316481363033'}"
2025-06-11 00:00:00,1749600000000,3.16481363033e-05,BTC/USDT:USDT,"{'formulaType': 'withRate', 'fundingRate': '0.0000316481363033', 'fundingTime': '1749600000000', 'instId': 'BTC-USDT-SWAP', 'instType': 'SWAP', 'method': 'current_period', 'realizedRate': '0.0000316481363033'}"
2025-06-11 00:00:00,1749600000000,3.16481363033e-05,BTC/USDT:USDT,"{'formulaType': 'withRate', 'fundingRate': '0.0000316481363033', 'fundingTime': '1749600000000', 'instId': 'BTC-USDT-SWAP', 'instType': 'SWAP', 'method': 'current_period', 'realizedRate': '0.0000316481363033'}"
2025-06-11 00:00:00,1749600000000,3.16481363033e-05,BTC/USDT:USDT,"{'formulaType': 'withRate', 'fundingRate': '0.0000316481363033', 'fundingTime': '1749600000000', 'instId': 'BTC-USDT-SWAP', 'instType': 'SWAP', 'method': 'current_period', 'realizedRate': '0.0000316481363033'}"
2025-06-11 00:00:00,1749600000000,3.16481363033e-05,BTC/USDT:USDT,"{'formulaType': 'withRate', 'fundingRate': '0.0000316481363033', 'fundingTime': '1749600000000', 'instId': 'BTC-USDT-SWAP', 'instType': 'SWAP', 'method': 'current_period', 'realizedRate': '0.0000316481363033'}"
2025-06-11 00:00:00,1749600000000,3.16481363033e-05,BTC/USDT:USDT,"{'formulaType': 'withRate', 'fundingRate': '0.0000316481363033', 'fundingTime': '1749600000000', 'instId': 'BTC-USDT-SWAP', 'instType': 'SWAP', 'method': 'current_period', 'realizedRate': '0.0000316481363033'}"
2025-06-11 00:00:00,1749600000000,3.16481363033e-05,BTC/USDT:USDT,"{'formulaType': 'withRate', 'fundingRate': '0.0000316481363033', 'fundingTime': '1749600000000', 'instId': 'BTC-USDT-SWAP', 'instType': 'SWAP', 'method': 'current_period', 'realizedRate': '0.0000316481363033'}"
2025-06-11 00:00:00,1749600000000,3.16481363033e-05,BTC/USDT:USDT,"{'formulaType': 'withRate', 'fundingRate': '0.0000316481363033', 'fundingTime': '1749600000000', 'instId': 'BTC-USDT-SWAP', 'instType': 'SWAP', 'method': 'current_period', 'realizedRate': '0.0000316481363033'}"
2025-06-11 00:00:00,1749600000000,3.16481363033e-05,BTC/USDT:USDT,"{'formulaType': 'withRate', 'fundingRate': '0.0000316481363033', 'fundingTime': '1749600000000', 'instId': 'BTC-USDT-SWAP', 'instType': 'SWAP', 'method': 'current_period', 'realizedRate': '0.0000316481363033'}"
2025-06-11 00:00:00,1749600000000,3.16481363033e-05,BTC/USDT:USDT,"{'formulaType': 'withRate', 'fundingRate': '0.0000316481363033', 'fundingTime': '1749600000000', 'instId': 'BTC-USDT-SWAP', 'instType': 'SWAP', 'method': 'current_period', 'realizedRate': '0.0000316481363033'}"
2025-06-11 00:00:00,1749600000000,3.16481363033e-05,BTC/USDT:USDT,"{'formulaType': 'withRate', 'fundingRate': '0.0000316481363033', 'fundingTime': '1749600000000', 'instId': 'BTC-USDT-SWAP', 'instType': 'SWAP', 'method': 'current_period', 'realizedRate': '0.0000316481363033'}"
2025-06-11 00:00:00,1749600000000,3.16481363033e-05,BTC/USDT:USDT,"{'formulaType': 'withRate', 'fundingRate': '0.0000316481363033', 'fundingTime': '1749600000000', 'instId': 'BTC-USDT-SWAP', 'instType': 'SWAP', 'method': 'current_period', 'realizedRate': '0.0000316481363033'}"
2025-06-11 00:00:00,1749600000000,3.16481363033e-05,BTC/USDT:USDT,"{'formulaType': 'withRate', 'fundingRate': '0.0000316481363033', 'fundingTime': '1749600000000', 'instId': 'BTC-USDT-SWAP', 'instType': 'SWAP', 'method': 'current_period', 'realizedRate': '0.0000316481363033'}"
2025-06-11 00:00:00,1749600000000,3.16481363033e-05,BTC/USDT:USDT,"{'formulaType': 'withRate', 'fundingRate': '0.0000316481363033', 'fundingTime': '1749600000000', 'instId': 'BTC-USDT-SWAP', 'instType': 'SWAP', 'method': 'current_period', 'realizedRate': '0.0000316481363033'}"
2025-06-11 00:00:00,1749600000000,3.16481363033e-05,BTC/USDT:USDT,"{'formulaType': 'withRate', 'fundingRate': '0.0000316481363033', 'fundingTime': '1749600000000', 'instId': 'BTC-USDT-SWAP', 'instType': 'SWAP', 'method': 'current_period', 'realizedRate': '0.0000316481363033'}"
2025-06-11 00:00:00,1749600000000,3.16481363033e-05,BTC/USDT:USDT,"{'formulaType': 'withRate', 'fundingRate': '0.0000316481363033', 'fundingTime': '1749600000000', 'instId': 'BTC-USDT-SWAP', 'instType': 'SWAP', 'method': 'current_period', 'realizedRate': '0.0000316481363033'}"
2025-06-11 00:00:00,1749600000000,3.16481363033e-05,BTC/USDT:USDT,"{'formulaType': 'withRate', 'fundingRate': '0.0000316481363033', 'fundingTime': '1749600000000', 'instId': 'BTC-USDT-SWAP', 'instType': 'SWAP', 'method': 'current_period', 'realizedRate': '0.0000316481363033'}"
2025-06-11 00:00:00,1749600000000,3.16481363033e-05,BTC/USDT:USDT,"{'formulaType': 'withRate', 'fundingRate': '0.0000316481363033', 'fundingTime': '1749600000000', 'instId': 'BTC-USDT-SWAP', 'instType': 'SWAP', 'method': 'current_period', 'realizedRate': '0.0000316481363033'}"
2025-06-11 00:00:00,1749600000000,3.16481363033e-05,BTC/USDT:USDT,"{'formulaType': 'withRate', 'fundingRate': '0.0000316481363033', 'fundingTime': '1749600000000', 'instId': 'BTC-USDT-SWAP', 'instType': 'SWAP', 'method': 'current_period', 'realizedRate': '0.0000316481363033'}"
2025-06-11 00:00:00,1749600000000,3.16481363033e-05,BTC/USDT:USDT,"{'formulaType': 'withRate', 'fundingRate': '0.0000316481363033', 'fundingTime': '1749600000000', 'instId': 'BTC-USDT-SWAP', 'instType': 'SWAP', 'method': 'current_period', 'realizedRate': '0.0000316481363033'}"
2025-06-11 00:00:00,1749600000000,3.16481363033e-05,BTC/USDT:USDT,"{'formulaType': 'withRate', 'fundingRate': '0.0000316481363033', 'fundingTime': '1749600000000', 'instId': 'BTC-USDT-SWAP', 'instType': 'SWAP', 'method': 'current_period', 'realizedRate': '0.0000316481363033'}"
2025-06-11 00:00:00,1749600000000,3.16481363033e-05,BTC/USDT:USDT,"{'formulaType': 'withRate', 'fundingRate': '0.0000316481363033', 'fundingTime': '1749600000000', 'instId': 'BTC-USDT-SWAP', 'instType': 'SWAP', 'method': 'current_period', 'realizedRate': '0.0000316481363033'}"
2025-06-11 00:00:00,1749600000000,3.16481363033e-05,BTC/USDT:USDT,"{'formulaType': 'withRate', 'fundingRate': '0.0000316481363033', 'fundingTime': '1749600000000', 'instId': 'BTC-USDT-SWAP', 'instType': 'SWAP', 'method': 'current_period', 'realizedRate': '0.0000316481363033'}"
2025-06-11 00:00:00,1749600000000,3.16481363033e-05,BTC/USDT:USDT,"{'formulaType': 'withRate', 'fundingRate': '0.0000316481363033', 'fundingTime': '1749600000000', 'instId': 'BTC-USDT-SWAP', 'instType': 'SWAP', 'method': 'current_period', 'realizedRate': '0.0000316481363033'}"
2025-06-11 00:00:00,1749600000000,3.16481363033e-05,BTC/USDT:USDT,"{'formulaType': 'withRate', 'fundingRate': '0.0000316481363033', 'fundingTime': '1749600000000', 'instId': 'BTC-USDT-SWAP', 'instType': 'SWAP', 'method': 'current_period', 'realizedRate': '0.0000316481363033'}"
2025-06-11 00:00:00,1749600000000,3.16481363033e-05,BTC/USDT:USDT,"{'formulaType': 'withRate', 'fundingRate': '0.0000316481363033', 'fundingTime': '1749600000000', 'instId': 'BTC-USDT-SWAP', 'instType': 'SWAP', 'method': 'current_period', 'realizedRate': '0.0000316481363033'}"
2025-06-11 00:00:00,1749600000000,3.16481363033e-05,BTC/USDT:USDT,"{'formulaType': 'withRate', 'fundingRate': '0.0000316481363033', 'fundingTime': '1749600000000', 'instId': 'BTC-USDT-SWAP', 'instType': 'SWAP', 'method': 'current_period', 'realizedRate': '0.0000316481363033'}"
2025-06-11 00:00:00,1749600000000,3.16481363033e-05,BTC/USDT:USDT,"{'formulaType': 'withRate', 'fundingRate': '0.0000316481363033', 'fundingTime': '1749600000000', 'instId': 'BTC-USDT-SWAP', 'instType': 'SWAP', 'method': 'current_period', 'realizedRate': '0.0000316481363033'}"
2025-06-11 00:00:00,1749600000000,3.16481363033e-05,BTC/USDT:USDT,"{'formulaType': 'withRate', 'fundingRate': '0.0000316481363033', 'fundingTime': '1749600000000', 'instId': 'BTC-USDT-SWAP', 'instType': 'SWAP', 'method': 'current_period', 'realizedRate': '0.0000316481363033'}"
2025-06-11 00:00:00,1749600000000,3.16481363033e-05,BTC/USDT:USDT,"{'formulaType': 'withRate', 'fundingRate': '0.0000316481363033', 'fundingTime': '1749600000000', 'instId': 'BTC-USDT-SWAP', 'instType': 'SWAP', 'method': 'current_period', 'realizedRate': '0.0000316481363033'}"
2025-06-11 00:00:00,1749600000000,3.16481363033e-05,BTC/USDT:USDT,"{'formulaType': 'withRate', 'fundingRate': '0.0000316481363033', 'fundingTime': '1749600000000', 'instId': 'BTC-USDT-SWAP', 'instType': 'SWAP', 'method': 'current_period', 'realizedRate': '0.0000316481363033'}"
